season,week,game_id,group,team,side,win,six_score,rush_share,close_run,close_drop,close_share,close_style,reason,close_weighted_score
2024,2,401635534,P4,Syracuse,home,1,2,0.4285714285714285,18,26,0.4090909090909091,Pass majority,,2.0
2024,2,401635534,P4,Georgia Tech,away,0,3,0.603448275862069,37,26,0.5873015873015873,Run majority,,3.0
2024,2,401628347,P4,Michigan,home,0,3,0.5573770491803278,16,17,0.4848484848484848,Pass majority,,2.9696969696969697
2024,2,401628347,P4,Texas,away,1,2,0.5540540540540541,9,14,,Missing,Fewer than 30 prior close-score plays,
2024,2,401628340,P4,Kentucky,home,0,4,0.5714285714285714,14,10,,Missing,Fewer than 30 prior close-score plays,
2024,2,401628340,P4,South Carolina,away,1,2,0.7088607594936709,39,21,0.65,Run majority,,2.0
2024,2,401628465,P4,Maryland,home,0,5,0.5542168674698795,9,6,,Missing,Fewer than 30 prior close-score plays,
2024,2,401628465,P4,Michigan State,away,1,1,0.6065573770491803,13,12,,Missing,Fewer than 30 prior close-score plays,
2024,2,401643781,G6,Ohio,home,1,4,0.5652173913043478,21,17,0.5526315789473685,Run majority,,4.0
2024,2,401643781,G6,South Alabama,away,0,1,0.4024390243902439,17,22,0.4358974358974359,Pass majority,,1.0
2024,2,401643708,G6,Nevada,home,0,6,0.6111111111111112,62,26,0.7045454545454546,Run majority,,6.0
2024,2,401643708,G6,Georgia Southern,away,1,0,0.4117647058823529,8,19,,Missing,Fewer than 30 prior close-score plays,
2024,2,401628345,P4,Oklahoma,home,1,6,0.5538461538461539,7,5,,Missing,Fewer than 30 prior close-score plays,
2024,2,401628345,P4,Houston,away,0,0,0.40625,4,8,,Missing,Fewer than 30 prior close-score plays,
2024,3,401636864,P4,Kansas State,home,1,4,0.5892857142857143,13,12,,Missing,Fewer than 30 prior close-score plays,
2024,3,401636864,P4,Arizona,away,0,2,0.4561403508771929,9,20,,Missing,Fewer than 30 prior close-score plays,
2024,3,401628359,P4,South Carolina,home,0,4,0.7054263565891473,57,33,0.6333333333333333,Run majority,,3.733333333333333
2024,3,401628359,P4,LSU,away,1,2,0.390625,20,27,0.425531914893617,Pass majority,,1.851063829787234
2024,3,401628350,P4,Wisconsin,home,0,2,0.5609756097560976,26,25,0.5098039215686274,Run majority,,2.0
2024,3,401628350,P4,Alabama,away,1,4,0.6691729323308271,32,27,0.5423728813559322,Run majority,,4.0
2024,3,401628357,P4,Missouri,home,1,3,0.4939759036144578,9,12,,Missing,Fewer than 30 prior close-score plays,
2024,3,401628357,P4,Boston College,away,0,3,0.7647058823529411,26,13,0.6666666666666666,Run majority,,3.333333333333333
2024,3,401643786,G6,Temple,home,0,1,0.4409448818897638,9,6,,Missing,Fewer than 30 prior close-score plays,
2024,3,401643786,G6,Coastal Carolina,away,1,5,0.7402597402597403,13,7,,Missing,Fewer than 30 prior close-score plays,
2024,3,401635547,P4,Pittsburgh,home,1,6,0.436241610738255,19,24,0.4418604651162791,Pass majority,,6.0
2024,3,401635547,P4,West Virginia,away,0,0,0.5606060606060606,13,9,,Missing,Fewer than 30 prior close-score plays,
2024,3,401628353,P4,Florida,home,0,5,0.5185185185185185,8,11,,Missing,Fewer than 30 prior close-score plays,
2024,3,401628353,P4,Texas A&M,away,1,1,0.5588235294117647,24,19,0.5581395348837209,Run majority,,1.0
2024,3,401643785,G6,East Carolina,home,0,5,0.5730337078651685,36,30,0.5454545454545454,Run majority,,5.0
2024,3,401643785,G6,App State,away,1,0,0.3857142857142857,1,5,,Missing,Fewer than 30 prior close-score plays,
2024,3,401640990,G6,Liberty,home,1,6,0.546875,10,11,,Missing,Fewer than 30 prior close-score plays,
2024,3,401640990,G6,UTEP,away,0,0,0.48,3,6,,Missing,Fewer than 30 prior close-score plays,
2024,3,401640980,G6,Florida Atlantic,home,1,3,0.5079365079365079,14,13,,Missing,Fewer than 30 prior close-score plays,
2024,3,401640980,G6,Florida International,away,0,3,0.5727272727272728,14,11,,Missing,Fewer than 30 prior close-score plays,
2024,3,401628355,P4,Wake Forest,home,0,1,0.4819277108433735,22,23,0.4888888888888889,Pass majority,,1.0
2024,3,401628355,P4,Ole Miss,away,1,5,0.5753424657534246,7,4,,Missing,Fewer than 30 prior close-score plays,
2024,3,401640999,G6,Eastern Michigan,home,1,3,0.5669291338582677,36,31,0.5373134328358209,Run majority,,3.0
2024,3,401640999,G6,Jacksonville State,away,0,3,0.5299145299145299,9,8,,Missing,Fewer than 30 prior close-score plays,
2024,3,401641017,G6,San José State,home,1,6,0.5074626865671642,18,24,0.4285714285714285,Pass majority,,6.0
2024,3,401641017,G6,Kennesaw State,away,0,0,0.6495726495726496,27,11,0.7105263157894737,Run majority,,0.0
2024,3,401641024,G6,Middle Tennessee,home,0,3,0.3846153846153846,1,2,,Missing,Fewer than 30 prior close-score plays,
2024,3,401641024,G6,Western Kentucky,away,1,3,0.4029850746268656,5,10,,Missing,Fewer than 30 prior close-score plays,
2024,3,401643789,G6,Southern Miss,home,0,2,0.3870967741935484,7,12,,Missing,Fewer than 30 prior close-score plays,
2024,3,401643789,G6,South Florida,away,1,4,0.5609756097560976,28,24,0.5384615384615384,Run majority,,4.076923076923077
2024,3,401641040,G6,Sam Houston,home,1,2,0.5984251968503937,2,5,,Missing,Fewer than 30 prior close-score plays,
2024,3,401641040,G6,Hawai'i,away,0,4,0.4,13,28,0.3170731707317073,Pass majority,,4.0
2024,3,401628476,P4,UCLA,home,0,2,0.3448275862068966,11,22,0.3333333333333333,Pass majority,,2.0
2024,3,401628476,P4,Indiana,away,1,3,0.6153846153846154,10,9,,Missing,Fewer than 30 prior close-score plays,
2024,3,401636866,P4,TCU,home,0,3,0.4473684210526316,20,29,0.4081632653061224,Pass majority,,3.183673469387755
2024,3,401636866,P4,UCF,away,1,3,0.7702702702702703,17,5,,Missing,Fewer than 30 prior close-score plays,
2024,3,401628354,P4,Kentucky,home,0,2,0.6666666666666666,29,20,0.5918367346938775,Run majority,,2.0
2024,3,401628354,P4,Georgia,away,1,4,0.45,11,22,0.3333333333333333,Pass majority,,4.0
2024,3,401628478,P4,Virginia,home,0,1,0.3943661971830985,8,11,,Missing,Fewer than 30 prior close-score plays,
2024,3,401628478,P4,Maryland,away,1,5,0.5202702702702703,32,31,0.5079365079365079,Run majority,,5.0
2024,3,401641033,G6,Fresno State,home,1,3,0.3793103448275862,11,17,,Missing,Fewer than 30 prior close-score plays,
2024,3,401641033,G6,New Mexico State,away,0,2,0.6615384615384615,21,13,0.6176470588235294,Run majority,,2.235294117647059
2024,4,401643790,G6,App State,home,0,2,0.4117647058823529,20,25,0.4444444444444444,Pass majority,,2.0
2024,4,401643790,G6,South Alabama,away,1,4,0.410958904109589,30,37,0.4477611940298507,Pass majority,,4.0
2024,4,401634766,P4,Syracuse,home,0,2,0.4189189189189189,36,62,0.3673469387755102,Pass majority,,2.26530612244898
2024,4,401634766,P4,Stanford,away,1,4,0.5068493150684932,23,19,0.5476190476190477,Run majority,,4.095238095238095
2024,4,401628485,P4,Nebraska,home,0,4,0.5540540540540541,21,20,0.5121951219512195,Run majority,,4.0
2024,4,401628485,P4,Illinois,away,1,2,0.5384615384615384,30,34,0.46875,Pass majority,,2.0
2024,4,401643714,G6,Washington State,home,1,3,0.5891472868217055,27,34,0.4426229508196721,Pass majority,,2.8852459016393444
2024,4,401643714,G6,San José State,away,0,3,0.4503816793893129,23,47,0.3285714285714285,Pass majority,,3.342857142857143
2024,4,401645328,G6,Army,home,1,4,0.935483870967742,15,1,,Missing,Fewer than 30 prior close-score plays,
2024,4,401645328,G6,Rice,away,0,2,0.3716814159292035,6,11,,Missing,Fewer than 30 prior close-score plays,
2024,4,401628367,P4,Mississippi State,home,0,5,0.4426229508196721,7,7,,Missing,Fewer than 30 prior close-score plays,
2024,4,401628367,P4,Florida,away,1,1,0.4907407407407407,11,13,,Missing,Fewer than 30 prior close-score plays,
2024,4,401643791,G6,Louisiana,home,0,6,0.6206896551724138,14,10,,Missing,Fewer than 30 prior close-score plays,
2024,4,401643791,G6,Tulane,away,1,0,0.5338345864661654,28,25,0.5283018867924528,Run majority,,0.0
2024,4,401635552,P4,Clemson,home,1,5,0.456,10,18,,Missing,Fewer than 30 prior close-score plays,
2024,4,401635552,P4,NC State,away,0,1,0.5378151260504201,31,40,0.4366197183098591,Pass majority,,1.0
2024,4,401636873,P4,Cincinnati,home,1,3,0.4965034965034965,26,40,0.3939393939393939,Pass majority,,2.787878787878788
2024,4,401636873,P4,Houston,away,0,3,0.5421052631578948,28,29,0.4912280701754385,Pass majority,,3.017543859649123
2024,4,401636879,P4,West Virginia,home,1,2,0.5815602836879432,42,29,0.5915492957746479,Run majority,,2.0
2024,4,401636879,P4,Kansas,away,0,4,0.5483870967741935,53,39,0.5760869565217391,Run majority,,4.0
2024,4,401644735,G6,Central Michigan,home,1,5,0.5,21,25,0.4565217391304347,Pass majority,,5.0
2024,4,401644735,G6,Ball State,away,0,1,0.3846153846153846,1,7,,Missing,Fewer than 30 prior close-score plays,
2024,4,401643715,G6,Temple,home,1,4,0.4893617021276595,18,10,,Missing,Fewer than 30 prior close-score plays,
2024,4,401643715,G6,Utah State,away,0,2,0.4789915966386555,18,28,0.391304347826087,Pass majority,,1.7826086956521738
2024,4,401641000,G6,Jacksonville State,home,1,4,0.5163043478260869,29,24,0.5471698113207547,Run majority,,4.09433962264151
2024,4,401641000,G6,Southern Miss,away,0,2,0.4347826086956521,17,28,0.3777777777777777,Pass majority,,2.2444444444444445
2024,4,401628489,P4,Michigan,home,1,5,0.5642458100558659,41,30,0.5774647887323944,Run majority,,5.0
2024,4,401628489,P4,USC,away,0,1,0.4347826086956521,20,26,0.4347826086956521,Pass majority,,1.0
2024,4,401628494,P4,Virginia Tech,home,0,5,0.6197183098591549,56,38,0.5957446808510638,Run majority,,4.808510638297872
2024,4,401628494,P4,Rutgers,away,1,1,0.6567164179104478,16,12,,Missing,Fewer than 30 prior close-score plays,
2024,4,401644736,G6,Northern Illinois,home,0,5,0.6923076923076923,28,14,0.6666666666666666,Run majority,,5.0
2024,4,401644736,G6,Buffalo,away,1,1,0.625,19,25,0.4318181818181818,Pass majority,,1.0
2024,4,401628365,P4,LSU,home,1,3,0.4191176470588235,34,45,0.430379746835443,Pass majority,,3.1392405063291138
2024,4,401628365,P4,UCLA,away,0,2,0.4259259259259259,12,22,0.3529411764705882,Pass majority,,1.7058823529411766
2024,4,401636877,P4,Texas Tech,home,1,3,0.4050632911392405,28,29,0.4912280701754385,Pass majority,,3.017543859649123
2024,4,401636877,P4,Arizona State,away,0,3,0.6727272727272727,0,0,,Missing,Missing prior-game play-by-play,
2024,4,401635554,P4,Louisville,home,1,5,0.5070422535211268,14,11,,Missing,Fewer than 30 prior close-score plays,
2024,4,401635554,P4,Georgia Tech,away,0,1,0.5222222222222223,47,37,0.5595238095238095,Run majority,,0.8809523809523809
2024,4,401628363,P4,Auburn,home,0,3,0.5691056910569106,38,35,0.5205479452054794,Run majority,,2.9589041095890414
2024,4,401628363,P4,Arkansas,away,1,3,0.5414012738853503,30,27,0.5263157894736842,Run majority,,3.052631578947368
2024,4,401645329,G6,Navy,home,1,4,0.85,15,5,,Missing,Fewer than 30 prior close-score plays,
2024,4,401645329,G6,Memphis,away,0,2,0.4692307692307692,21,35,0.375,Pass majority,,2.25
2024,4,401636876,P4,Oklahoma State,home,0,2,0.4121621621621621,18,27,0.4,Pass majority,,2.2
2024,4,401636876,P4,Utah,away,1,3,0.582089552238806,23,32,0.4181818181818181,Pass majority,,2.8363636363636364
2024,4,401628368,P4,Missouri,home,1,6,0.5384615384615384,25,24,0.5102040816326531,Run majority,,6.0
2024,4,401628368,P4,Vanderbilt,away,0,0,0.6259541984732825,34,19,0.6415094339622641,Run majority,,0.0
2024,4,401641028,G6,Colorado State,home,1,2,0.5,23,14,0.6216216216216216,Run majority,,2.243243243243243
2024,4,401641028,G6,UTEP,away,0,4,0.4390243902439024,8,23,0.2580645161290322,Pass majority,,4.483870967741936
2024,4,401635557,P4,SMU,home,1,4,0.4964539007092198,41,47,0.4659090909090909,Pass majority,,3.9318181818181817
2024,4,401635557,P4,TCU,away,0,1,0.3493150684931507,33,69,0.3235294117647059,Pass majority,,1.3529411764705883
2024,4,401640991,G6,Liberty,home,1,5,0.6190476190476191,35,19,0.6481481481481481,Run majority,,5.0
2024,4,401640991,G6,East Carolina,away,0,1,0.5510204081632653,55,51,0.5188679245283019,Run majority,,1.0
2024,4,401641008,G6,Louisiana Tech,home,0,3,0.3454545454545454,14,21,0.4,Pass majority,,3.2
2024,4,401641008,G6,Tulsa,away,1,3,0.4923076923076923,34,21,0.6181818181818182,Run majority,,3.2363636363636363
2024,4,401628491,P4,Washington,home,1,5,0.4796747967479675,29,39,0.4264705882352941,Pass majority,,5.0
2024,4,401628491,P4,Northwestern,away,0,1,0.5149253731343284,44,46,0.4888888888888889,Pass majority,,1.0
2024,4,401635551,P4,Florida State,home,1,1,0.4152046783625731,30,32,0.4838709677419355,Pass majority,,1.0
2024,4,401635551,P4,California,away,0,5,0.5390070921985816,0,0,,Missing,Missing prior-game play-by-play,
2024,4,401641034,G6,Sam Houston,home,1,5,0.6243654822335025,27,21,0.5625,Run majority,,5.0
2024,4,401641034,G6,New Mexico State,away,0,1,0.5952380952380952,25,18,0.5813953488372093,Run majority,,1.0
2024,4,401641037,G6,Western Kentucky,home,1,2,0.4460431654676259,10,22,0.3125,Pass majority,,2.375
2024,4,401641037,G6,Toledo,away,0,4,0.5677966101694916,21,30,0.4117647058823529,Pass majority,,3.8235294117647056
2024,4,401643716,G6,North Texas,home,1,5,0.4785714285714286,20,36,0.3571428571428571,Pass majority,,5.0
2024,4,401643716,G6,Wyoming,away,0,1,0.5603448275862069,16,11,,Missing,Fewer than 30 prior close-score plays,
2024,4,401628487,P4,Minnesota,home,0,2,0.5752212389380531,28,30,0.4827586206896552,Pass majority,,2.0
2024,4,401628487,P4,Iowa,away,1,4,0.6102941176470589,41,38,0.5189873417721519,Run majority,,4.0
2024,4,401628369,P4,Oklahoma,home,0,3,0.5472636815920398,36,38,0.4864864864864865,Pass majority,,3.0
2024,4,401628369,P4,Tennessee,away,1,3,0.673469387755102,16,17,0.4848484848484848,Pass majority,,3.0
2024,4,401636874,P4,Colorado,home,1,2,0.3153846153846154,9,29,0.2368421052631578,Pass majority,,2.0
2024,4,401636874,P4,Baylor,away,0,4,0.6341463414634146,13,12,,Missing,Fewer than 30 prior close-score plays,
2024,4,401628490,P4,Boston College,home,1,4,0.639344262295082,41,26,0.6119402985074627,Run majority,,3.776119402985074
2024,4,401628490,P4,Michigan State,away,0,2,0.5230769230769231,28,34,0.4516129032258064,Pass majority,,1.903225806451613
2024,4,401643711,G6,New Mexico,home,0,1,0.4266666666666667,29,47,0.3815789473684211,Pass majority,,1.0
2024,4,401643711,G6,Fresno State,away,1,5,0.5158730158730159,14,18,0.4375,Pass majority,,5.0
2024,4,401636872,P4,BYU,home,1,4,0.4809160305343511,33,44,0.4285714285714285,Pass majority,,4.142857142857142
2024,4,401636872,P4,Kansas State,away,0,2,0.6166666666666667,28,28,0.5,Balanced,,2.0
2024,5,401645331,G6,Temple,home,0,3,0.51953125,37,25,0.5967741935483871,Run majority,,2.806451612903226
2024,5,401645331,G6,Army,away,1,3,0.8702290076335878,33,3,0.9166666666666666,Run majority,,3.833333333333333
2024,5,401634767,P4,Miami,home,1,5,0.458128078817734,33,46,0.4177215189873418,Pass majority,,5.0
2024,5,401634767,P4,Virginia Tech,away,0,1,0.5955056179775281,65,45,0.5909090909090909,Run majority,,1.0
2024,5,401628501,P4,Rutgers,home,1,2,0.6666666666666666,36,26,0.5806451612903226,Run majority,,2.0
2024,5,401628501,P4,Washington,away,0,4,0.5104166666666666,38,49,0.4367816091954023,Pass majority,,4.0
2024,5,401645337,G6,Tulane,home,1,3,0.5989847715736041,62,36,0.6326530612244898,Run majority,,2.7346938775510203
2024,5,401645337,G6,South Florida,away,0,3,0.542016806722689,70,63,0.5263157894736842,Run majority,,3.052631578947368
2024,5,401628497,P4,Michigan,home,1,5,0.620253164556962,67,38,0.638095238095238,Run majority,,5.0
2024,5,401628497,P4,Minnesota,away,0,1,0.5029239766081871,41,56,0.422680412371134,Pass majority,,1.0
2024,5,401628496,P4,Indiana,home,1,3,0.5641025641025641,31,28,0.5254237288135594,Run majority,,3.0508474576271185
2024,5,401628496,P4,Maryland,away,0,3,0.5,51,62,0.4513274336283185,Pass majority,,3.0973451327433628
2024,5,401628377,P4,Ole Miss,home,0,5,0.5565610859728507,18,14,0.5625,Run majority,,5.0
2024,5,401628377,P4,Kentucky,away,1,1,0.6341463414634146,66,45,0.5945945945945946,Run majority,,1.0
2024,5,401628499,P4,Purdue,home,0,2,0.5729166666666666,9,10,,Missing,Fewer than 30 prior close-score plays,
2024,5,401628499,P4,Nebraska,away,1,4,0.5324074074074074,38,47,0.4470588235294118,Pass majority,,4.0
2024,5,401645332,G6,UAB,home,0,3,0.5223880597014925,44,31,0.5866666666666667,Run majority,,2.8266666666666667
2024,5,401645332,G6,Navy,away,1,3,0.7964601769911505,34,13,0.723404255319149,Run majority,,3.4468085106382977
2024,5,401636880,P4,Baylor,home,0,3,0.6432432432432432,36,25,0.5901639344262295,Run majority,,3.180327868852459
2024,5,401636880,P4,BYU,away,1,3,0.5027932960893855,41,61,0.4019607843137255,Pass majority,,3.196078431372549
2024,5,401636883,P4,Kansas State,home,1,3,0.609375,43,38,0.5308641975308642,Run majority,,3.0617283950617287
2024,5,401636883,P4,Oklahoma State,away,0,3,0.3671497584541063,27,53,0.3375,Pass majority,,3.325
2024,5,401643793,G6,James Madison,home,1,6,0.6030534351145038,27,24,0.5294117647058824,Run majority,,6.0
2024,5,401643793,G6,Ball State,away,0,0,0.4418604651162791,26,27,0.490566037735849,Pass majority,,0.0
2024,5,401641041,G6,Sam Houston,home,1,1,0.6402877697841727,0,0,,Missing,Missing prior-game play-by-play,
2024,5,401641041,G6,Texas State,away,0,4,0.5170068027210885,0,0,,Missing,Missing prior-game play-by-play,
2024,5,401643721,G6,Central Michigan,home,1,5,0.53,34,34,0.5,Balanced,,5.0
2024,5,401643721,G6,San Diego State,away,0,1,0.5263157894736842,0,0,,Missing,Missing prior-game play-by-play,
2024,5,401644739,G6,Kent State,home,0,3,0.6369426751592356,15,13,,Missing,Fewer than 30 prior close-score plays,
2024,5,401644739,G6,Eastern Michigan,away,1,3,0.5688073394495413,62,64,0.492063492063492,Pass majority,,3.0
2024,5,401636882,P4,Kansas,home,0,3,0.5867346938775511,84,58,0.5915492957746479,Run majority,,3.183098591549296
2024,5,401636882,P4,TCU,away,1,1,0.3705357142857143,36,72,0.3333333333333333,Pass majority,,1.3333333333333337
2024,5,401643794,G6,Marshall,home,1,3,0.5227272727272727,0,0,,Missing,Missing prior-game play-by-play,
2024,5,401643794,G6,Western Michigan,away,0,3,0.64,30,21,0.5882352941176471,Run majority,,2.8235294117647056
2024,5,401644738,G6,Ohio,home,1,5,0.5904255319148937,42,38,0.525,Run majority,,5.0
2024,5,401644738,G6,Akron,away,0,1,0.4655172413793103,17,32,0.3469387755102041,Pass majority,,1.0
2024,5,401628502,P4,USC,home,1,4,0.3838862559241706,26,36,0.4193548387096774,Pass majority,,4.0
2024,5,401628502,P4,Wisconsin,away,0,2,0.564935064935065,35,38,0.4794520547945205,Pass majority,,2.0
2024,5,401636885,P4,UCF,home,0,3,0.74,30,14,0.6818181818181818,Run majority,,3.3636363636363638
2024,5,401636885,P4,Colorado,away,1,3,0.3896713615023474,27,54,0.3333333333333333,Pass majority,,3.333333333333333
2024,5,401628980,P4,Notre Dame,home,1,4,0.5482625482625483,65,62,0.5118110236220472,Run majority,,4.0
2024,5,401628980,P4,Louisville,away,0,2,0.5384615384615384,35,29,0.546875,Run majority,,2.0
2024,5,401643720,G6,UNLV,home,1,4,0.7480314960629921,28,21,0.5714285714285714,Run majority,,4.142857142857142
2024,5,401643720,G6,Fresno State,away,0,2,0.5077720207253886,24,31,0.4363636363636363,Pass majority,,2.1272727272727274
2024,5,401628373,P4,Texas A&M,home,1,2,0.6415094339622641,66,46,0.5892857142857143,Run majority,,1.8214285714285716
2024,5,401628373,P4,Arkansas,away,0,2,0.5833333333333334,59,51,0.5363636363636364,Run majority,,2.0727272727272728
2024,5,401643792,G6,Georgia State,home,0,4,0.4565217391304347,34,36,0.4857142857142857,Pass majority,,3.971428571428572
2024,5,401643792,G6,Georgia Southern,away,1,1,0.4312796208530806,20,46,0.303030303030303,Pass majority,,1.393939393939394
2024,5,401628375,P4,Auburn,home,0,4,0.5217391304347826,58,55,0.5132743362831859,Run majority,,4.0
2024,5,401628375,P4,Oklahoma,away,1,2,0.5353159851301115,49,52,0.4851485148514851,Pass majority,,2.0
2024,5,401635562,P4,Duke,home,1,4,0.5,41,52,0.4408602150537634,Pass majority,,4.118279569892473
2024,5,401635562,P4,North Carolina,away,0,2,0.5467289719626168,0,0,,Missing,Missing prior-game play-by-play,
2024,5,401645334,G6,East Carolina,home,1,5,0.5255813953488372,73,68,0.5177304964539007,Run majority,,5.0
2024,5,401645334,G6,UTSA,away,0,1,0.4660633484162896,0,0,,Missing,Missing prior-game play-by-play,
2024,5,401628378,P4,Texas,home,1,6,0.5517241379310345,38,54,0.4130434782608695,Pass majority,,6.0
2024,5,401628378,P4,Mississippi State,away,0,0,0.5188679245283019,20,17,0.5405405405405406,Run majority,,0.0
2024,5,401643795,G6,Bowling Green,home,0,3,0.3888888888888889,30,38,0.4411764705882353,Pass majority,,3.117647058823529
2024,5,401643795,G6,Old Dominion,away,1,3,0.57,43,44,0.4942528735632184,Pass majority,,2.9885057471264367
2024,5,401640981,G6,Florida International,home,1,4,0.5176470588235295,23,25,0.4791666666666667,Pass majority,,4.0
2024,5,401640981,G6,Louisiana Tech,away,0,1,0.4761904761904761,39,44,0.4698795180722891,Pass majority,,1.0
2024,5,401643796,G6,Troy,home,0,1,0.5260115606936416,45,54,0.4545454545454545,Pass majority,,1.0
2024,5,401643796,G6,UL Monroe,away,1,5,0.6403508771929824,24,14,0.631578947368421,Run majority,,5.0
2024,5,401636881,P4,Houston,home,0,2,0.5573770491803278,37,32,0.5362318840579711,Run majority,,2.0
2024,5,401636881,P4,Iowa State,away,1,4,0.5547445255474452,26,12,0.6842105263157895,Run majority,,4.0
2024,5,401645336,G6,North Texas,home,1,3,0.4604651162790698,29,56,0.3411764705882353,Pass majority,,3.317647058823529
2024,5,401645336,G6,Tulsa,away,0,3,0.4795918367346938,51,46,0.5257731958762887,Run majority,,3.051546391752577
2024,5,401645333,G6,Rice,home,0,4,0.3235294117647059,7,15,,Missing,Fewer than 30 prior close-score plays,
2024,5,401645333,G6,Charlotte,away,1,2,0.4734042553191489,0,0,,Missing,Missing prior-game play-by-play,
2024,5,401635561,P4,Clemson,home,1,4,0.46875,13,24,0.3513513513513513,Pass majority,,4.297297297297297
2024,5,401635561,P4,Stanford,away,0,2,0.4825174825174825,43,37,0.5375,Run majority,,2.075
2024,5,401628498,P4,Michigan State,home,0,1,0.51010101010101,48,54,0.4705882352941176,Pass majority,,1.0
2024,5,401628498,P4,Ohio State,away,1,5,0.533678756476684,0,0,,Missing,Missing prior-game play-by-play,
2024,5,401641025,G6,Memphis,home,1,5,0.44,37,52,0.4157303370786517,Pass majority,,5.0
2024,5,401641025,G6,Middle Tennessee,away,0,1,0.4536082474226804,14,18,0.4375,Pass majority,,1.0
2024,5,401628495,P4,Penn State,home,1,5,0.6515151515151515,48,42,0.5333333333333333,Run majority,,5.0
2024,5,401628495,P4,Illinois,away,0,1,0.5573770491803278,51,57,0.4722222222222222,Pass majority,,1.0
2024,5,401628374,P4,Alabama,home,1,4,0.6507936507936508,47,35,0.573170731707317,Run majority,,4.0
2024,5,401628374,P4,Georgia,away,0,2,0.5,28,42,0.4,Pass majority,,2.0
2024,5,401635563,P4,SMU,home,1,6,0.5544554455445545,54,57,0.4864864864864865,Pass majority,,6.0
2024,5,401635563,P4,Florida State,away,0,0,0.4686192468619247,57,49,0.5377358490566038,Run majority,,0.0
2024,5,401641035,G6,New Mexico State,home,0,3,0.5628415300546448,0,0,,Missing,Missing prior-game play-by-play,
2024,5,401641035,G6,New Mexico,away,1,3,0.3982683982683982,37,55,0.4021739130434782,Pass majority,,2.8043478260869565
2024,5,401643718,G6,Wyoming,home,1,2,0.5511363636363636,28,23,0.5490196078431373,Run majority,,1.9019607843137252
2024,5,401643718,G6,Air Force,away,0,4,0.7846153846153846,72,13,0.8470588235294118,Run majority,,4.694117647058824
2024,5,401636884,P4,Texas Tech,home,1,3,0.4273858921161825,41,51,0.4456521739130434,Pass majority,,3.108695652173913
2024,5,401636884,P4,Cincinnati,away,0,3,0.545,32,44,0.4210526315789473,Pass majority,,2.8421052631578947
2024,5,401643719,G6,Boise State,home,1,4,0.4892086330935252,39,47,0.4534883720930232,Pass majority,,4.0
2024,5,401643719,G6,Washington State,away,0,1,0.5580357142857143,50,60,0.4545454545454545,Pass majority,,1.0
2024,5,401636886,P4,Utah,home,0,6,0.6046511627906976,51,54,0.4857142857142857,Pass majority,,6.0
2024,5,401636886,P4,Arizona,away,1,0,0.3813559322033898,21,41,0.3387096774193548,Pass majority,,0.0
2024,5,401628500,P4,UCLA,home,0,2,0.4096385542168674,25,47,0.3472222222222222,Pass majority,,2.0
2024,5,401628500,P4,Oregon,away,1,3,0.5862068965517241,32,31,0.5079365079365079,Run majority,,3.0
2024,6,401643797,G6,Troy,home,0,2,0.591304347826087,79,63,0.5563380281690141,Run majority,,2.0
2024,6,401643797,G6,Texas State,away,1,4,0.4859813084112149,0,0,,Missing,Missing prior-game play-by-play,
2024,6,401641029,G6,UTEP,home,0,1,0.4114583333333333,16,37,0.3018867924528302,Pass majority,,1.0
2024,6,401641029,G6,Sam Houston,away,1,5,0.6638418079096046,0,0,,Missing,Missing prior-game play-by-play,
2024,6,401641001,G6,Kennesaw State,home,0,2,0.6353591160220995,47,18,0.7230769230769231,Run majority,,2.0
2024,6,401641001,G6,Jacksonville State,away,1,4,0.5766129032258065,40,34,0.5405405405405406,Run majority,,4.0
2024,6,401636891,P4,TCU,home,0,3,0.3986486486486486,54,100,0.3506493506493506,Pass majority,,3.2987012987012987
2024,6,401636891,P4,Houston,away,1,3,0.5738831615120275,58,40,0.5918367346938775,Run majority,,3.183673469387755
2024,6,401628506,P4,Oregon,home,1,5,0.5360824742268041,40,47,0.4597701149425287,Pass majority,,5.0
2024,6,401628506,P4,Michigan State,away,0,1,0.5080645161290323,52,57,0.4770642201834862,Pass majority,,1.0
2024,6,401635572,P4,North Carolina,home,0,1,0.5358361774744027,0,0,,Missing,Missing prior-game play-by-play,
2024,6,401635572,P4,Pittsburgh,away,1,5,0.4519230769230769,33,49,0.4024390243902439,Pass majority,,5.0
2024,6,401635638,P4,NC State,home,0,5,0.548936170212766,49,53,0.4803921568627451,Pass majority,,5.03921568627451
2024,6,401635638,P4,Wake Forest,away,1,1,0.4739130434782608,45,44,0.5056179775280899,Run majority,,1.0112359550561798
2024,6,401635571,P4,Louisville,home,0,1,0.5077720207253886,44,36,0.55,Run majority,,1.0
2024,6,401635571,P4,SMU,away,1,5,0.5905797101449275,71,74,0.4896551724137931,Pass majority,,5.0
2024,6,401628383,P4,Texas A&M,home,1,2,0.6397058823529411,88,62,0.5866666666666667,Run majority,,2.0
2024,6,401628383,P4,Missouri,away,0,4,0.5321888412017167,49,46,0.5157894736842106,Run majority,,4.0
2024,6,401628509,P4,Wisconsin,home,1,4,0.5463414634146342,50,53,0.4854368932038835,Pass majority,,3.970873786407767
2024,6,401628509,P4,Purdue,away,0,2,0.5657894736842105,29,28,0.5087719298245614,Run majority,,1.9824561403508767
2024,6,401628510,P4,Penn State,home,1,6,0.6577946768060836,78,59,0.5693430656934306,Run majority,,6.0
2024,6,401628510,P4,UCLA,away,0,0,0.4299065420560747,29,55,0.3452380952380952,Pass majority,,0.0
2024,6,401635567,P4,Virginia,home,1,3,0.5296803652968036,44,45,0.4943820224719101,Pass majority,,3.0
2024,6,401635567,P4,Boston College,away,0,3,0.6290322580645161,74,46,0.6166666666666667,Run majority,,3.0
2024,6,401643722,G6,Air Force,home,0,2,0.783068783068783,109,22,0.8320610687022901,Run majority,,2.0
2024,6,401643722,G6,Navy,away,1,4,0.7951807228915663,39,14,0.7358490566037735,Run majority,,4.0
2024,6,401645339,G6,Tulsa,home,0,3,0.4912891986062718,69,69,0.5,Balanced,,3.0
2024,6,401645339,G6,Army,away,1,3,0.8769230769230769,48,4,0.9230769230769232,Run majority,,3.8461538461538463
2024,6,401645338,G6,UAB,home,0,3,0.565,49,34,0.5903614457831325,Run majority,,2.819277108433735
2024,6,401645338,G6,Tulane,away,1,3,0.6222222222222222,69,42,0.6216216216216216,Run majority,,3.243243243243243
2024,6,401644741,G6,Ball State,home,0,2,0.45,28,29,0.4912280701754385,Pass majority,,2.017543859649123
2024,6,401644741,G6,Western Michigan,away,1,4,0.621301775147929,37,33,0.5285714285714286,Run majority,,4.057142857142857
2024,6,401628381,P4,Georgia,home,1,2,0.4368421052631579,30,48,0.3846153846153846,Pass majority,,2.0
2024,6,401628381,P4,Auburn,away,0,4,0.5366795366795367,81,75,0.5192307692307693,Run majority,,4.0
2024,6,401628503,P4,Northwestern,home,0,1,0.5080213903743316,49,50,0.494949494949495,Pass majority,,1.0
2024,6,401628503,P4,Indiana,away,1,4,0.562962962962963,56,55,0.5045045045045045,Run majority,,4.0
2024,6,401628504,P4,Ohio State,home,1,6,0.5149253731343284,0,0,,Missing,Missing prior-game play-by-play,
2024,6,401628504,P4,Iowa,away,0,0,0.64,68,55,0.5528455284552846,Run majority,,0.0
2024,6,401635573,P4,Stanford,home,0,3,0.5280373831775701,51,42,0.5483870967741935,Run majority,,3.096774193548387
2024,6,401635573,P4,Virginia Tech,away,1,3,0.5735735735735735,85,60,0.5862068965517241,Run majority,,2.827586206896552
2024,6,401628382,P4,South Carolina,home,0,3,0.6851851851851852,92,53,0.6344827586206897,Run majority,,3.0
2024,6,401628382,P4,Ole Miss,away,1,3,0.5487364620938628,37,36,0.5068493150684932,Run majority,,3.0
2024,6,401644684,G6,Toledo,home,1,4,0.5647668393782384,48,49,0.4948453608247423,Pass majority,,3.989690721649485
2024,6,401644684,G6,Miami (OH),away,0,2,0.4430894308943089,57,75,0.4318181818181818,Pass majority,,2.136363636363636
2024,6,401644740,G6,Akron,home,0,2,0.4353448275862069,27,58,0.3176470588235294,Pass majority,,2.0
2024,6,401644740,G6,Bowling Green,away,1,4,0.4205128205128205,53,66,0.4453781512605042,Pass majority,,4.0
2024,6,401643799,G6,Marshall,home,1,6,0.5510204081632653,0,0,,Missing,Missing prior-game play-by-play,
2024,6,401643799,G6,App State,away,0,0,0.4117647058823529,21,29,0.42,Pass majority,,0.0
2024,6,401645340,G6,Charlotte,home,1,1,0.466403162055336,0,0,,Missing,Missing prior-game play-by-play,
2024,6,401645340,G6,East Carolina,away,0,5,0.5209790209790209,91,94,0.4918918918918919,Pass majority,,5.0
2024,6,401628508,P4,Nebraska,home,1,5,0.5345454545454545,55,64,0.4621848739495798,Pass majority,,5.0
2024,6,401628508,P4,Rutgers,away,0,1,0.6417910447761194,53,41,0.5638297872340425,Run majority,,1.0
2024,6,401636890,P4,Oklahoma State,home,0,4,0.3693379790940767,43,76,0.361344537815126,Pass majority,,4.277310924369748
2024,6,401636890,P4,West Virginia,away,1,2,0.5637254901960784,59,45,0.5673076923076923,Run majority,,2.1346153846153846
2024,6,401628384,P4,Vanderbilt,home,1,1,0.6210526315789474,54,31,0.6352941176470588,Run majority,,1.0
2024,6,401628384,P4,Alabama,away,0,5,0.6071428571428571,58,42,0.58,Run majority,,5.0
2024,6,401643724,G6,Oregon State,home,1,4,0.6363636363636364,74,37,0.6666666666666666,Run majority,,3.666666666666667
2024,6,401643724,G6,Colorado State,away,0,2,0.5549738219895288,44,27,0.6197183098591549,Run majority,,2.23943661971831
2024,6,401643801,G6,UL Monroe,home,1,1,0.6809815950920245,42,23,0.6461538461538462,Run majority,,1.0
2024,6,401643801,G6,James Madison,away,0,5,0.5824742268041238,34,41,0.4533333333333333,Pass majority,,5.0
2024,6,401643723,G6,Boise State,home,1,4,0.5306122448979592,61,65,0.4841269841269841,Pass majority,,3.968253968253968
2024,6,401643723,G6,Utah State,away,0,2,0.4673366834170854,47,60,0.4392523364485981,Pass majority,,2.121495327102804
2024,6,401643798,G6,Coastal Carolina,home,1,4,0.6243654822335025,39,19,0.6724137931034483,Run majority,,3.655172413793103
2024,6,401643798,G6,Old Dominion,away,0,2,0.5703422053231939,55,65,0.4583333333333333,Pass majority,,1.9166666666666663
2024,6,401643802,G6,Southern Miss,home,0,2,0.506578947368421,24,33,0.4210526315789473,Pass majority,,2.0
2024,6,401643802,G6,Louisiana,away,1,4,0.5300546448087432,40,38,0.5128205128205128,Run majority,,4.0
2024,6,401643800,G6,Arkansas State,home,1,3,0.5099009900990099,33,43,0.4342105263157895,Pass majority,,3.131578947368421
2024,6,401643800,G6,South Alabama,away,0,3,0.4891304347826087,39,45,0.4642857142857143,Pass majority,,2.928571428571429
2024,6,401635569,P4,Florida State,home,0,2,0.4615384615384615,69,64,0.518796992481203,Run majority,,2.0
2024,6,401635569,P4,Clemson,away,1,4,0.4743083003952569,16,28,0.3636363636363636,Pass majority,,4.0
2024,6,401628379,P4,Arkansas,home,1,1,0.5466237942122186,81,82,0.4969325153374233,Pass majority,,1.0
2024,6,401628379,P4,Tennessee,away,0,5,0.6863636363636364,28,29,0.4912280701754385,Pass majority,,5.0
2024,6,401628505,P4,Washington,home,1,4,0.4922480620155038,51,63,0.4473684210526316,Pass majority,,4.105263157894736
2024,6,401628505,P4,Michigan,away,0,2,0.6375838926174496,80,46,0.6349206349206349,Run majority,,2.2698412698412698
2024,6,401636889,P4,Iowa State,home,1,5,0.5615763546798029,50,38,0.5681818181818182,Run majority,,5.0
2024,6,401636889,P4,Baylor,away,0,1,0.5632183908045977,36,26,0.5806451612903226,Run majority,,1.0
2024,6,401628507,P4,Minnesota,home,1,4,0.4683544303797468,50,65,0.4347826086956521,Pass majority,,4.130434782608695
2024,6,401628507,P4,USC,away,0,2,0.4027303754266211,45,56,0.4455445544554455,Pass majority,,1.891089108910891
2024,6,401643726,G6,San José State,home,1,5,0.3883495145631068,33,70,0.3203883495145631,Pass majority,,5.359223300970873
2024,6,401643726,G6,Nevada,away,0,1,0.5859375,101,59,0.63125,Run majority,,1.2625
2024,6,401628380,P4,Florida,home,1,3,0.5174418604651163,26,33,0.4406779661016949,Pass majority,,3.1186440677966103
2024,6,401628380,P4,UCF,away,0,3,0.6768558951965066,41,23,0.640625,Run majority,,3.28125
2024,6,401643725,G6,San Diego State,home,1,2,0.5769230769230769,0,0,,Missing,Missing prior-game play-by-play,
2024,6,401643725,G6,Hawai'i,away,0,3,0.3684210526315789,18,39,0.3157894736842105,Pass majority,,3.3684210526315788
2024,6,401635570,P4,Georgia Tech,home,1,4,0.5261044176706827,67,49,0.5775862068965517,Run majority,,4.0
2024,6,401635570,P4,Duke,away,0,2,0.5123674911660777,45,57,0.4411764705882353,Pass majority,,2.0
2024,6,401636888,P4,Arizona State,home,1,6,0.6180555555555556,0,0,,Missing,Missing prior-game play-by-play,
2024,6,401636888,P4,Kansas,away,0,0,0.5643939393939394,111,79,0.5842105263157895,Run majority,,0.0
2024,6,401635568,P4,California,home,0,5,0.5255813953488372,0,0,,Missing,Missing prior-game play-by-play,
2024,6,401635568,P4,Miami,away,1,1,0.4578754578754578,44,70,0.3859649122807017,Pass majority,,0.7719298245614035
2024,6,401636887,P4,Arizona,home,0,4,0.4189944134078212,33,60,0.3548387096774194,Pass majority,,4.0
2024,6,401636887,P4,Texas Tech,away,1,2,0.4542483660130719,64,70,0.4776119402985074,Pass majority,,2.0
2024,7,401640982,G6,Liberty,home,1,6,0.6059113300492611,46,29,0.6133333333333333,Run majority,,6.0
2024,7,401640982,G6,Florida International,away,0,0,0.5210084033613446,38,49,0.4367816091954023,Pass majority,,0.0
2024,7,401641002,G6,Jacksonville State,home,1,5,0.6012269938650306,62,44,0.5849056603773585,Run majority,,5.0
2024,7,401641002,G6,New Mexico State,away,0,1,0.5587044534412956,0,0,,Missing,Missing prior-game play-by-play,
2024,7,401643803,G6,James Madison,home,1,5,0.5345454545454545,48,59,0.4485981308411215,Pass majority,,4.897196261682243
2024,7,401643803,G6,Coastal Carolina,away,0,1,0.6183206106870229,52,29,0.6419753086419753,Run majority,,0.7160493827160495
2024,7,401641030,G6,Western Kentucky,home,1,6,0.4729241877256318,34,46,0.425,Pass majority,,6.0
2024,7,401641030,G6,UTEP,away,0,0,0.4431372549019607,30,50,0.375,Pass majority,,0.0
2024,7,401641009,G6,Louisiana Tech,home,1,6,0.4635416666666667,58,66,0.4677419354838709,Pass majority,,6.0
2024,7,401641009,G6,Middle Tennessee,away,0,0,0.452,20,26,0.4347826086956521,Pass majority,,0.0
2024,7,401628513,P4,Maryland,home,0,4,0.4816053511705686,68,83,0.4503311258278146,Pass majority,,4.099337748344371
2024,7,401628513,P4,Northwestern,away,1,2,0.4736842105263157,64,65,0.4961240310077519,Pass majority,,1.992248062015504
2024,7,401643733,G6,Utah State,home,0,1,0.4635036496350365,54,67,0.4462809917355372,Pass majority,,1.0
2024,7,401643733,G6,UNLV,away,1,5,0.6824034334763949,39,36,0.52,Run majority,,5.0
2024,7,401636892,P4,Arizona State,home,1,4,0.6229050279329609,0,0,,Missing,Missing prior-game play-by-play,
2024,7,401636892,P4,Utah,away,0,2,0.5598591549295775,69,71,0.4928571428571429,Pass majority,,2.0142857142857142
2024,7,401628517,P4,Rutgers,home,0,4,0.5962962962962963,0,0,,Missing,Missing prior-game play-by-play,
2024,7,401628517,P4,Wisconsin,away,1,2,0.5503597122302158,57,63,0.475,Pass majority,,1.95
2024,7,401644743,G6,Kent State,home,0,4,0.6118721461187214,34,29,0.5396825396825397,Run majority,,4.0
2024,7,401644743,G6,Ball State,away,1,2,0.4528301886792453,48,46,0.5106382978723404,Run majority,,2.0
2024,7,401628512,P4,Iowa,home,1,3,0.625,0,0,,Missing,Missing prior-game play-by-play,
2024,7,401628512,P4,Washington,away,0,3,0.4969325153374233,70,88,0.4430379746835443,Pass majority,,3.113924050632912
2024,7,401628385,P4,Alabama,home,1,3,0.5858585858585859,60,45,0.5714285714285714,Run majority,,3.0
2024,7,401628385,P4,South Carolina,away,0,3,0.6589595375722543,97,55,0.6381578947368421,Run majority,,3.0
2024,7,401644745,G6,Buffalo,home,1,2,0.5851528384279476,37,43,0.4625,Pass majority,,2.0
2024,7,401644745,G6,Toledo,away,0,3,0.5427509293680297,48,49,0.4948453608247423,Pass majority,,3.0
2024,7,401645342,G6,Army,home,1,4,0.8755186721991701,61,8,0.8840579710144928,Run majority,,4.768115942028985
2024,7,401645342,G6,UAB,away,0,2,0.5094339622641509,53,43,0.5520833333333334,Run majority,,1.8958333333333333
2024,7,401635577,P4,North Carolina,home,0,2,0.514745308310992,0,0,,Missing,Missing prior-game play-by-play,
2024,7,401635577,P4,Georgia Tech,away,1,4,0.547112462006079,91,75,0.5481927710843374,Run majority,,4.0
2024,7,401635576,P4,Wake Forest,home,0,1,0.4778156996587031,55,68,0.4471544715447154,Pass majority,,1.0
2024,7,401635576,P4,Clemson,away,1,5,0.4892966360856269,23,36,0.3898305084745763,Pass majority,,5.0
2024,7,401644685,G6,Eastern Michigan,home,0,5,0.5780730897009967,92,94,0.4946236559139785,Pass majority,,5.0
2024,7,401644685,G6,Miami (OH),away,1,1,0.419047619047619,61,76,0.4452554744525547,Pass majority,,1.0
2024,7,401644744,G6,Bowling Green,home,0,4,0.4521072796934866,75,90,0.4545454545454545,Pass majority,,4.090909090909091
2024,7,401644744,G6,Northern Illinois,away,1,2,0.6445993031358885,99,54,0.6470588235294118,Run majority,,2.294117647058824
2024,7,401636895,P4,UCF,home,0,3,0.6701030927835051,53,26,0.6708860759493671,Run majority,,3.3417721518987342
2024,7,401636895,P4,Cincinnati,away,1,3,0.5107913669064749,54,63,0.4615384615384615,Pass majority,,3.0769230769230766
2024,7,401628511,P4,Illinois,home,1,6,0.5583333333333333,67,74,0.475177304964539,Pass majority,,6.0
2024,7,401628511,P4,Purdue,away,0,0,0.56,36,34,0.5142857142857142,Run majority,,0.0
2024,7,401628981,P4,Notre Dame,home,1,5,0.5527156549520766,79,73,0.5197368421052632,Run majority,,5.0
2024,7,401628981,P4,Stanford,away,0,1,0.55,70,52,0.5737704918032787,Run majority,,1.0
2024,7,401628390,P4,Oklahoma,home,0,2,0.5569620253164557,71,64,0.5259259259259259,Run majority,,2.0
2024,7,401628390,P4,Texas,away,1,3,0.5426136363636364,53,72,0.424,Pass majority,,3.0
2024,7,401643805,G6,Georgia State,home,0,3,0.3939393939393939,39,45,0.4642857142857143,Pass majority,,3.071428571428571
2024,7,401643805,G6,Old Dominion,away,1,3,0.55,70,79,0.4697986577181208,Pass majority,,2.9395973154362416
2024,7,401643732,G6,Wyoming,home,0,1,0.5774058577405857,52,42,0.5531914893617021,Run majority,,1.0
2024,7,401643732,G6,San Diego State,away,1,5,0.5582329317269076,0,0,,Missing,Missing prior-game play-by-play,
2024,7,401628516,P4,USC,home,0,1,0.4066852367688022,66,79,0.4551724137931034,Pass majority,,1.0
2024,7,401628516,P4,Penn State,away,1,5,0.6403785488958991,94,70,0.573170731707317,Run majority,,5.0
2024,7,401635578,P4,Virginia,home,0,5,0.5387323943661971,55,62,0.4700854700854701,Pass majority,,5.0
2024,7,401635578,P4,Louisville,away,1,0,0.5038167938931297,56,56,0.5,Balanced,,0.0
2024,7,401645341,G6,South Florida,home,0,0,0.5292096219931272,73,68,0.5177304964539007,Run majority,,0.0
2024,7,401645341,G6,Memphis,away,1,5,0.4395973154362416,55,78,0.4135338345864661,Pass majority,,5.0
2024,7,401643729,G6,Colorado State,home,1,2,0.5576923076923077,62,39,0.6138613861386139,Run majority,,2.227722772277228
2024,7,401643729,G6,San José State,away,0,4,0.3890909090909091,58,92,0.3866666666666666,Pass majority,,4.226666666666667
2024,7,401644742,G6,Western Michigan,home,1,5,0.6092436974789915,61,55,0.5258620689655172,Run majority,,5.0
2024,7,401644742,G6,Akron,away,0,1,0.43006993006993,35,81,0.3017241379310345,Pass majority,,1.0
2024,7,401635575,P4,Pittsburgh,home,1,5,0.4526315789473684,53,77,0.4076923076923077,Pass majority,,5.0
2024,7,401635575,P4,California,away,0,1,0.5227272727272727,0,0,,Missing,Missing prior-game play-by-play,
2024,7,401636893,P4,BYU,home,1,6,0.5080645161290323,47,66,0.415929203539823,Pass majority,,6.0
2024,7,401636893,P4,Arizona,away,0,0,0.4069767441860465,45,75,0.375,Pass majority,,0.0
2024,7,401644746,G6,Central Michigan,home,0,2,0.5138888888888888,60,59,0.5042016806722689,Run majority,,2.008403361344538
2024,7,401644746,G6,Ohio,away,1,4,0.6303501945525292,74,53,0.5826771653543307,Run majority,,3.834645669291339
2024,7,401628386,P4,Georgia,home,1,5,0.46875,52,64,0.4482758620689655,Pass majority,,5.0
2024,7,401628386,P4,Mississippi State,away,0,0,0.5614035087719298,55,32,0.632183908045977,Run majority,,0.0
2024,7,401643807,G6,UL Monroe,home,1,6,0.6322869955156951,50,35,0.5882352941176471,Run majority,,6.0
2024,7,401643807,G6,Southern Miss,away,0,0,0.4973821989528796,29,43,0.4027777777777778,Pass majority,,0.0
2024,7,401645344,G6,Rice,home,1,3,0.3568464730290456,25,40,0.3846153846153846,Pass majority,,3.230769230769231
2024,7,401645344,G6,UTSA,away,0,3,0.4548387096774193,0,0,,Missing,Missing prior-game play-by-play,
2024,7,401628391,P4,Tennessee,home,1,5,0.656140350877193,46,44,0.5111111111111111,Run majority,,5.022222222222222
2024,7,401628391,P4,Florida,away,0,1,0.521551724137931,37,43,0.4625,Pass majority,,1.075
2024,7,401645343,G6,Florida Atlantic,home,0,3,0.5772357723577236,40,27,0.5970149253731343,Run majority,,3.0
2024,7,401645343,G6,North Texas,away,1,3,0.4545454545454545,38,73,0.3423423423423423,Pass majority,,3.0
2024,7,401643727,G6,New Mexico,home,1,4,0.4577922077922078,56,70,0.4444444444444444,Pass majority,,4.0
2024,7,401643727,G6,Air Force,away,0,2,0.7967479674796748,118,24,0.8309859154929577,Run majority,,2.0
2024,7,401643730,G6,Fresno State,home,0,4,0.4795539033457249,30,42,0.4166666666666667,Pass majority,,4.166666666666666
2024,7,401643730,G6,Washington State,away,1,2,0.5466666666666666,72,80,0.4736842105263157,Pass majority,,1.9473684210526316
2024,7,401643808,G6,Texas State,home,1,5,0.5070921985815603,0,0,,Missing,Missing prior-game play-by-play,
2024,7,401643808,G6,Arkansas State,away,0,1,0.4907749077490775,53,66,0.4453781512605042,Pass majority,,1.0
2024,7,401628388,P4,LSU,home,1,1,0.4043321299638989,54,76,0.4153846153846154,Pass majority,,1.0
2024,7,401628388,P4,Ole Miss,away,0,5,0.5594202898550724,45,44,0.5056179775280899,Run majority,,5.0
2024,7,401643806,G6,Louisiana,home,1,5,0.5521235521235521,65,59,0.5241935483870968,Run majority,,5.0
2024,7,401643806,G6,App State,away,0,1,0.4295081967213114,33,43,0.4342105263157895,Pass majority,,1.0
2024,7,401643731,G6,Nevada,home,1,5,0.5758513931888545,122,75,0.6192893401015228,Run majority,,5.0
2024,7,401643731,G6,Oregon State,away,0,1,0.6338983050847458,105,50,0.6774193548387096,Run majority,,1.0
2024,7,401628515,P4,Oregon,home,1,3,0.5320754716981132,60,58,0.5084745762711864,Run majority,,2.983050847457627
2024,7,401628515,P4,Ohio State,away,0,3,0.5345345345345346,0,0,,Missing,Missing prior-game play-by-play,
2024,7,401628387,P4,Kentucky,home,0,4,0.632398753894081,91,66,0.5796178343949044,Run majority,,4.159235668789809
2024,7,401628387,P4,Vanderbilt,away,1,2,0.6490566037735849,83,43,0.6587301587301587,Run majority,,1.6825396825396826
2024,7,401643804,G6,Georgia Southern,home,1,2,0.4664429530201342,36,69,0.3428571428571428,Pass majority,,2.314285714285714
2024,7,401643804,G6,Marshall,away,0,4,0.5903614457831325,0,0,,Missing,Missing prior-game play-by-play,
2024,7,401635574,P4,NC State,home,0,6,0.5080385852090032,69,82,0.4569536423841059,Pass majority,,6.0
2024,7,401635574,P4,Syracuse,away,1,0,0.3696369636963696,61,125,0.3279569892473118,Pass majority,,0.0
2024,7,401636896,P4,West Virginia,home,0,1,0.631578947368421,73,51,0.5887096774193549,Run majority,,1.0
2024,7,401636896,P4,Iowa State,away,1,5,0.5824175824175825,75,55,0.5769230769230769,Run majority,,5.0
2024,7,401628514,P4,UCLA,home,0,2,0.4432234432234432,39,68,0.3644859813084112,Pass majority,,2.0
2024,7,401628514,P4,Minnesota,away,1,4,0.5101351351351351,72,78,0.48,Pass majority,,4.0
2024,7,401636894,P4,Colorado,home,0,3,0.4043321299638989,39,79,0.3305084745762712,Pass majority,,3.3389830508474576
2024,7,401636894,P4,Kansas State,away,1,3,0.5875486381322957,55,57,0.4910714285714285,Pass majority,,2.982142857142857
2024,7,401643728,G6,Hawai'i,home,0,2,0.3786407766990291,27,62,0.3033707865168539,Pass majority,,2.0
2024,7,401643728,G6,Boise State,away,1,4,0.5407407407407407,68,70,0.4927536231884058,Pass majority,,4.0
2024,8,401643809,G6,South Alabama,home,1,6,0.4869565217391304,62,68,0.4769230769230769,Pass majority,,6.0
2024,8,401643809,G6,Troy,away,0,0,0.5728813559322034,85,69,0.551948051948052,Run majority,,0.0
2024,8,401641019,G6,Middle Tennessee,home,1,4,0.432258064516129,25,40,0.3846153846153846,Pass majority,,4.0
2024,8,401641019,G6,Kennesaw State,away,0,2,0.6611570247933884,59,26,0.6941176470588235,Run majority,,2.0
2024,8,401641010,G6,New Mexico State,home,1,2,0.5714285714285714,0,0,,Missing,Missing prior-game play-by-play,
2024,8,401641010,G6,Louisiana Tech,away,0,4,0.5056603773584906,68,77,0.4689655172413793,Pass majority,,4.0
2024,8,401641038,G6,Sam Houston,home,0,4,0.6559633027522935,0,0,,Missing,Missing prior-game play-by-play,
2024,8,401641038,G6,Western Kentucky,away,1,2,0.5,49,58,0.4579439252336448,Pass majority,,2.0841121495327104
2024,8,401640983,G6,UTEP,home,1,1,0.48125,38,58,0.3958333333333333,Pass majority,,1.0
2024,8,401640983,G6,Florida International,away,0,5,0.5249169435215947,56,70,0.4444444444444444,Pass majority,,5.0
2024,8,401643810,G6,Marshall,home,1,6,0.5919003115264797,0,0,,Missing,Missing prior-game play-by-play,
2024,8,401643810,G6,Georgia State,away,0,0,0.3897058823529412,55,75,0.4230769230769231,Pass majority,,0.0
2024,8,401634768,P4,Virginia Tech,home,1,5,0.5850515463917526,100,69,0.591715976331361,Run majority,,5.0
2024,8,401634768,P4,Boston College,away,0,1,0.6026058631921825,87,65,0.5723684210526315,Run majority,,1.0
2024,8,401634769,P4,Duke,home,1,6,0.4940119760479042,54,72,0.4285714285714285,Pass majority,,6.0
2024,8,401634769,P4,Florida State,away,0,0,0.443526170798898,70,69,0.5035971223021583,Run majority,,0.0
2024,8,401628523,P4,Purdue,home,0,1,0.5581395348837209,0,0,,Missing,Missing prior-game play-by-play,
2024,8,401628523,P4,Oregon,away,1,5,0.5212121212121212,81,81,0.5,Balanced,,5.0
2024,8,401636898,P4,BYU,home,1,6,0.4967532467532468,59,84,0.4125874125874126,Pass majority,,6.0
2024,8,401636898,P4,Oklahoma State,away,0,0,0.3825301204819277,48,77,0.384,Pass majority,,0.0
2024,8,401643735,G6,Nevada,home,0,2,0.6031746031746031,147,83,0.6391304347826087,Run majority,,2.2782608695652176
2024,8,401643735,G6,Fresno State,away,1,4,0.4698795180722891,0,0,,Missing,Missing prior-game play-by-play,
2024,8,401628395,P4,Missouri,home,1,5,0.5393258426966292,65,53,0.5508474576271186,Run majority,,5.0
2024,8,401628395,P4,Auburn,away,0,1,0.5362776025236593,93,85,0.5224719101123596,Run majority,,1.0
2024,8,401636899,P4,Cincinnati,home,1,2,0.5,71,78,0.4765100671140939,Pass majority,,2.046979865771812
2024,8,401636899,P4,Arizona State,away,0,4,0.6265060240963856,0,0,,Missing,Missing prior-game play-by-play,
2024,8,401628522,P4,Northwestern,home,0,2,0.5050167224080268,76,73,0.5100671140939598,Run majority,,2.0
2024,8,401628522,P4,Wisconsin,away,1,3,0.56657223796034,68,70,0.4927536231884058,Pass majority,,3.0
2024,8,401628519,P4,Indiana,home,1,3,0.5532544378698225,79,74,0.5163398692810458,Run majority,,3.0
2024,8,401628519,P4,Nebraska,away,0,3,0.5478260869565217,0,0,,Missing,Missing prior-game play-by-play,
2024,8,401635588,P4,Clemson,home,1,5,0.4878640776699029,41,55,0.4270833333333333,Pass majority,,5.0
2024,8,401635588,P4,Virginia,away,0,1,0.5163934426229508,81,89,0.4764705882352941,Pass majority,,1.0
2024,8,401628524,P4,Rutgers,home,0,3,0.5816023738872403,0,0,,Missing,Missing prior-game play-by-play,
2024,8,401628524,P4,UCLA,away,1,3,0.4388059701492537,54,90,0.375,Pass majority,,3.0
2024,8,401635589,P4,Louisville,home,0,1,0.5030864197530864,70,74,0.4861111111111111,Pass majority,,1.0
2024,8,401635589,P4,Miami,away,1,5,0.4401114206128134,59,83,0.4154929577464789,Pass majority,,5.0
2024,8,401645346,G6,Army,home,1,4,0.8754098360655738,77,8,0.9058823529411764,Run majority,,4.811764705882353
2024,8,401645346,G6,East Carolina,away,0,2,0.5,92,99,0.4816753926701571,Pass majority,,2.0366492146596857
2024,8,401643811,G6,Coastal Carolina,home,0,2,0.5987261146496815,61,38,0.6161616161616161,Run majority,,2.0
2024,8,401643811,G6,Louisiana,away,1,4,0.5628930817610063,86,74,0.5375,Run majority,,4.0
2024,8,401628396,P4,Oklahoma,home,0,3,0.5584415584415584,88,76,0.5365853658536586,Run majority,,3.0
2024,8,401628396,P4,South Carolina,away,1,3,0.6402877697841727,120,71,0.6282722513089005,Run majority,,3.0
2024,8,401645351,G6,Temple,home,1,3,0.5106382978723404,62,57,0.5210084033613446,Run majority,,2.957983193277311
2024,8,401645351,G6,Tulsa,away,0,3,0.5097493036211699,88,87,0.5028571428571429,Run majority,,3.005714285714286
2024,8,401644750,G6,Eastern Michigan,home,1,4,0.5598958333333334,103,109,0.4858490566037736,Pass majority,,4.028301886792453
2024,8,401644750,G6,Central Michigan,away,0,2,0.5358166189111748,67,65,0.5075757575757576,Run majority,,2.015151515151515
2024,8,401628397,P4,Tennessee,home,1,3,0.6497175141242938,67,56,0.5447154471544715,Run majority,,3.089430894308943
2024,8,401628397,P4,Alabama,away,0,3,0.5921787709497207,80,63,0.5594405594405595,Run majority,,2.881118881118881
2024,8,401643736,G6,Washington State,home,1,3,0.5365853658536586,0,0,,Missing,Missing prior-game play-by-play,
2024,8,401643736,G6,Hawai'i,away,0,3,0.3834586466165413,31,78,0.2844036697247706,Pass majority,,3.4311926605504586
2024,8,401644686,G6,Miami (OH),home,1,4,0.4540389972144846,76,85,0.4720496894409938,Pass majority,,4.055900621118012
2024,8,401644686,G6,Ohio,away,0,2,0.629746835443038,85,66,0.5629139072847682,Run majority,,2.1258278145695364
2024,8,401644749,G6,Buffalo,home,0,4,0.6179401993355482,58,60,0.4915254237288136,Pass majority,,3.983050847457627
2024,8,401644749,G6,Western Michigan,away,1,2,0.609271523178808,72,68,0.5142857142857142,Run majority,,1.9714285714285715
2024,8,401644751,G6,Northern Illinois,home,0,3,0.6583333333333333,132,70,0.6534653465346535,Run majority,,3.306930693069307
2024,8,401644751,G6,Toledo,away,1,2,0.4985422740524781,62,68,0.4769230769230769,Pass majority,,2.046153846153846
2024,8,401645345,G6,South Florida,home,1,4,0.4928774928774929,74,72,0.5068493150684932,Run majority,,4.013698630136986
2024,8,401645345,G6,UAB,away,0,2,0.4847560975609756,57,66,0.4634146341463415,Pass majority,,2.073170731707317
2024,8,401643813,G6,Old Dominion,home,1,1,0.5686274509803921,98,101,0.4924623115577889,Pass majority,,1.0
2024,8,401643813,G6,Texas State,away,0,5,0.5198863636363636,0,0,,Missing,Missing prior-game play-by-play,
2024,8,401645347,G6,Navy,home,1,5,0.7869565217391304,61,20,0.7530864197530864,Run majority,,5.0
2024,8,401645347,G6,Charlotte,away,0,1,0.5198776758409785,0,0,,Missing,Missing prior-game play-by-play,
2024,8,401645348,G6,UTSA,home,1,3,0.4536082474226804,0,0,,Missing,Missing prior-game play-by-play,
2024,8,401645348,G6,Florida Atlantic,away,0,3,0.578125,65,41,0.6132075471698113,Run majority,,2.7735849056603774
2024,8,401628982,P4,Georgia Tech,home,0,0,0.57,121,92,0.568075117370892,Run majority,,0.0
2024,8,401628982,P4,Notre Dame,away,1,5,0.5593667546174143,92,90,0.5054945054945055,Run majority,,5.0
2024,8,401628518,P4,Illinois,home,1,3,0.5527156549520766,0,0,,Missing,Missing prior-game play-by-play,
2024,8,401628518,P4,Michigan,away,0,3,0.6305555555555555,98,63,0.6086956521739131,Run majority,,3.217391304347826
2024,8,401644748,G6,Bowling Green,home,1,5,0.4763406940063091,92,106,0.4646464646464646,Pass majority,,5.0
2024,8,401644748,G6,Kent State,away,0,1,0.5754385964912281,38,34,0.5277777777777778,Run majority,,1.0
2024,8,401645350,G6,Tulane,home,1,5,0.6449704142011834,76,44,0.6333333333333333,Run majority,,5.0
2024,8,401645350,G6,Rice,away,0,1,0.3554817275747508,37,55,0.4021739130434782,Pass majority,,1.0
2024,8,401635587,P4,California,home,0,6,0.5219941348973607,0,0,,Missing,Missing prior-game play-by-play,
2024,8,401635587,P4,NC State,away,1,0,0.5028089887640449,80,94,0.4597701149425287,Pass majority,,0.0
2024,8,401636901,P4,Kansas,home,1,3,0.5548780487804879,130,102,0.5603448275862069,Run majority,,3.1206896551724137
2024,8,401636901,P4,Houston,away,0,2,0.5943661971830986,69,51,0.575,Run majority,,1.85
2024,8,401643738,G6,San José State,home,1,6,0.3746312684365782,74,118,0.3854166666666667,Pass majority,,6.0
2024,8,401643738,G6,Wyoming,away,0,0,0.5755627009646302,76,67,0.5314685314685315,Run majority,,0.0
2024,8,401628521,P4,Maryland,home,1,5,0.4609375,76,88,0.4634146341463415,Pass majority,,5.073170731707317
2024,8,401628521,P4,USC,away,0,1,0.407673860911271,77,95,0.4476744186046512,Pass majority,,0.8953488372093024
2024,8,401636897,P4,Arizona,home,0,3,0.4005847953216374,56,91,0.3809523809523809,Pass majority,,2.761904761904762
2024,8,401636897,P4,Colorado,away,1,3,0.3898809523809524,48,94,0.3380281690140845,Pass majority,,3.323943661971831
2024,8,401643737,G6,Utah State,home,0,2,0.4356164383561643,58,71,0.4496124031007752,Pass majority,,2.10077519379845
2024,8,401643737,G6,New Mexico,away,1,4,0.4918032786885246,68,80,0.4594594594594595,Pass majority,,3.918918918918919
2024,8,401643812,G6,Georgia Southern,home,1,1,0.4623655913978494,41,81,0.3360655737704918,Pass majority,,1.0
2024,8,401643812,G6,James Madison,away,0,5,0.5478260869565217,59,70,0.4573643410852713,Pass majority,,5.0
2024,8,401636902,P4,Texas Tech,home,0,4,0.4615384615384615,77,85,0.4753086419753086,Pass majority,,4.0
2024,8,401636902,P4,Baylor,away,1,2,0.5138461538461538,51,63,0.4473684210526316,Pass majority,,2.0
2024,8,401628394,P4,Mississippi State,home,0,1,0.5344827586206896,62,37,0.6262626262626263,Run majority,,1.0
2024,8,401628394,P4,Texas A&M,away,1,5,0.6363636363636364,95,69,0.5792682926829268,Run majority,,5.0
2024,8,401643814,G6,Southern Miss,home,0,2,0.5215686274509804,42,48,0.4666666666666667,Pass majority,,1.9333333333333331
2024,8,401643814,G6,Arkansas State,away,1,4,0.4839650145772595,59,71,0.4538461538461538,Pass majority,,4.092307692307692
2024,8,401628392,P4,Arkansas,home,0,2,0.5558441558441558,108,102,0.5142857142857142,Run majority,,2.0
2024,8,401628392,P4,LSU,away,1,4,0.3863636363636363,70,98,0.4166666666666667,Pass majority,,4.0
2024,8,401628398,P4,Texas,home,0,6,0.5351089588377724,63,88,0.4172185430463576,Pass majority,,6.0
2024,8,401628398,P4,Georgia,away,1,0,0.4474474474474474,61,90,0.4039735099337748,Pass majority,,0.0
2024,8,401636900,P4,Iowa State,home,1,4,0.5930232558139535,97,78,0.5542857142857143,Run majority,,3.891428571428572
2024,8,401636900,P4,UCF,away,0,2,0.6601123595505618,71,39,0.6454545454545455,Run majority,,2.290909090909091
2024,8,401645349,G6,Memphis,home,1,4,0.4390243902439024,61,87,0.4121621621621621,Pass majority,,3.824324324324325
2024,8,401645349,G6,North Texas,away,0,2,0.4364161849710982,48,91,0.3453237410071942,Pass majority,,2.309352517985612
2024,8,401636904,P4,West Virginia,home,0,2,0.6091954022988506,97,69,0.5843373493975904,Run majority,,2.0
2024,8,401636904,P4,Kansas State,away,1,4,0.5950920245398773,85,76,0.5279503105590062,Run majority,,4.0
2024,8,401628520,P4,Michigan State,home,1,2,0.52,61,66,0.4803149606299212,Pass majority,,2.0
2024,8,401628520,P4,Iowa,away,0,4,0.6421404682274248,0,0,,Missing,Missing prior-game play-by-play,
2024,8,401628393,P4,Florida,home,1,3,0.5296052631578947,65,63,0.5078125,Run majority,,2.984375
2024,8,401628393,P4,Kentucky,away,0,3,0.6190476190476191,108,76,0.5869565217391305,Run majority,,3.1739130434782608
2024,8,401635590,P4,Stanford,home,0,1,0.5752212389380531,88,60,0.5945945945945946,Run majority,,1.0
2024,8,401635590,P4,SMU,away,1,5,0.584070796460177,88,90,0.4943820224719101,Pass majority,,5.0
2024,8,401643734,G6,Air Force,home,0,3,0.809375,136,25,0.84472049689441,Run majority,,3.0
2024,8,401643734,G6,Colorado State,away,1,3,0.5592705167173252,84,56,0.6,Run majority,,3.0
2024,8,401643739,G6,Oregon State,home,0,2,0.6052631578947368,130,67,0.6598984771573604,Run majority,,2.0
2024,8,401643739,G6,UNLV,away,1,4,0.6866666666666666,50,47,0.5154639175257731,Run majority,,4.0
2024,8,401636903,P4,Utah,home,0,5,0.5423728813559322,92,91,0.5027322404371585,Run majority,,5.005464480874317
2024,8,401636903,P4,TCU,away,1,1,0.3943661971830985,58,107,0.3515151515151515,Pass majority,,1.2969696969696969
2024,9,401640984,G6,Florida International,home,0,2,0.5276243093922652,82,91,0.4739884393063583,Pass majority,,2.0520231213872835
2024,9,401640984,G6,Sam Houston,away,1,3,0.6403162055335968,0,0,,Missing,Missing prior-game play-by-play,
2024,9,401641011,G6,Louisiana Tech,home,1,6,0.50997150997151,86,107,0.4455958549222797,Pass majority,,6.0
2024,9,401641011,G6,UTEP,away,0,0,0.5141388174807198,60,78,0.4347826086956521,Pass majority,,0.0
2024,9,401640993,G6,Kennesaw State,home,1,1,0.6402640264026402,85,35,0.7083333333333334,Run majority,,1.0
2024,9,401640993,G6,Liberty,away,0,5,0.6431226765799256,75,39,0.6578947368421053,Run majority,,5.0
2024,9,401641003,G6,Jacksonville State,home,1,6,0.6234096692111959,79,55,0.5895522388059702,Run majority,,6.0
2024,9,401641003,G6,Middle Tennessee,away,0,0,0.4473684210526316,38,64,0.3725490196078431,Pass majority,,0.0
2024,9,401643815,G6,Old Dominion,home,1,4,0.5687103594080338,0,0,,Missing,Missing prior-game play-by-play,
2024,9,401643815,G6,Georgia Southern,away,0,2,0.4764044943820225,57,99,0.3653846153846153,Pass majority,,2.269230769230769
2024,9,401634770,P4,Pittsburgh,home,1,5,0.4604105571847507,73,102,0.4171428571428571,Pass majority,,5.0
2024,9,401634770,P4,Syracuse,away,0,1,0.3825857519788918,79,155,0.3376068376068376,Pass majority,,1.0
2024,9,401634771,P4,Boston College,home,0,4,0.6115485564304461,95,67,0.5864197530864198,Run majority,,3.8271604938271606
2024,9,401634771,P4,Louisville,away,1,2,0.4646464646464646,79,89,0.4702380952380952,Pass majority,,1.9404761904761905
2024,9,401643740,G6,UNLV,home,0,4,0.670299727520436,77,65,0.5422535211267606,Run majority,,3.915492957746479
2024,9,401643740,G6,Boise State,away,1,2,0.5578635014836796,86,83,0.5088757396449705,Run majority,,2.0177514792899407
2024,9,401628532,P4,USC,home,1,4,0.395112016293279,88,123,0.4170616113744075,Pass majority,,4.0
2024,9,401628532,P4,Rutgers,away,0,2,0.5681818181818182,0,0,,Missing,Missing prior-game play-by-play,
2024,9,401644755,G6,Ohio,home,1,4,0.5918367346938775,89,73,0.5493827160493827,Run majority,,4.0
2024,9,401644755,G6,Buffalo,away,0,2,0.5962059620596206,72,67,0.5179856115107914,Run majority,,2.0
2024,9,401645353,G6,Memphis,home,1,5,0.4419134396355353,79,118,0.4010152284263959,Pass majority,,5.0
2024,9,401645353,G6,Charlotte,away,0,1,0.5491183879093199,0,0,,Missing,Missing prior-game play-by-play,
2024,9,401635597,P4,Virginia Tech,home,1,5,0.5986547085201793,112,75,0.5989304812834224,Run majority,,5.0
2024,9,401635597,P4,Georgia Tech,away,0,1,0.550321199143469,134,104,0.5630252100840336,Run majority,,1.0
2024,9,401628402,P4,Ole Miss,home,1,6,0.5477855477855478,70,75,0.4827586206896552,Pass majority,,6.0
2024,9,401628402,P4,Oklahoma,away,0,0,0.5470085470085471,0,0,,Missing,Missing prior-game play-by-play,
2024,9,401635598,P4,Virginia,home,0,5,0.5093457943925234,95,103,0.4797979797979798,Pass majority,,5.0
2024,9,401635598,P4,North Carolina,away,1,1,0.5124716553287982,0,0,,Missing,Missing prior-game play-by-play,
2024,9,401628526,P4,Indiana,home,1,4,0.5486284289276808,91,91,0.5,Balanced,,4.0
2024,9,401628526,P4,Washington,away,0,2,0.4729064039408867,83,108,0.4345549738219895,Pass majority,,2.130890052356021
2024,9,401645354,G6,North Texas,home,0,2,0.4153498871331828,69,127,0.3520408163265306,Pass majority,,1.7040816326530612
2024,9,401645354,G6,Tulane,away,1,4,0.6401985111662531,99,63,0.6111111111111112,Run majority,,3.7777777777777777
2024,9,401628530,P4,Ohio State,home,1,5,0.5261845386533666,0,0,,Missing,Missing prior-game play-by-play,
2024,9,401628530,P4,Nebraska,away,0,1,0.5190476190476191,0,0,,Missing,Missing prior-game play-by-play,
2024,9,401628403,P4,Mississippi State,home,0,2,0.5223529411764706,81,51,0.6136363636363636,Run majority,,2.0
2024,9,401628403,P4,Arkansas,away,1,4,0.535632183908046,112,106,0.5137614678899083,Run majority,,4.0
2024,9,401643816,G6,App State,home,1,1,0.4345549738219895,57,66,0.4634146341463415,Pass majority,,1.0
2024,9,401643816,G6,Georgia State,away,0,5,0.4127906976744186,62,79,0.4397163120567376,Pass majority,,5.0
2024,9,401644687,G6,Miami (OH),home,1,5,0.4707317073170731,88,99,0.4705882352941176,Pass majority,,5.0588235294117645
2024,9,401644687,G6,Central Michigan,away,0,1,0.5714285714285714,84,71,0.5419354838709678,Run majority,,1.0838709677419356
2024,9,401645352,G6,East Carolina,home,1,5,0.4778325123152709,96,103,0.4824120603015075,Pass majority,,4.964824120603015
2024,9,401645352,G6,Temple,away,0,1,0.4878048780487805,74,72,0.5068493150684932,Run majority,,0.9863013698630136
2024,9,401645355,G6,Tulsa,home,1,2,0.513189448441247,96,92,0.5106382978723404,Run majority,,2.0
2024,9,401645355,G6,UTSA,away,0,4,0.4612159329140461,0,0,,Missing,Missing prior-game play-by-play,
2024,9,401636911,P4,UCF,home,0,3,0.6602409638554216,99,51,0.66,Run majority,,3.3200000000000003
2024,9,401636911,P4,BYU,away,1,3,0.5080645161290323,86,99,0.4648648648648649,Pass majority,,3.07027027027027
2024,9,401636910,P4,TCU,home,1,4,0.4032634032634032,73,134,0.3526570048309179,Pass majority,,4.294685990338165
2024,9,401636910,P4,Texas Tech,away,0,2,0.4521158129175947,88,99,0.4705882352941176,Pass majority,,1.9411764705882355
2024,9,401636906,P4,Baylor,home,1,3,0.5128205128205128,65,76,0.4609929078014184,Pass majority,,2.921985815602837
2024,9,401636906,P4,Oklahoma State,away,0,2,0.4120603015075377,72,94,0.4337349397590361,Pass majority,,2.132530120481928
2024,9,401635599,P4,Stanford,home,0,5,0.559610705596107,96,65,0.5962732919254659,Run majority,,5.0
2024,9,401635599,P4,Wake Forest,away,1,0,0.4918414918414918,91,106,0.4619289340101523,Pass majority,,0.0
2024,9,401628528,P4,Minnesota,home,1,1,0.4901960784313725,85,99,0.4619565217391304,Pass majority,,1.0
2024,9,401628528,P4,Maryland,away,0,5,0.4379084967320261,86,114,0.43,Pass majority,,5.0
2024,9,401643817,G6,James Madison,home,1,6,0.5287081339712919,69,81,0.46,Pass majority,,6.0
2024,9,401643817,G6,Southern Miss,away,0,0,0.5538461538461539,43,52,0.4526315789473684,Pass majority,,0.0
2024,9,401644754,G6,Toledo,home,0,3,0.5098039215686274,82,88,0.4823529411764706,Pass majority,,2.9647058823529413
2024,9,401644754,G6,Bowling Green,away,1,2,0.5063938618925832,108,115,0.484304932735426,Pass majority,,2.031390134529148
2024,9,401628525,P4,Oregon,home,1,5,0.5307692307692308,91,89,0.5055555555555555,Run majority,,5.0
2024,9,401628525,P4,Illinois,away,0,1,0.5702702702702702,0,0,,Missing,Missing prior-game play-by-play,
2024,9,401628400,P4,Alabama,home,1,6,0.562929061784897,104,97,0.5174129353233831,Run majority,,6.0
2024,9,401628400,P4,Missouri,away,0,0,0.5197215777262181,77,72,0.5167785234899329,Run majority,,0.0
2024,9,401628527,P4,Iowa,home,1,3,0.6231884057971014,0,0,,Missing,Missing prior-game play-by-play,
2024,9,401628527,P4,Northwestern,away,0,3,0.5141242937853108,91,87,0.5112359550561798,Run majority,,3.0
2024,9,401644752,G6,Akron,home,1,1,0.4273504273504273,48,102,0.32,Pass majority,,1.0
2024,9,401644752,G6,Eastern Michigan,away,0,5,0.5538793103448276,116,127,0.4773662551440329,Pass majority,,5.0
2024,9,401644756,G6,Western Michigan,home,1,6,0.6005361930294906,84,83,0.5029940119760479,Run majority,,6.0
2024,9,401644756,G6,Kent State,away,0,0,0.5575221238938053,45,42,0.5172413793103449,Run majority,,0.0
2024,9,401644753,G6,Ball State,home,1,1,0.4652956298200514,83,78,0.515527950310559,Run majority,,1.0
2024,9,401644753,G6,Northern Illinois,away,0,5,0.6261061946902655,164,90,0.6456692913385826,Run majority,,5.0
2024,9,401628405,P4,Vanderbilt,home,0,2,0.634020618556701,123,75,0.6212121212121212,Run majority,,2.0
2024,9,401628405,P4,Texas,away,1,4,0.5071574642126789,69,99,0.4107142857142857,Pass majority,,4.0
2024,9,401643819,G6,South Alabama,home,1,4,0.5135135135135135,79,77,0.5064102564102564,Run majority,,4.012820512820513
2024,9,401643819,G6,UL Monroe,away,0,2,0.6443661971830986,68,44,0.6071428571428571,Run majority,,1.7857142857142858
2024,9,401643741,G6,Colorado State,home,1,6,0.5684754521963824,107,65,0.622093023255814,Run majority,,6.0
2024,9,401643741,G6,New Mexico,away,0,0,0.5202702702702703,0,0,,Missing,Missing prior-game play-by-play,
2024,9,401636908,P4,Houston,home,1,2,0.5785714285714286,72,54,0.5714285714285714,Run majority,,1.8571428571428568
2024,9,401636908,P4,Utah,away,0,4,0.5278450363196125,102,105,0.4927536231884058,Pass majority,,3.985507246376812
2024,9,401643818,G6,Arkansas State,home,1,5,0.4963680387409201,77,90,0.4610778443113772,Pass majority,,5.0
2024,9,401643818,G6,Troy,away,0,1,0.5423728813559322,92,75,0.5508982035928144,Run majority,,1.0
2024,9,401643745,G6,Wyoming,home,0,4,0.5607235142118863,101,78,0.5642458100558659,Run majority,,4.0
2024,9,401643745,G6,Utah State,away,1,2,0.4327354260089686,0,0,,Missing,Missing prior-game play-by-play,
2024,9,401635596,P4,Miami,home,1,6,0.4593967517401392,83,109,0.4322916666666667,Pass majority,,6.0
2024,9,401635596,P4,Florida State,away,0,0,0.4685314685314685,87,81,0.5178571428571429,Run majority,,0.0
2024,9,401636905,P4,Arizona,home,0,4,0.4253731343283582,57,93,0.38,Pass majority,,4.24
2024,9,401636905,P4,West Virginia,away,1,2,0.6028368794326241,110,81,0.5759162303664922,Run majority,,2.1518324607329844
2024,9,401628529,P4,Michigan,home,1,6,0.6162790697674418,109,71,0.6055555555555555,Run majority,,6.0
2024,9,401628529,P4,Michigan State,away,0,0,0.5297297297297298,80,83,0.4907975460122699,Pass majority,,0.0
2024,9,401628531,P4,Wisconsin,home,0,2,0.5785714285714286,83,87,0.488235294117647,Pass majority,,2.0
2024,9,401628531,P4,Penn State,away,1,4,0.5969387755102041,107,85,0.5572916666666666,Run majority,,4.0
2024,9,401628404,P4,Texas A&M,home,1,5,0.6301020408163265,120,88,0.5769230769230769,Run majority,,5.0
2024,9,401628404,P4,LSU,away,0,0,0.4080188679245283,85,121,0.4126213592233009,Pass majority,,0.0
2024,9,401628401,P4,Kentucky,home,0,3,0.6053811659192825,125,84,0.5980861244019139,Run majority,,3.0
2024,9,401628401,P4,Auburn,away,1,3,0.5380577427821522,108,104,0.5094339622641509,Run majority,,3.0
2024,9,401636909,P4,Kansas State,home,1,5,0.5774278215223098,96,94,0.5052631578947369,Run majority,,5.0
2024,9,401636909,P4,Kansas,away,0,1,0.56282722513089,140,108,0.5645161290322581,Run majority,,1.0
2024,9,401643742,G6,Fresno State,home,1,3,0.4974358974358974,0,0,,Missing,Missing prior-game play-by-play,
2024,9,401643742,G6,San José State,away,0,3,0.3771712158808933,83,136,0.3789954337899543,Pass majority,,2.7579908675799087
2024,9,401635595,P4,Duke,home,0,2,0.5089058524173028,73,93,0.4397590361445783,Pass majority,,2.0
2024,9,401635595,P4,SMU,away,1,4,0.5841584158415841,93,96,0.492063492063492,Pass majority,,4.0
2024,9,401636907,P4,Colorado,home,1,4,0.4156479217603912,60,107,0.3592814371257485,Pass majority,,4.281437125748504
2024,9,401636907,P4,Cincinnati,away,0,2,0.5083932853717026,81,88,0.4792899408284023,Pass majority,,1.9585798816568047
2024,9,401643744,G6,San Diego State,home,0,4,0.5594855305466238,0,0,,Missing,Missing prior-game play-by-play,
2024,9,401643744,G6,Washington State,away,1,2,0.5402298850574713,0,0,,Missing,Missing prior-game play-by-play,
2024,9,401643743,G6,Hawai'i,home,1,1,0.389937106918239,38,89,0.2992125984251969,Pass majority,,1.0
2024,9,401643743,G6,Nevada,away,0,5,0.6040723981900452,170,101,0.6273062730627307,Run majority,,5.0
2024,10,401640985,G6,Florida International,home,1,3,0.5428571428571428,109,105,0.5093457943925234,Run majority,,2.981308411214953
2024,10,401640985,G6,New Mexico State,away,0,2,0.5706806282722513,0,0,,Missing,Missing prior-game play-by-play,
2024,10,401643820,G6,Texas State,home,0,5,0.5247058823529411,0,0,,Missing,Missing prior-game play-by-play,
2024,10,401643820,G6,Louisiana,away,1,1,0.55470737913486,110,99,0.5263157894736842,Run majority,,1.0
2024,10,401641012,G6,Sam Houston,home,1,4,0.643859649122807,0,0,,Missing,Missing prior-game play-by-play,
2024,10,401641012,G6,Louisiana Tech,away,0,2,0.5072815533980582,100,134,0.4273504273504273,Pass majority,,2.145299145299145
2024,10,401640994,G6,Liberty,home,0,4,0.6,96,58,0.6233766233766234,Run majority,,4.246753246753247
2024,10,401640994,G6,Jacksonville State,away,1,2,0.6437768240343348,111,69,0.6166666666666667,Run majority,,1.7666666666666666
2024,10,401641020,G6,Western Kentucky,home,1,6,0.513189448441247,69,77,0.4726027397260274,Pass majority,,6.0
2024,10,401641020,G6,Kennesaw State,away,0,0,0.6465753424657534,112,50,0.691358024691358,Run majority,,0.0
2024,10,401645356,G6,Charlotte,home,0,2,0.5523385300668151,0,0,,Missing,Missing prior-game play-by-play,
2024,10,401645356,G6,Tulane,away,1,4,0.6587473002159827,111,67,0.6235955056179775,Run majority,,4.0
2024,10,401645357,G6,Florida Atlantic,home,0,4,0.5828877005347594,88,57,0.6068965517241379,Run majority,,3.786206896551725
2024,10,401645357,G6,South Florida,away,1,2,0.5047169811320755,90,95,0.4864864864864865,Pass majority,,1.972972972972973
2024,10,401643747,G6,Boise State,home,1,4,0.5560975609756098,107,108,0.4976744186046511,Pass majority,,3.9953488372093022
2024,10,401643747,G6,San Diego State,away,0,2,0.5340314136125655,0,0,,Missing,Missing prior-game play-by-play,
2024,10,401645359,G6,UTSA,home,1,2,0.4577464788732394,0,0,,Missing,Missing prior-game play-by-play,
2024,10,401645359,G6,Memphis,away,0,4,0.4662813102119461,109,139,0.439516129032258,Pass majority,,4.0
2024,10,401635601,P4,Miami,home,1,5,0.4694280078895463,100,125,0.4444444444444444,Pass majority,,5.0
2024,10,401635601,P4,Duke,away,0,1,0.4872340425531914,85,122,0.4106280193236715,Pass majority,,1.0
2024,10,401643746,G6,Army,home,1,5,0.8706199460916442,91,12,0.883495145631068,Run majority,,5.0
2024,10,401643746,G6,Air Force,away,0,1,0.7825,151,26,0.8531073446327684,Run majority,,1.0
2024,10,401635604,P4,Syracuse,home,1,1,0.3686440677966102,82,161,0.3374485596707819,Pass majority,,1.0
2024,10,401635604,P4,Virginia Tech,away,0,5,0.591715976331361,131,96,0.5770925110132159,Run majority,,5.0
2024,10,401644757,G6,Akron,home,0,2,0.448780487804878,55,113,0.3273809523809524,Pass majority,,2.345238095238096
2024,10,401644757,G6,Buffalo,away,1,4,0.5736961451247166,84,81,0.509090909090909,Run majority,,4.018181818181818
2024,10,401628406,P4,Arkansas,home,0,1,0.5389221556886228,121,112,0.51931330472103,Run majority,,1.0
2024,10,401628406,P4,Ole Miss,away,1,5,0.5428571428571428,92,97,0.4867724867724867,Pass majority,,5.0
2024,10,401635516,P4,NC State,home,1,4,0.4940898345153664,96,121,0.4423963133640553,Pass majority,,4.11520737327189
2024,10,401635516,P4,Stanford,away,0,2,0.5376569037656904,106,78,0.5760869565217391,Run majority,,2.1521739130434785
2024,10,401644758,G6,Eastern Michigan,home,0,2,0.532967032967033,124,136,0.4769230769230769,Pass majority,,2.0
2024,10,401644758,G6,Toledo,away,1,4,0.4906444906444906,97,107,0.4754901960784313,Pass majority,,4.0
2024,10,401628533,P4,Illinois,home,0,1,0.5560640732265446,0,0,,Missing,Missing prior-game play-by-play,
2024,10,401628533,P4,Minnesota,away,1,5,0.4857142857142857,88,110,0.4444444444444444,Pass majority,,5.0
2024,10,401628538,P4,Purdue,home,0,2,0.580441640378549,0,0,,Missing,Missing prior-game play-by-play,
2024,10,401628538,P4,Northwestern,away,1,4,0.508641975308642,101,93,0.520618556701031,Run majority,,4.041237113402062
2024,10,401628539,P4,Penn State,home,0,3,0.5873362445414847,129,106,0.548936170212766,Run majority,,2.902127659574468
2024,10,401628539,P4,Ohio State,away,1,3,0.5401785714285714,0,0,,Missing,Missing prior-game play-by-play,
2024,10,401628407,P4,Auburn,home,0,5,0.5579868708971554,131,116,0.5303643724696356,Run majority,,5.0
2024,10,401628407,P4,Vanderbilt,away,1,1,0.6155555555555555,135,78,0.6338028169014085,Run majority,,1.0
2024,10,401645358,G6,UAB,home,1,3,0.4617224880382775,76,101,0.4293785310734463,Pass majority,,3.1412429378531077
2024,10,401645358,G6,Tulsa,away,0,3,0.5030181086519114,100,102,0.495049504950495,Pass majority,,2.99009900990099
2024,10,401643821,G6,App State,home,1,1,0.4563758389261745,83,80,0.50920245398773,Run majority,,1.0
2024,10,401643821,G6,Old Dominion,away,0,5,0.5730129390018485,0,0,,Missing,Missing prior-game play-by-play,
2024,10,401628408,P4,Georgia,home,1,2,0.4430693069306931,69,111,0.3833333333333333,Pass majority,,1.7666666666666666
2024,10,401628408,P4,Florida,away,0,2,0.56353591160221,92,77,0.5443786982248521,Run majority,,1.911242603550296
2024,10,401628534,P4,Michigan State,home,0,2,0.5471264367816092,103,93,0.5255102040816326,Run majority,,2.0
2024,10,401628534,P4,Indiana,away,1,4,0.576271186440678,116,107,0.5201793721973094,Run majority,,4.0
2024,10,401628536,P4,Michigan,home,0,3,0.6153846153846154,128,82,0.6095238095238096,Run majority,,3.219047619047619
2024,10,401628536,P4,Oregon,away,1,3,0.5382932166301969,98,98,0.5,Balanced,,3.0
2024,10,401628537,P4,Nebraska,home,0,6,0.5164609053497943,0,0,,Missing,Missing prior-game play-by-play,
2024,10,401628537,P4,UCLA,away,1,0,0.4405940594059406,68,112,0.3777777777777777,Pass majority,,0.0
2024,10,401636916,P4,UCF,home,1,4,0.643312101910828,103,52,0.6645161290322581,Run majority,,4.329032258064516
2024,10,401636916,P4,Arizona,away,0,2,0.4251626898047722,60,94,0.3896103896103896,Pass majority,,2.220779220779221
2024,10,401636913,P4,Houston,home,1,3,0.6066252587991718,102,64,0.6144578313253012,Run majority,,2.7710843373493974
2024,10,401636913,P4,Kansas State,away,0,3,0.5695364238410596,120,115,0.5106382978723404,Run majority,,3.0212765957446805
2024,10,401635602,P4,Florida State,home,0,1,0.4683026584867075,91,87,0.5112359550561798,Run majority,,1.0
2024,10,401635602,P4,North Carolina,away,1,5,0.51953125,0,0,,Missing,Missing prior-game play-by-play,
2024,10,401636915,P4,Oklahoma State,home,0,3,0.4177215189873418,94,114,0.4519230769230769,Pass majority,,3.0961538461538463
2024,10,401636915,P4,Arizona State,away,1,3,0.6276150627615062,0,0,,Missing,Missing prior-game play-by-play,
2024,10,401643822,G6,Marshall,home,1,2,0.6005291005291006,0,0,,Missing,Missing prior-game play-by-play,
2024,10,401643822,G6,UL Monroe,away,0,4,0.638728323699422,87,58,0.6,Run majority,,3.8
2024,10,401636914,P4,Iowa State,home,0,4,0.575,121,101,0.545045045045045,Run majority,,3.90990990990991
2024,10,401636914,P4,Texas Tech,away,1,2,0.4711359404096834,101,116,0.4654377880184331,Pass majority,,1.9308755760368663
2024,10,401641026,G6,UTEP,home,0,5,0.5464601769911505,92,89,0.5082872928176796,Run majority,,5.016574585635359
2024,10,401641026,G6,Middle Tennessee,away,1,1,0.4370709382151029,50,81,0.3816793893129771,Pass majority,,1.236641221374046
2024,10,401643824,G6,Troy,home,1,1,0.5411764705882353,98,80,0.550561797752809,Run majority,,1.0
2024,10,401643824,G6,Coastal Carolina,away,0,5,0.5718085106382979,73,51,0.5887096774193549,Run majority,,5.0
2024,10,401645360,G6,Rice,home,1,3,0.3661971830985915,75,99,0.4310344827586206,Pass majority,,3.0
2024,10,401645360,G6,Navy,away,0,3,0.7777777777777778,73,23,0.7604166666666666,Run majority,,3.0
2024,10,401643750,G6,New Mexico,home,0,3,0.51252408477842,0,0,,Missing,Missing prior-game play-by-play,
2024,10,401643750,G6,Wyoming,away,1,3,0.5630434782608695,126,100,0.5575221238938053,Run majority,,3.0
2024,10,401643749,G6,Fresno State,home,0,6,0.4968152866242038,0,0,,Missing,Missing prior-game play-by-play,
2024,10,401643749,G6,Hawai'i,away,1,0,0.4311688311688311,50,95,0.3448275862068966,Pass majority,,0.0
2024,10,401635600,P4,Clemson,home,0,5,0.4907597535934291,59,77,0.4338235294117647,Pass majority,,5.0
2024,10,401635600,P4,Louisville,away,1,1,0.463519313304721,91,98,0.4814814814814814,Pass majority,,1.0
2024,10,401643823,G6,South Alabama,home,0,4,0.5298969072164949,113,102,0.5255813953488372,Run majority,,4.051162790697674
2024,10,401643823,G6,Georgia Southern,away,1,2,0.4673267326732673,59,104,0.3619631901840491,Pass majority,,2.2760736196319016
2024,10,401628540,P4,Washington,home,1,4,0.480603448275862,97,120,0.4470046082949309,Pass majority,,4.105990783410139
2024,10,401628540,P4,USC,away,0,2,0.4003690036900369,97,131,0.425438596491228,Pass majority,,1.850877192982456
2024,10,401628411,P4,South Carolina,home,1,3,0.6350515463917525,0,0,,Missing,Missing prior-game play-by-play,
2024,10,401628411,P4,Texas A&M,away,0,3,0.6420824295010846,137,95,0.5905172413793104,Run majority,,3.181034482758621
2024,10,401628535,P4,Iowa,home,1,4,0.6180048661800487,0,0,,Missing,Missing prior-game play-by-play,
2024,10,401628535,P4,Wisconsin,away,0,2,0.5521472392638037,103,111,0.4813084112149532,Pass majority,,2.037383177570093
2024,10,401628412,P4,Tennessee,home,1,6,0.6423529411764706,90,79,0.5325443786982249,Run majority,,6.0
2024,10,401628412,P4,Kentucky,away,0,0,0.594,136,103,0.5690376569037657,Run majority,,0.0
2024,10,401643748,G6,Nevada,home,0,3,0.5803921568627451,174,106,0.6214285714285714,Run majority,,2.757142857142857
2024,10,401643748,G6,Colorado State,away,1,3,0.5778781038374717,118,77,0.6051282051282051,Run majority,,3.2102564102564104
2024,10,401636912,P4,Baylor,home,1,4,0.53125,88,92,0.4888888888888889,Pass majority,,3.977777777777778
2024,10,401636912,P4,TCU,away,0,2,0.4098360655737705,86,153,0.3598326359832636,Pass majority,,2.280334728033473
2024,10,401635627,P4,SMU,home,1,3,0.5983263598326359,129,114,0.5308641975308642,Run majority,,2.9382716049382718
2024,10,401635627,P4,Pittsburgh,away,0,3,0.4649350649350649,78,105,0.4262295081967213,Pass majority,,2.8524590163934427
2024,11,401644760,G6,Central Michigan,home,0,2,0.5838779956427015,101,78,0.5642458100558659,Run majority,,2.128491620111732
2024,11,401644760,G6,Bowling Green,away,1,4,0.5153508771929824,128,138,0.4812030075187969,Pass majority,,4.037593984962406
2024,11,401644688,G6,Ball State,home,0,1,0.4784482758620689,111,100,0.5260663507109005,Run majority,,1.0
2024,11,401644688,G6,Miami (OH),away,1,5,0.4894514767932489,99,113,0.4669811320754717,Pass majority,,5.0
2024,11,401644761,G6,Kent State,home,0,1,0.56575682382134,49,44,0.5268817204301075,Run majority,,1.0
2024,11,401644761,G6,Ohio,away,1,5,0.6039823008849557,106,83,0.5608465608465608,Run majority,,5.0
2024,11,401644762,G6,Western Michigan,home,0,3,0.6013824884792627,91,88,0.5083798882681564,Run majority,,2.983240223463687
2024,11,401644762,G6,Northern Illinois,away,1,3,0.5915221579961464,181,102,0.6395759717314488,Run majority,,3.2791519434628977
2024,11,401643825,G6,Coastal Carolina,home,1,6,0.5537757437070938,83,60,0.5804195804195804,Run majority,,6.0
2024,11,401643825,G6,App State,away,0,0,0.4712871287128712,98,94,0.5104166666666666,Run majority,,0.0
2024,11,401645361,G6,East Carolina,home,1,3,0.4883227176220807,117,126,0.4814814814814814,Pass majority,,2.962962962962963
2024,11,401645361,G6,Florida Atlantic,away,0,3,0.5638766519823789,115,86,0.572139303482587,Run majority,,2.855721393034826
2024,11,401634773,P4,Wake Forest,home,0,1,0.5098814229249012,124,132,0.484375,Pass majority,,1.0
2024,11,401634773,P4,California,away,1,5,0.4989690721649484,0,0,,Missing,Missing prior-game play-by-play,
2024,11,401628542,P4,UCLA,home,1,3,0.4531590413943355,86,128,0.4018691588785046,Pass majority,,3.196261682242991
2024,11,401628542,P4,Iowa,away,0,3,0.6484210526315789,0,0,,Missing,Missing prior-game play-by-play,
2024,11,401645362,G6,Memphis,home,1,5,0.4442567567567567,123,164,0.4285714285714285,Pass majority,,5.0
2024,11,401645362,G6,Rice,away,0,1,0.3686354378818737,80,112,0.4166666666666667,Pass majority,,1.0
2024,11,401643754,G6,San Diego State,home,0,5,0.5251141552511416,0,0,,Missing,Missing prior-game play-by-play,
2024,11,401643754,G6,New Mexico,away,1,1,0.5094991364421416,0,0,,Missing,Missing prior-game play-by-play,
2024,11,401635606,P4,Boston College,home,1,6,0.6088888888888889,106,79,0.572972972972973,Run majority,,6.0
2024,11,401635606,P4,Syracuse,away,0,0,0.3826247689463956,85,167,0.3373015873015873,Pass majority,,0.0
2024,11,401636918,P4,Cincinnati,home,0,4,0.5093945720250522,93,98,0.4869109947643979,Pass majority,,4.026178010471204
2024,11,401636918,P4,West Virginia,away,1,2,0.6082474226804123,128,92,0.5818181818181818,Run majority,,2.163636363636364
2024,11,401628544,P4,Rutgers,home,1,1,0.5505154639175258,0,0,,Missing,Missing prior-game play-by-play,
2024,11,401628544,P4,Minnesota,away,0,5,0.4826175869120654,107,138,0.436734693877551,Pass majority,,5.0
2024,11,401628417,P4,Texas,home,1,6,0.5035714285714286,82,121,0.4039408866995074,Pass majority,,6.0
2024,11,401628417,P4,Florida,away,0,0,0.5627906976744186,117,92,0.5598086124401914,Run majority,,0.0
2024,11,401635609,P4,Georgia Tech,home,1,1,0.5291970802919708,154,124,0.5539568345323741,Run majority,,1.0
2024,11,401635609,P4,Miami,away,0,5,0.464594127806563,119,149,0.4440298507462686,Pass majority,,5.0
2024,11,401628545,P4,Ohio State,home,1,6,0.55078125,0,0,,Missing,Missing prior-game play-by-play,
2024,11,401628545,P4,Purdue,away,0,0,0.5433070866141733,0,0,,Missing,Missing prior-game play-by-play,
2024,11,401645363,G6,South Florida,home,0,2,0.5150300601202404,117,121,0.4915966386554621,Pass majority,,2.0
2024,11,401645363,G6,Navy,away,1,4,0.7593052109181141,76,25,0.7524752475247525,Run majority,,4.0
2024,11,401643828,G6,UL Monroe,home,0,3,0.6584158415841584,119,66,0.6432432432432432,Run majority,,3.0
2024,11,401643828,G6,Texas State,away,1,3,0.5291750503018109,0,0,,Missing,Missing prior-game play-by-play,
2024,11,401640995,G6,Middle Tennessee,home,0,2,0.438,67,107,0.3850574712643678,Pass majority,,2.2298850574712645
2024,11,401640995,G6,Liberty,away,1,4,0.6175771971496437,130,67,0.6598984771573604,Run majority,,4.319796954314721
2024,11,401643829,G6,Southern Miss,home,0,1,0.5558312655086849,53,67,0.4416666666666666,Pass majority,,1.0
2024,11,401643829,G6,Marshall,away,1,5,0.6136363636363636,0,0,,Missing,Missing prior-game play-by-play,
2024,11,401628541,P4,Indiana,home,1,5,0.5703564727954972,124,118,0.512396694214876,Run majority,,5.0
2024,11,401628541,P4,Michigan,away,0,1,0.6067415730337079,141,88,0.6157205240174672,Run majority,,1.0
2024,11,401635607,P4,Virginia Tech,home,0,3,0.6010362694300518,142,106,0.5725806451612904,Run majority,,3.145161290322581
2024,11,401635607,P4,Clemson,away,1,3,0.4829931972789115,75,95,0.4411764705882353,Pass majority,,3.117647058823529
2024,11,401643826,G6,James Madison,home,1,6,0.5402061855670103,84,94,0.4719101123595505,Pass majority,,6.0
2024,11,401643826,G6,Georgia State,away,0,0,0.4331210191082802,89,106,0.4564102564102564,Pass majority,,0.0
2024,11,401628414,P4,Ole Miss,home,1,5,0.5441696113074205,103,110,0.4835680751173709,Pass majority,,5.0
2024,11,401628414,P4,Georgia,away,0,1,0.4444444444444444,90,137,0.3964757709251101,Pass majority,,1.0
2024,11,401643755,G6,Oregon State,home,0,2,0.5776031434184676,153,83,0.6483050847457628,Run majority,,1.7033898305084745
2024,11,401643755,G6,San José State,away,1,4,0.3601694915254237,86,146,0.3706896551724138,Pass majority,,3.7413793103448274
2024,11,401635608,P4,NC State,home,0,2,0.51340206185567,114,132,0.4634146341463415,Pass majority,,2.073170731707317
2024,11,401635608,P4,Duke,away,1,4,0.4758364312267658,97,144,0.4024896265560166,Pass majority,,3.804979253112033
2024,11,401636919,P4,Kansas,home,1,2,0.5570469798657718,154,118,0.5661764705882353,Run majority,,2.1323529411764706
2024,11,401636919,P4,Iowa State,away,0,3,0.563953488372093,146,125,0.5387453874538746,Run majority,,2.922509225092251
2024,11,401629045,G6,North Texas,home,0,3,0.3980952380952381,71,136,0.3429951690821256,Pass majority,,3.314009661835749
2024,11,401629045,G6,Army,away,1,3,0.8652482269503546,119,16,0.8814814814814815,Run majority,,3.762962962962963
2024,11,401636921,P4,Texas Tech,home,0,3,0.469721767594108,117,142,0.4517374517374517,Pass majority,,2.9034749034749034
2024,11,401636921,P4,Colorado,away,1,3,0.4375,77,123,0.385,Pass majority,,3.23
2024,11,401645364,G6,Tulane,home,1,6,0.6543438077634011,134,88,0.6036036036036037,Run majority,,6.0
2024,11,401645364,G6,Temple,away,0,0,0.4867924528301887,89,87,0.5056818181818182,Run majority,,0.0
2024,11,401641021,G6,UTEP,home,1,5,0.5473484848484849,120,113,0.5150214592274678,Run majority,,5.0
2024,11,401641021,G6,Kennesaw State,away,0,1,0.6412037037037037,120,54,0.6896551724137931,Run majority,,1.0
2024,11,401628418,P4,Vanderbilt,home,0,1,0.6164383561643836,157,94,0.6254980079681275,Run majority,,1.0
2024,11,401628418,P4,South Carolina,away,1,5,0.6324324324324324,0,0,,Missing,Missing prior-game play-by-play,
2024,11,401641004,G6,Louisiana Tech,home,0,2,0.5060975609756098,120,160,0.4285714285714285,Pass majority,,2.0
2024,11,401641004,G6,Jacksonville State,away,1,4,0.6647619047619048,144,78,0.6486486486486487,Run majority,,4.0
2024,11,401643827,G6,Louisiana,home,1,6,0.5538461538461539,128,123,0.5099601593625498,Run majority,,6.0
2024,11,401643827,G6,Arkansas State,away,0,0,0.498989898989899,95,107,0.4702970297029702,Pass majority,,0.0
2024,11,401641036,G6,New Mexico State,home,0,2,0.5878378378378378,0,0,,Missing,Missing prior-game play-by-play,
2024,11,401641036,G6,Western Kentucky,away,1,4,0.5263157894736842,82,85,0.4910179640718562,Pass majority,,4.0
2024,11,401636917,P4,Arizona State,home,1,5,0.6276978417266187,0,0,,Missing,Missing prior-game play-by-play,
2024,11,401636917,P4,UCF,away,0,1,0.6425925925925926,114,62,0.6477272727272727,Run majority,,1.2954545454545454
2024,11,401628416,P4,Tennessee,home,1,6,0.6252465483234714,117,109,0.5176991150442478,Run majority,,6.0
2024,11,401628416,P4,Mississippi State,away,0,0,0.5316455696202531,103,65,0.6130952380952381,Run majority,,0.0
2024,11,401628543,P4,Oregon,home,1,4,0.5359848484848485,111,116,0.4889867841409692,Pass majority,,4.0
2024,11,401628543,P4,Maryland,away,0,2,0.4299242424242424,90,118,0.4326923076923077,Pass majority,,2.0
2024,11,401636920,P4,TCU,home,1,4,0.418018018018018,109,176,0.3824561403508772,Pass majority,,4.0
2024,11,401636920,P4,Oklahoma State,away,0,2,0.4169811320754717,106,137,0.4362139917695473,Pass majority,,2.0
2024,11,401628984,P4,Notre Dame,home,1,6,0.5672514619883041,119,111,0.5173913043478261,Run majority,,6.0
2024,11,401628984,P4,Florida State,away,0,0,0.4803738317757009,103,94,0.5228426395939086,Run majority,,0.0
2024,11,401628413,P4,LSU,home,0,1,0.3943661971830985,98,148,0.3983739837398374,Pass majority,,1.0
2024,11,401628413,P4,Alabama,away,1,5,0.566,118,113,0.5108225108225108,Run majority,,5.0
2024,11,401628415,P4,Missouri,home,1,3,0.5323886639676113,88,86,0.5057471264367817,Run majority,,2.9885057471264367
2024,11,401628415,P4,Oklahoma,away,0,3,0.5573770491803278,0,0,,Missing,Missing prior-game play-by-play,
2024,11,401643752,G6,Boise State,home,1,4,0.5591836734693878,116,117,0.4978540772532189,Pass majority,,3.995708154506438
2024,11,401643752,G6,Nevada,away,0,2,0.5798611111111112,178,109,0.6202090592334495,Run majority,,1.759581881533101
2024,11,401635610,P4,Pittsburgh,home,0,6,0.4432773109243697,82,114,0.4183673469387755,Pass majority,,6.0
2024,11,401635610,P4,Virginia,away,1,0,0.4959839357429719,108,119,0.4757709251101321,Pass majority,,0.0
2024,11,401628546,P4,Penn State,home,1,3,0.589041095890411,148,123,0.5461254612546126,Run majority,,3.0922509225092254
2024,11,401628546,P4,Washington,away,0,2,0.4727954971857411,112,147,0.4324324324324324,Pass majority,,2.135135135135135
2024,11,401643753,G6,Hawai'i,home,0,1,0.4261603375527426,70,121,0.3664921465968586,Pass majority,,1.0
2024,11,401643753,G6,UNLV,away,1,5,0.6635294117647059,95,83,0.5337078651685393,Run majority,,5.0
2024,11,401643751,G6,Air Force,home,1,1,0.7673913043478261,167,35,0.8267326732673267,Run majority,,1.0
2024,11,401643751,G6,Fresno State,away,0,5,0.4875717017208413,0,0,,Missing,Missing prior-game play-by-play,
2024,11,401636922,P4,Utah,home,0,3,0.5126050420168067,121,129,0.484,Pass majority,,3.0
2024,11,401636922,P4,BYU,away,1,3,0.5369127516778524,100,110,0.4761904761904761,Pass majority,,3.0
2024,11,401643756,G6,Washington State,home,1,5,0.547808764940239,0,0,,Missing,Missing prior-game play-by-play,
2024,11,401643756,G6,Utah State,away,0,1,0.4313346228239845,0,0,,Missing,Missing prior-game play-by-play,
2024,12,401644764,G6,Bowling Green,home,1,4,0.5182341650671785,145,161,0.4738562091503268,Pass majority,,4.052287581699346
2024,12,401644764,G6,Western Michigan,away,0,2,0.5963855421686747,116,100,0.5370370370370371,Run majority,,2.0740740740740744
2024,12,401644763,G6,Buffalo,home,1,5,0.5778210116731517,100,89,0.5291005291005291,Run majority,,5.058201058201059
2024,12,401644763,G6,Ball State,away,0,1,0.4684512428298279,129,123,0.5119047619047619,Run majority,,0.9761904761904764
2024,12,401644765,G6,Toledo,home,1,5,0.489945155393053,113,129,0.4669421487603306,Pass majority,,5.066115702479339
2024,12,401644765,G6,Central Michigan,away,0,1,0.598825831702544,112,86,0.5656565656565656,Run majority,,1.1313131313131313
2024,12,401644689,G6,Miami (OH),home,1,6,0.4869402985074627,115,134,0.4618473895582329,Pass majority,,6.0
2024,12,401644689,G6,Kent State,away,0,0,0.5758241758241758,52,47,0.5252525252525253,Run majority,,0.0
2024,12,401644767,G6,Ohio,home,1,3,0.60727969348659,115,89,0.5637254901960784,Run majority,,3.127450980392157
2024,12,401644767,G6,Eastern Michigan,away,0,3,0.5252365930599369,152,162,0.4840764331210191,Pass majority,,3.031847133757962
2024,12,401644766,G6,Northern Illinois,home,1,6,0.6044905008635578,202,108,0.6516129032258065,Run majority,,6.0
2024,12,401644766,G6,Akron,away,0,0,0.4395833333333333,61,120,0.3370165745856354,Pass majority,,0.0
2024,12,401645365,G6,Tulsa,home,0,1,0.5093696763202725,101,104,0.4926829268292683,Pass majority,,1.0
2024,12,401645365,G6,East Carolina,away,1,5,0.5009487666034156,120,129,0.4819277108433735,Pass majority,,5.0
2024,12,401645366,G6,UTSA,home,1,4,0.4602184087363494,0,0,,Missing,Missing prior-game play-by-play,
2024,12,401645366,G6,North Texas,away,0,2,0.3913793103448276,82,157,0.3430962343096234,Pass majority,,2.3138075313807533
2024,12,401643759,G6,Colorado State,home,1,5,0.5898989898989899,128,81,0.6124401913875598,Run majority,,5.0
2024,12,401643759,G6,Wyoming,away,0,1,0.576427255985267,157,119,0.5688405797101449,Run majority,,1.0
2024,12,401628553,P4,Washington,home,1,4,0.4838709677419355,121,156,0.4368231046931408,Pass majority,,4.126353790613718
2024,12,401628553,P4,UCLA,away,0,2,0.4642857142857143,105,147,0.4166666666666667,Pass majority,,1.8333333333333333
2024,12,401636923,P4,Arizona,home,1,1,0.4258188824662813,63,96,0.3962264150943396,Pass majority,,1.0
2024,12,401636923,P4,Houston,away,0,5,0.6224299065420561,121,77,0.6111111111111112,Run majority,,5.0
2024,12,401641013,G6,Western Kentucky,home,0,3,0.5288640595903166,96,97,0.4974093264248704,Pass majority,,3.005181347150259
2024,12,401641013,G6,Louisiana Tech,away,1,3,0.5284697508896797,138,176,0.4394904458598726,Pass majority,,2.878980891719745
2024,12,401628550,P4,Northwestern,home,0,0,0.4978902953586498,123,116,0.5146443514644351,Run majority,,0.0
2024,12,401628550,P4,Ohio State,away,1,5,0.5484429065743944,0,0,,Missing,Missing prior-game play-by-play,
2024,12,401628419,P4,Arkansas,home,0,1,0.5424028268551236,128,117,0.5224489795918368,Run majority,,1.0
2024,12,401628419,P4,Texas,away,1,5,0.5016025641025641,88,132,0.4,Pass majority,,5.0
2024,12,401636925,P4,Colorado,home,1,4,0.4309090909090909,87,143,0.3782608695652174,Pass majority,,4.243478260869566
2024,12,401636925,P4,Utah,away,0,2,0.5189393939393939,143,141,0.5035211267605634,Run majority,,2.007042253521127
2024,12,401645370,G6,Navy,home,0,2,0.7716701902748414,91,27,0.7711864406779662,Run majority,,2.5423728813559325
2024,12,401645370,G6,Tulane,away,1,3,0.6590909090909091,150,93,0.6172839506172839,Run majority,,2.765432098765432
2024,12,401635582,P4,Pittsburgh,home,0,3,0.4475138121546961,102,138,0.425,Pass majority,,2.85
2024,12,401635582,P4,Clemson,away,1,3,0.4940119760479042,104,123,0.4581497797356828,Pass majority,,3.0837004405286343
2024,12,401643832,G6,Marshall,home,1,4,0.619140625,0,0,,Missing,Missing prior-game play-by-play,
2024,12,401643832,G6,Coastal Carolina,away,0,2,0.5705645161290323,104,72,0.5909090909090909,Run majority,,1.818181818181818
2024,12,401645369,G6,Temple,home,1,3,0.488695652173913,94,93,0.5026737967914439,Run majority,,2.9946524064171123
2024,12,401645369,G6,Florida Atlantic,away,0,3,0.5444234404536862,117,87,0.5735294117647058,Run majority,,3.147058823529412
2024,12,401640986,G6,Jacksonville State,home,1,4,0.6628664495114006,188,92,0.6714285714285714,Run majority,,4.342857142857143
2024,12,401640986,G6,Florida International,away,0,2,0.5456431535269709,124,118,0.512396694214876,Run majority,,1.975206611570248
2024,12,401628547,P4,Illinois,home,1,2,0.5450901803607214,0,0,,Missing,Missing prior-game play-by-play,
2024,12,401628547,P4,Michigan State,away,0,4,0.5410821643286573,116,110,0.5132743362831859,Run majority,,4.0
2024,12,401635581,P4,California,home,0,6,0.4772727272727273,0,0,,Missing,Missing prior-game play-by-play,
2024,12,401635581,P4,Syracuse,away,1,0,0.3778501628664495,100,187,0.3484320557491289,Pass majority,,0.0
2024,12,401641022,G6,Kennesaw State,home,0,1,0.6392785571142284,141,68,0.6746411483253588,Run majority,,1.0
2024,12,401641022,G6,Sam Houston,away,1,5,0.6353503184713376,0,0,,Missing,Missing prior-game play-by-play,
2024,12,401643760,G6,Utah State,home,1,3,0.4244482173174873,0,0,,Missing,Missing prior-game play-by-play,
2024,12,401643760,G6,Hawai'i,away,0,3,0.4314814814814814,91,146,0.3839662447257383,Pass majority,,2.7679324894514767
2024,12,401628985,P4,Notre Dame,home,1,6,0.5617391304347826,127,117,0.5204918032786885,Run majority,,6.0
2024,12,401628985,P4,Virginia,away,0,0,0.5140845070422535,132,141,0.4835164835164835,Pass majority,,0.0
2024,12,401628552,P4,Purdue,home,0,1,0.5568181818181818,0,0,,Missing,Missing prior-game play-by-play,
2024,12,401628552,P4,Penn State,away,1,5,0.5869191049913941,161,133,0.5476190476190477,Run majority,,5.0
2024,12,401645368,G6,Charlotte,home,0,2,0.5476673427991886,0,0,,Missing,Missing prior-game play-by-play,
2024,12,401645368,G6,South Florida,away,1,4,0.4964788732394366,122,124,0.4959349593495935,Pass majority,,4.0
2024,12,401628420,P4,Florida,home,1,3,0.5705645161290323,120,97,0.5529953917050692,Run majority,,2.8940092165898617
2024,12,401628420,P4,LSU,away,0,2,0.3907637655417407,100,152,0.3968253968253968,Pass majority,,1.7936507936507935
2024,12,401635517,P4,Stanford,home,1,1,0.5553470919324578,109,80,0.5767195767195767,Run majority,,1.0
2024,12,401635517,P4,Louisville,away,0,5,0.4628571428571428,99,117,0.4583333333333333,Pass majority,,5.0
2024,12,401635580,P4,SMU,home,1,5,0.5908256880733945,142,126,0.5298507462686567,Run majority,,5.0
2024,12,401635580,P4,Boston College,away,0,1,0.632295719844358,140,90,0.6086956521739131,Run majority,,1.0
2024,12,401643757,G6,Air Force,home,1,2,0.793040293040293,223,36,0.861003861003861,Run majority,,2.0
2024,12,401643757,G6,Oregon State,away,0,3,0.5736040609137056,186,103,0.643598615916955,Run majority,,3.0
2024,12,401636929,P4,West Virginia,home,0,1,0.6117424242424242,139,102,0.5767634854771784,Run majority,,1.0
2024,12,401636929,P4,Baylor,away,1,5,0.5361216730038023,113,113,0.5,Balanced,,5.0
2024,12,401628549,P4,USC,home,1,2,0.3961352657004831,102,142,0.4180327868852459,Pass majority,,1.836065573770492
2024,12,401628549,P4,Nebraska,away,0,4,0.517921146953405,0,0,,Missing,Missing prior-game play-by-play,
2024,12,401643833,G6,Old Dominion,home,0,1,0.5626016260162602,0,0,,Missing,Missing prior-game play-by-play,
2024,12,401643833,G6,James Madison,away,1,5,0.5406871609403255,93,106,0.4673366834170854,Pass majority,,5.0
2024,12,401643830,G6,Georgia Southern,home,0,4,0.4738675958188153,78,126,0.3823529411764705,Pass majority,,4.235294117647059
2024,12,401643830,G6,Troy,away,1,2,0.5745967741935484,121,88,0.5789473684210527,Run majority,,2.1578947368421053
2024,12,401628423,P4,South Carolina,home,1,6,0.6375404530744336,0,0,,Missing,Missing prior-game play-by-play,
2024,12,401628423,P4,Missouri,away,0,0,0.544973544973545,115,103,0.5275229357798165,Run majority,,0.0
2024,12,401643831,G6,Georgia State,home,0,5,0.4317757009345794,98,112,0.4666666666666667,Pass majority,,5.0
2024,12,401643831,G6,Arkansas State,away,1,1,0.500875656742557,101,118,0.4611872146118721,Pass majority,,1.0
2024,12,401628548,P4,Maryland,home,0,6,0.4271523178807947,100,129,0.4366812227074236,Pass majority,,6.0
2024,12,401628548,P4,Rutgers,away,1,0,0.5485611510791367,0,0,,Missing,Missing prior-game play-by-play,
2024,12,401643758,G6,San José State,home,0,2,0.3580952380952381,95,173,0.3544776119402985,Pass majority,,2.0
2024,12,401643758,G6,Boise State,away,1,4,0.5763016157989228,146,133,0.5232974910394266,Run majority,,4.0
2024,12,401636927,P4,Kansas State,home,0,3,0.553030303030303,144,136,0.5142857142857142,Run majority,,3.0285714285714285
2024,12,401636927,P4,Arizona State,away,1,3,0.6215334420880914,0,0,,Missing,Missing prior-game play-by-play,
2024,12,401643835,G6,Texas State,home,1,6,0.5610619469026549,0,0,,Missing,Missing prior-game play-by-play,
2024,12,401643835,G6,Southern Miss,away,0,0,0.5726681127982647,60,74,0.4477611940298507,Pass majority,,0.0
2024,12,401643834,G6,Louisiana,home,0,4,0.5461538461538461,135,131,0.5075187969924813,Run majority,,3.9849624060150375
2024,12,401643834,G6,South Alabama,away,1,2,0.5298372513562387,123,122,0.5020408163265306,Run majority,,2.0040816326530613
2024,12,401628551,P4,Wisconsin,home,0,1,0.5457875457875457,106,124,0.4608695652173913,Pass majority,,1.0
2024,12,401628551,P4,Oregon,away,1,5,0.5295109612141653,117,129,0.4756097560975609,Pass majority,,5.0
2024,12,401628421,P4,Georgia,home,1,2,0.4528650646950092,104,145,0.4176706827309236,Pass majority,,2.164658634538153
2024,12,401628421,P4,Tennessee,away,0,4,0.6393162393162393,139,120,0.5366795366795367,Run majority,,4.073359073359073
2024,12,401635583,P4,North Carolina,home,1,6,0.5496575342465754,0,0,,Missing,Missing prior-game play-by-play,
2024,12,401635583,P4,Wake Forest,away,0,0,0.5111876075731497,129,136,0.4867924528301887,Pass majority,,0.0
2024,12,401645367,G6,Memphis,home,1,4,0.4578313253012048,142,189,0.4290030211480362,Pass majority,,3.858006042296073
2024,12,401645367,G6,UAB,away,0,2,0.4494584837545126,97,122,0.4429223744292237,Pass majority,,2.1141552511415527
2024,12,401636926,P4,Iowa State,home,1,4,0.5449826989619377,153,134,0.5331010452961672,Run majority,,3.933797909407666
2024,12,401636926,P4,Cincinnati,away,0,2,0.514336917562724,112,111,0.5022421524663677,Run majority,,2.004484304932736
2024,12,401643761,G6,New Mexico,home,1,4,0.5172413793103449,0,0,,Missing,Missing prior-game play-by-play,
2024,12,401643761,G6,Washington State,away,0,2,0.5604203152364273,0,0,,Missing,Missing prior-game play-by-play,
2024,12,401636924,P4,BYU,home,0,4,0.53125,111,125,0.4703389830508475,Pass majority,,4.0593220338983045
2024,12,401636924,P4,Kansas,away,1,2,0.5705996131528046,164,127,0.563573883161512,Run majority,,2.127147766323024
2024,12,401643762,G6,UNLV,home,1,6,0.6586826347305389,122,102,0.5446428571428571,Run majority,,6.0
2024,12,401643762,G6,San Diego State,away,0,0,0.5247148288973384,0,0,,Missing,Missing prior-game play-by-play,
2024,13,401644769,G6,Kent State,home,0,2,0.581081081081081,0,0,,Missing,Missing prior-game play-by-play,
2024,13,401644769,G6,Akron,away,1,4,0.4226618705035971,71,145,0.3287037037037037,Pass majority,,4.0
2024,13,401644770,G6,Central Michigan,home,1,4,0.5965217391304348,123,92,0.5720930232558139,Run majority,,4.144186046511628
2024,13,401644770,G6,Western Michigan,away,0,2,0.5873015873015873,129,110,0.5397489539748954,Run majority,,1.9205020920502087
2024,13,401644690,G6,Miami (OH),home,1,2,0.5033444816053512,0,0,,Missing,Missing prior-game play-by-play,
2024,13,401644690,G6,Northern Illinois,away,0,4,0.6138147566718996,225,119,0.6540697674418605,Run majority,,4.0
2024,13,401644772,G6,Eastern Michigan,home,0,2,0.5257879656160458,172,185,0.4817927170868347,Pass majority,,2.0364145658263304
2024,13,401644772,G6,Buffalo,away,1,4,0.5709459459459459,130,106,0.5508474576271186,Run majority,,4.101694915254237
2024,13,401644773,G6,Toledo,home,0,5,0.5016447368421053,133,140,0.4871794871794871,Pass majority,,5.0256410256410255
2024,13,401644773,G6,Ohio,away,1,1,0.5955631399317406,132,109,0.5477178423236515,Run majority,,1.095435684647303
2024,13,401634772,P4,Georgia Tech,home,1,4,0.5522875816993464,187,133,0.584375,Run majority,,4.16875
2024,13,401634772,P4,NC State,away,0,2,0.5027124773960217,130,143,0.4761904761904761,Pass majority,,2.0476190476190474
2024,13,401645374,G6,UTSA,home,1,4,0.4685792349726776,0,0,,Missing,Missing prior-game play-by-play,
2024,13,401645374,G6,Temple,away,0,2,0.4885496183206106,112,123,0.4765957446808511,Pass majority,,2.046808510638298
2024,13,401628558,P4,Michigan State,home,1,5,0.5255731922398589,128,123,0.5099601593625498,Run majority,,5.0
2024,13,401628558,P4,Purdue,away,0,1,0.5470941883767535,0,0,,Missing,Missing prior-game play-by-play,
2024,13,401643767,G6,San José State,home,0,1,0.3517587939698492,109,200,0.3527508090614886,Pass majority,,1.0
2024,13,401643767,G6,UNLV,away,1,5,0.65,133,114,0.5384615384615384,Run majority,,5.0
2024,13,401628429,P4,Florida,home,1,2,0.5565862708719852,130,121,0.5179282868525896,Run majority,,2.0
2024,13,401628429,P4,Ole Miss,away,0,4,0.546031746031746,121,135,0.47265625,Pass majority,,4.0
2024,13,401628555,P4,Ohio State,home,1,4,0.5511811023622047,0,0,,Missing,Missing prior-game play-by-play,
2024,13,401628555,P4,Indiana,away,0,2,0.5636672325976231,132,131,0.5019011406844106,Run majority,,2.0
2024,13,401628556,P4,Maryland,home,0,4,0.412536443148688,117,152,0.4349442379182156,Pass majority,,4.130111524163569
2024,13,401628556,P4,Iowa,away,1,2,0.6506717850287908,0,0,,Missing,Missing prior-game play-by-play,
2024,13,401628554,P4,Rutgers,home,0,2,0.5489566613162119,0,0,,Missing,Missing prior-game play-by-play,
2024,13,401628554,P4,Illinois,away,1,4,0.5391459074733096,0,0,,Missing,Missing prior-game play-by-play,
2024,13,401635612,P4,Boston College,home,1,2,0.6247877758913413,152,98,0.608,Run majority,,2.0
2024,13,401635612,P4,North Carolina,away,0,4,0.56752655538695,0,0,,Missing,Missing prior-game play-by-play,
2024,13,401635618,P4,Miami,home,1,6,0.4563862928348909,137,164,0.4551495016611295,Pass majority,,6.0
2024,13,401635618,P4,Wake Forest,away,0,0,0.5061538461538462,154,156,0.4967741935483871,Pass majority,,0.0
2024,13,401635619,P4,Virginia,home,0,1,0.5094339622641509,146,151,0.4915824915824915,Pass majority,,1.0
2024,13,401635619,P4,SMU,away,1,5,0.5770491803278689,163,151,0.5191082802547771,Run majority,,5.0
2024,13,401641005,G6,Jacksonville State,home,1,3,0.6579710144927536,213,113,0.6533742331288344,Run majority,,3.3067484662576687
2024,13,401641005,G6,Sam Houston,away,0,3,0.6287339971550497,0,0,,Missing,Missing prior-game play-by-play,
2024,13,401640996,G6,Liberty,home,1,4,0.6497277676950998,173,86,0.667953667953668,Run majority,,4.335907335907336
2024,13,401640996,G6,Western Kentucky,away,0,2,0.5230769230769231,112,118,0.4869565217391304,Pass majority,,2.026086956521739
2024,13,401645373,G6,UAB,home,1,1,0.4352750809061488,100,126,0.4424778761061947,Pass majority,,1.0
2024,13,401645373,G6,Rice,away,0,5,0.3649373881932021,99,141,0.4125,Pass majority,,5.0
2024,13,401644774,G6,Ball State,home,0,1,0.4723618090452261,152,142,0.5170068027210885,Run majority,,1.0
2024,13,401644774,G6,Bowling Green,away,1,5,0.5251299826689775,156,174,0.4727272727272727,Pass majority,,5.0
2024,13,401643836,G6,App State,home,1,1,0.4826388888888889,105,97,0.5198019801980198,Run majority,,1.0
2024,13,401643836,G6,James Madison,away,0,5,0.552,122,126,0.4919354838709677,Pass majority,,5.0
2024,13,401641027,G6,Middle Tennessee,home,0,3,0.4382826475849731,72,122,0.3711340206185567,Pass majority,,3.2577319587628866
2024,13,401641027,G6,New Mexico State,away,1,3,0.6082474226804123,0,0,,Missing,Missing prior-game play-by-play,
2024,13,401636935,P4,TCU,home,1,5,0.4193548387096774,117,190,0.3811074918566775,Pass majority,,5.0
2024,13,401636935,P4,Arizona,away,0,1,0.435593220338983,78,120,0.3939393939393939,Pass majority,,1.0
2024,13,401640987,G6,Kennesaw State,home,1,2,0.6344086021505376,166,77,0.6831275720164609,Run majority,,2.0
2024,13,401640987,G6,Florida International,away,0,4,0.54,147,147,0.5,Balanced,,4.0
2024,13,401643841,G6,Southern Miss,home,0,1,0.590566037735849,63,75,0.4565217391304347,Pass majority,,1.0
2024,13,401643841,G6,South Alabama,away,1,5,0.5235008103727715,130,129,0.5019305019305019,Run majority,,5.0
2024,13,401645371,G6,Florida Atlantic,home,0,6,0.535234899328859,139,108,0.562753036437247,Run majority,,6.0
2024,13,401645371,G6,Charlotte,away,1,0,0.5379188712522046,0,0,,Missing,Missing prior-game play-by-play,
2024,13,401643839,G6,Arkansas State,home,1,2,0.5259026687598116,130,133,0.494296577946768,Pass majority,,2.0
2024,13,401643839,G6,UL Monroe,away,0,4,0.6563706563706564,128,72,0.64,Run majority,,4.0
2024,13,401645375,G6,South Florida,home,1,5,0.5213270142180095,147,133,0.525,Run majority,,5.0
2024,13,401645375,G6,Tulsa,away,0,1,0.510670731707317,122,121,0.5020576131687243,Run majority,,1.0
2024,13,401643837,G6,Coastal Carolina,home,0,5,0.5576923076923077,119,83,0.5891089108910891,Run majority,,5.178217821782178
2024,13,401643837,G6,Georgia Southern,away,1,1,0.4694533762057878,93,143,0.3940677966101695,Pass majority,,1.211864406779661
2024,13,401643766,G6,Utah State,home,1,3,0.4404223227752639,0,0,,Missing,Missing prior-game play-by-play,
2024,13,401643766,G6,San Diego State,away,0,2,0.5325342465753424,0,0,,Missing,Missing prior-game play-by-play,
2024,13,401628560,P4,Nebraska,home,1,4,0.5056360708534622,0,0,,Missing,Missing prior-game play-by-play,
2024,13,401628560,P4,Wisconsin,away,0,2,0.5460526315789473,130,141,0.4797047970479705,Pass majority,,1.9594095940959408
2024,13,401628559,P4,Minnesota,home,0,2,0.4611211573236889,122,162,0.4295774647887324,Pass majority,,2.0
2024,13,401628559,P4,Penn State,away,1,4,0.5841121495327103,170,143,0.5431309904153354,Run majority,,4.0
2024,13,401628557,P4,Michigan,home,1,5,0.5966666666666667,148,96,0.6065573770491803,Run majority,,5.0
2024,13,401628557,P4,Northwestern,away,0,1,0.4907063197026022,137,132,0.5092936802973977,Run majority,,1.0
2024,13,401628436,P4,Texas,home,1,6,0.5078909612625538,100,149,0.4016064257028112,Pass majority,,6.0
2024,13,401628436,P4,Kentucky,away,0,0,0.5921985815602837,157,123,0.5607142857142857,Run majority,,0.0
2024,13,401645372,G6,North Texas,home,0,2,0.3931357254290171,85,164,0.3413654618473896,Pass majority,,2.317269076305221
2024,13,401645372,G6,East Carolina,away,1,4,0.504950495049505,145,145,0.5,Balanced,,4.0
2024,13,401636932,P4,Kansas,home,1,1,0.5764499121265377,184,140,0.5679012345679012,Run majority,,1.1358024691358024
2024,13,401636932,P4,Colorado,away,0,4,0.4206219312602291,89,155,0.3647540983606557,Pass majority,,4.270491803278689
2024,13,401635613,P4,California,home,1,6,0.4705882352941176,0,0,,Missing,Missing prior-game play-by-play,
2024,13,401635613,P4,Stanford,away,0,0,0.5513245033112583,126,101,0.5550660792951542,Run majority,,0.0
2024,13,401636934,P4,Oklahoma State,home,0,3,0.4262023217247098,110,142,0.4365079365079365,Pass majority,,3.126984126984127
2024,13,401636934,P4,Texas Tech,away,1,3,0.4770773638968481,132,158,0.4551724137931034,Pass majority,,2.910344827586207
2024,13,401636937,P4,West Virginia,home,1,1,0.6038961038961039,173,119,0.5924657534246576,Run majority,,1.0
2024,13,401636937,P4,UCF,away,0,4,0.6284779050736498,141,88,0.6157205240174672,Run majority,,4.0
2024,13,401636930,P4,Arizona State,home,1,4,0.6116788321167883,0,0,,Missing,Missing prior-game play-by-play,
2024,13,401636930,P4,BYU,away,0,2,0.5321739130434783,132,143,0.48,Pass majority,,2.04
2024,13,401635617,P4,Louisville,home,1,1,0.4559322033898305,113,131,0.4631147540983606,Pass majority,,1.0
2024,13,401635617,P4,Pittsburgh,away,0,5,0.4380952380952381,111,158,0.4126394052044609,Pass majority,,5.0
2024,13,401628432,P4,Mississippi State,home,0,1,0.5380875202593193,111,77,0.5904255319148937,Run majority,,1.0
2024,13,401628432,P4,Missouri,away,1,5,0.5448818897637795,127,116,0.522633744855967,Run majority,,5.0
2024,13,401643840,G6,Louisiana,home,1,6,0.5452991452991452,144,139,0.508833922261484,Run majority,,6.0
2024,13,401643840,G6,Troy,away,0,0,0.5729349736379613,144,110,0.5669291338582677,Run majority,,0.0
2024,13,401643764,G6,Wyoming,home,0,2,0.5666666666666667,162,123,0.5684210526315789,Run majority,,2.0
2024,13,401643764,G6,Boise State,away,1,4,0.5764331210191083,163,151,0.5191082802547771,Run majority,,4.0
2024,13,401628572,G6,Oregon State,home,1,4,0.5707547169811321,195,108,0.6435643564356436,Run majority,,4.287128712871287
2024,13,401628572,G6,Washington State,away,0,2,0.5501567398119123,0,0,,Missing,Missing prior-game play-by-play,
2024,13,401643842,G6,Texas State,home,0,6,0.5530903328050714,0,0,,Missing,Missing prior-game play-by-play,
2024,13,401643842,G6,Georgia State,away,1,0,0.4184514003294893,114,141,0.4470588235294118,Pass majority,,0.0
2024,13,401636931,P4,Houston,home,0,3,0.6147403685092128,141,90,0.6103896103896104,Run majority,,2.779220779220779
2024,13,401636931,P4,Baylor,away,1,3,0.5302013422818792,132,136,0.4925373134328358,Pass majority,,2.985074626865672
2024,13,401636936,P4,Utah,home,0,3,0.5075125208681135,148,145,0.5051194539249146,Run majority,,3.0102389078498293
2024,13,401636936,P4,Iowa State,away,1,3,0.5394126738794436,171,153,0.5277777777777778,Run majority,,2.9444444444444446
2024,13,401628428,P4,Auburn,home,1,4,0.5457627118644067,159,146,0.521311475409836,Run majority,,4.0
2024,13,401628428,P4,Texas A&M,away,0,2,0.6118421052631579,154,108,0.5877862595419847,Run majority,,2.0
2024,13,401643838,G6,Old Dominion,home,0,3,0.5797101449275363,0,0,,Missing,Missing prior-game play-by-play,
2024,13,401643838,G6,Marshall,away,1,3,0.6069565217391304,0,0,,Missing,Missing prior-game play-by-play,
2024,13,401628433,P4,Oklahoma,home,1,2,0.5597381342062193,0,0,,Missing,Missing prior-game play-by-play,
2024,13,401628433,P4,Alabama,away,0,4,0.5848056537102474,141,125,0.5300751879699248,Run majority,,4.0
2024,13,401628431,P4,LSU,home,1,4,0.4030534351145038,127,182,0.4110032362459547,Pass majority,,4.0
2024,13,401628431,P4,Vanderbilt,away,0,2,0.6017543859649123,169,103,0.6213235294117647,Run majority,,2.0
2024,13,401635615,P4,Duke,home,1,2,0.4748322147651007,109,162,0.4022140221402214,Pass majority,,2.0
2024,13,401635615,P4,Virginia Tech,away,0,4,0.5792778649921507,154,124,0.5539568345323741,Run majority,,4.0
2024,13,401636933,P4,Kansas State,home,1,4,0.5345699831365935,150,142,0.5136986301369864,Run majority,,4.027397260273973
2024,13,401636933,P4,Cincinnati,away,0,2,0.5300813008130081,135,125,0.5192307692307693,Run majority,,1.9615384615384612
2024,13,401628561,P4,UCLA,home,0,4,0.4597701149425287,124,170,0.4217687074829932,Pass majority,,4.156462585034014
2024,13,401628561,P4,USC,away,1,2,0.4040697674418604,118,170,0.4097222222222222,Pass majority,,1.8194444444444444
2024,13,401643765,G6,Fresno State,home,1,5,0.4759358288770053,0,0,,Missing,Missing prior-game play-by-play,
2024,13,401643765,G6,Colorado State,away,0,1,0.6032315978456014,141,84,0.6266666666666667,Run majority,,1.2533333333333334
2024,13,401643763,G6,Nevada,home,0,6,0.5750394944707741,196,123,0.6144200626959248,Run majority,,6.0
2024,13,401643763,G6,Air Force,away,1,0,0.8074433656957929,249,40,0.8615916955017301,Run majority,,0.0
2024,14,401644776,G6,Buffalo,home,1,6,0.573373676248109,140,121,0.5363984674329502,Run majority,,6.0
2024,14,401644776,G6,Kent State,away,0,0,0.5812720848056537,0,0,,Missing,Missing prior-game play-by-play,
2024,14,401644775,G6,Akron,home,1,1,0.4439178515007899,85,160,0.3469387755102041,Pass majority,,1.0
2024,14,401644775,G6,Toledo,away,0,5,0.5007587253414264,147,157,0.4835526315789473,Pass majority,,5.0
2024,14,401645376,G6,Tulane,home,0,4,0.6696165191740413,164,100,0.6212121212121212,Run majority,,3.757575757575758
2024,14,401645376,G6,Memphis,away,1,2,0.4661246612466124,150,197,0.4322766570605187,Pass majority,,1.8645533141210373
2024,14,401644691,G6,Bowling Green,home,0,2,0.5308641975308642,178,199,0.4721485411140583,Pass majority,,2.0557029177718835
2024,14,401644691,G6,Miami (OH),away,1,4,0.5061538461538462,0,0,,Missing,Missing prior-game play-by-play,
2024,14,401645379,G6,East Carolina,home,0,4,0.5283842794759825,164,155,0.5141065830721003,Run majority,,3.9717868338557993
2024,14,401645379,G6,Navy,away,1,2,0.7707129094412332,111,34,0.7655172413793103,Run majority,,2.5310344827586206
2024,14,401644777,G6,Ohio,home,1,3,0.6115326251896813,165,125,0.5689655172413793,Run majority,,3.137931034482759
2024,14,401644777,G6,Ball State,away,0,3,0.464339908952959,162,159,0.5046728971962616,Run majority,,2.990654205607477
2024,14,401643769,G6,Boise State,home,1,6,0.5730994152046783,179,168,0.515850144092219,Run majority,,6.0
2024,14,401643769,G6,Oregon State,away,0,0,0.5678321678321678,223,130,0.6317280453257791,Run majority,,0.0
2024,14,401636938,P4,Colorado,home,1,6,0.4134762633996937,89,158,0.3603238866396761,Pass majority,,6.0
2024,14,401636938,P4,Oklahoma State,away,0,0,0.4298507462686567,130,161,0.4467353951890034,Pass majority,,0.0
2024,14,401628568,P4,Wisconsin,home,0,2,0.5384615384615384,141,159,0.47,Pass majority,,1.94
2024,14,401628568,P4,Minnesota,away,1,4,0.4754901960784313,151,179,0.4575757575757576,Pass majority,,4.084848484848485
2024,14,401643770,G6,Colorado State,home,1,5,0.5729984301412873,158,94,0.626984126984127,Run majority,,5.253968253968254
2024,14,401643770,G6,Utah State,away,0,1,0.4653061224489795,0,0,,Missing,Missing prior-game play-by-play,
2024,14,401628442,P4,Ole Miss,home,1,6,0.536067892503536,145,164,0.4692556634304207,Pass majority,,6.0
2024,14,401628442,P4,Mississippi State,away,0,0,0.5307346326836582,118,85,0.5812807881773399,Run majority,,0.0
2024,14,401640997,G6,Sam Houston,home,1,4,0.6254876462938882,0,0,,Missing,Missing prior-game play-by-play,
2024,14,401640997,G6,Liberty,away,0,2,0.6725239616613419,209,94,0.6897689768976898,Run majority,,2.37953795379538
2024,14,401643843,G6,South Alabama,home,0,2,0.5239520958083832,143,143,0.5,Balanced,,2.0
2024,14,401643843,G6,Texas State,away,1,4,0.5421348314606742,0,0,,Missing,Missing prior-game play-by-play,
2024,14,401628562,P4,Iowa,home,1,4,0.6694772344013491,0,0,,Missing,Missing prior-game play-by-play,
2024,14,401628562,P4,Nebraska,away,0,2,0.5035971223021583,0,0,,Missing,Missing prior-game play-by-play,
2024,14,401628439,P4,Georgia,home,1,4,0.4576023391812865,129,174,0.4257425742574257,Pass majority,,4.148514851485149
2024,14,401628439,P4,Georgia Tech,away,0,2,0.5467836257309941,210,150,0.5833333333333334,Run majority,,2.166666666666667
2024,14,401636939,P4,UCF,home,0,4,0.6276276276276276,150,93,0.6172839506172839,Run majority,,4.234567901234568
2024,14,401636939,P4,Utah,away,1,2,0.515527950310559,160,152,0.5128205128205128,Run majority,,1.9743589743589745
2024,14,401628440,P4,Kentucky,home,0,1,0.5880452342487884,168,130,0.5637583892617449,Run majority,,1.0
2024,14,401628440,P4,Louisville,away,1,5,0.4720121028744327,119,139,0.4612403100775193,Pass majority,,5.0
2024,14,401628444,P4,Clemson,home,0,5,0.483739837398374,115,146,0.4406130268199233,Pass majority,,5.0
2024,14,401628444,P4,South Carolina,away,1,1,0.6286549707602339,0,0,,Missing,Missing prior-game play-by-play,
2024,14,401628563,P4,Northwestern,home,0,1,0.4923339011925042,142,139,0.505338078291815,Run majority,,1.0
2024,14,401628563,P4,Illinois,away,1,4,0.5432692307692307,0,0,,Missing,Missing prior-game play-by-play,
2024,14,401628566,P4,Ohio State,home,0,6,0.5492753623188406,0,0,,Missing,Missing prior-game play-by-play,
2024,14,401628566,P4,Michigan,away,1,0,0.5865671641791045,156,107,0.5931558935361216,Run majority,,0.0
2024,14,401635622,P4,Wake Forest,home,0,1,0.521923620933522,179,172,0.50997150997151,Run majority,,1.0
2024,14,401635622,P4,Duke,away,1,5,0.4670750382848392,113,181,0.3843537414965986,Pass majority,,5.0
2024,14,401636941,P4,Baylor,home,1,5,0.5464071856287425,158,153,0.5080385852090032,Run majority,,5.0
2024,14,401636941,P4,Kansas,away,0,1,0.5950540958268934,205,146,0.584045584045584,Run majority,,1.0
2024,14,401643848,G6,UL Monroe,home,0,2,0.6539792387543253,149,88,0.6286919831223629,Run majority,,2.0
2024,14,401643848,G6,Louisiana,away,1,4,0.5475819032761311,152,152,0.5,Balanced,,4.0
2024,14,401628446,P4,Vanderbilt,home,0,1,0.5938511326860841,185,118,0.6105610561056105,Run majority,,1.0
2024,14,401628446,P4,Tennessee,away,1,5,0.623448275862069,174,162,0.5178571428571429,Run majority,,5.0
2024,14,401645381,G6,Temple,home,0,2,0.4930939226519337,119,135,0.468503937007874,Pass majority,,2.0
2024,14,401645381,G6,North Texas,away,1,4,0.3972413793103448,99,181,0.3535714285714286,Pass majority,,4.0
2024,14,401636945,P4,Texas Tech,home,1,4,0.4708860759493671,155,194,0.4441260744985673,Pass majority,,4.111747851002866
2024,14,401636945,P4,West Virginia,away,0,2,0.6164978292329957,193,127,0.603125,Run majority,,2.20625
2024,14,401645378,G6,Army,home,1,3,0.8745519713261649,166,22,0.8829787234042553,Run majority,,3.7659574468085104
2024,14,401645378,G6,UTSA,away,0,3,0.4786967418546365,0,0,,Missing,Missing prior-game play-by-play,
2024,14,401644780,G6,Western Michigan,home,1,5,0.5792880258899676,142,123,0.5358490566037736,Run majority,,5.0
2024,14,401644780,G6,Eastern Michigan,away,0,1,0.5182291666666666,180,199,0.4749340369393139,Pass majority,,1.0
2024,14,401645382,G6,Rice,home,1,4,0.3617693522906793,107,157,0.4053030303030303,Pass majority,,4.1893939393939394
2024,14,401645382,G6,South Florida,away,0,2,0.5276243093922652,154,139,0.5255972696245734,Run majority,,2.051194539249147
2024,14,401640988,G6,Florida International,home,1,5,0.5499181669394435,165,154,0.5172413793103449,Run majority,,5.0
2024,14,401640988,G6,Middle Tennessee,away,0,0,0.4319620253164557,83,132,0.386046511627907,Pass majority,,0.0
2024,14,401643845,G6,Georgia State,home,0,2,0.4368499257057949,129,156,0.4526315789473684,Pass majority,,2.094736842105263
2024,14,401643845,G6,Coastal Carolina,away,1,3,0.5461783439490446,128,92,0.5818181818181818,Run majority,,3.163636363636364
2024,14,401643849,G6,Troy,home,1,6,0.5564142194744977,155,126,0.5516014234875445,Run majority,,6.0
2024,14,401643849,G6,Southern Miss,away,0,0,0.5845648604269293,81,89,0.4764705882352941,Pass majority,,0.0
2024,14,401643847,G6,Arkansas State,home,0,3,0.5327635327635327,158,156,0.5031847133757962,Run majority,,2.9936305732484074
2024,14,401643847,G6,Old Dominion,away,1,3,0.5814863102998696,0,0,,Missing,Missing prior-game play-by-play,
2024,14,401635620,P4,Boston College,home,1,2,0.6287425149700598,164,110,0.5985401459854015,Run majority,,2.0
2024,14,401635620,P4,Pittsburgh,away,0,4,0.4378612716763005,117,166,0.4134275618374558,Pass majority,,4.0
2024,14,401644779,G6,Northern Illinois,home,1,6,0.6053370786516854,231,128,0.6434540389972145,Run majority,,6.0
2024,14,401644779,G6,Central Michigan,away,0,0,0.6115444617784711,138,104,0.5702479338842975,Run majority,,0.0
2024,14,401636940,P4,Arizona,home,0,1,0.4233687405159332,87,142,0.3799126637554585,Pass majority,,1.0
2024,14,401636940,P4,Arizona State,away,1,5,0.6140583554376657,0,0,,Missing,Missing prior-game play-by-play,
2024,14,401635623,P4,Syracuse,home,1,1,0.3894601542416452,140,239,0.3693931398416886,Pass majority,,1.0
2024,14,401635623,P4,Miami,away,0,5,0.4564606741573033,156,188,0.4534883720930232,Pass majority,,5.0
2024,14,401628443,P4,Missouri,home,1,4,0.5654008438818565,140,126,0.5263157894736842,Run majority,,3.947368421052632
2024,14,401628443,P4,Arkansas,away,0,2,0.5427350427350427,155,147,0.5132450331125827,Run majority,,2.0264900662251657
2024,14,401645377,G6,Charlotte,home,1,2,0.5297906602254429,0,0,,Missing,Missing prior-game play-by-play,
2024,14,401645377,G6,UAB,away,0,4,0.4488888888888889,116,142,0.4496124031007752,Pass majority,,4.0
2024,14,401645380,G6,Tulsa,home,0,3,0.5183175033921302,122,124,0.4959349593495935,Pass majority,,2.991869918699187
2024,14,401645380,G6,Florida Atlantic,away,1,3,0.5515695067264574,152,119,0.5608856088560885,Run majority,,2.878228782287823
2024,14,401628437,P4,Alabama,home,1,2,0.579454253611557,157,134,0.5395189003436426,Run majority,,2.0
2024,14,401628437,P4,Auburn,away,0,4,0.5483383685800605,174,156,0.5272727272727272,Run majority,,4.0
2024,14,401628571,P4,USC,home,0,1,0.4077025232403719,133,195,0.4054878048780488,Pass majority,,1.0
2024,14,401628571,P4,Notre Dame,away,1,5,0.5621387283236994,155,134,0.5363321799307958,Run majority,,5.0
2024,14,401628567,P4,Michigan State,home,0,5,0.5283018867924528,138,134,0.5073529411764706,Run majority,,5.0
2024,14,401628567,P4,Rutgers,away,1,1,0.5497159090909091,0,0,,Missing,Missing prior-game play-by-play,
2024,14,401635624,P4,North Carolina,home,0,5,0.5588235294117647,0,0,,Missing,Missing prior-game play-by-play,
2024,14,401635624,P4,NC State,away,1,1,0.5016339869281046,141,163,0.4638157894736842,Pass majority,,1.0723684210526314
2024,14,401628565,P4,Penn State,home,1,6,0.5803698435277382,184,159,0.5364431486880467,Run majority,,6.0
2024,14,401628565,P4,Maryland,away,0,0,0.4158815612382234,119,158,0.4296028880866426,Pass majority,,0.0
2024,14,401635621,P4,SMU,home,1,4,0.5707964601769911,178,165,0.5189504373177842,Run majority,,4.037900874635568
2024,14,401635621,P4,California,away,0,2,0.4677187948350071,0,0,,Missing,Missing prior-game play-by-play,
2024,14,401641014,G6,Louisiana Tech,home,1,6,0.5398860398860399,178,202,0.4684210526315789,Pass majority,,6.0
2024,14,401641014,G6,Kennesaw State,away,0,0,0.6242038216560509,184,87,0.6789667896678967,Run majority,,0.0
2024,14,401641031,G6,New Mexico State,home,0,3,0.6132075471698113,0,0,,Missing,Missing prior-game play-by-play,
2024,14,401641031,G6,UTEP,away,1,3,0.5462555066079295,165,148,0.5271565495207667,Run majority,,2.9456869009584663
2024,14,401641006,G6,Western Kentucky,home,1,2,0.5154798761609907,123,132,0.4823529411764706,Pass majority,,2.0352941176470587
2024,14,401641006,G6,Jacksonville State,away,0,4,0.6736842105263158,249,122,0.6711590296495957,Run majority,,4.342318059299192
2024,14,401636943,P4,Cincinnati,home,0,3,0.5190058479532164,139,130,0.516728624535316,Run majority,,3.033457249070632
2024,14,401636943,P4,TCU,away,1,3,0.4337700145560407,131,204,0.3910447761194029,Pass majority,,3.217910447761194
2024,14,401643844,G6,Georgia Southern,home,1,5,0.4735336194563662,118,174,0.4041095890410959,Pass majority,,5.191780821917808
2024,14,401643844,G6,App State,away,0,1,0.4960753532182103,122,113,0.5191489361702127,Run majority,,1.0382978723404257
2024,14,401643773,G6,Washington State,home,0,5,0.5500725689404935,0,0,,Missing,Missing prior-game play-by-play,
2024,14,401643773,G6,Wyoming,away,1,1,0.5677710843373494,189,139,0.5762195121951219,Run majority,,1.0
2024,14,401628438,P4,Florida State,home,0,1,0.4966887417218543,117,101,0.536697247706422,Run majority,,1.0
2024,14,401628438,P4,Florida,away,1,5,0.5730897009966778,153,137,0.5275862068965518,Run majority,,5.0
2024,14,401628441,P4,LSU,home,1,3,0.4088397790055249,143,206,0.4097421203438395,Pass majority,,3.180515759312321
2024,14,401628441,P4,Oklahoma,away,0,3,0.5824665676077266,0,0,,Missing,Missing prior-game play-by-play,
2024,14,401628564,P4,Indiana,home,1,6,0.5749613601236476,148,143,0.5085910652920962,Run majority,,6.0
2024,14,401628564,P4,Purdue,away,0,0,0.5168141592920354,0,0,,Missing,Missing prior-game play-by-play,
2024,14,401628445,P4,Texas A&M,home,0,2,0.6100719424460431,165,116,0.5871886120996441,Run majority,,2.0
2024,14,401628445,P4,Texas,away,1,4,0.5167958656330749,120,167,0.4181184668989547,Pass majority,,4.0
2024,14,401636944,P4,Iowa State,home,1,4,0.5351724137931034,198,179,0.5251989389920424,Run majority,,3.949602122015915
2024,14,401636944,P4,Kansas State,away,0,2,0.5442073170731707,158,146,0.5197368421052632,Run majority,,2.0394736842105265
2024,14,401628569,P4,Oregon,home,1,6,0.5331325301204819,135,156,0.4639175257731959,Pass majority,,6.0
2024,14,401628569,P4,Washington,away,0,0,0.4861111111111111,137,179,0.4335443037974683,Pass majority,,0.0
2024,14,401635640,P4,Virginia Tech,home,1,6,0.5844875346260388,178,135,0.5686900958466453,Run majority,,6.0
2024,14,401635640,P4,Virginia,away,0,0,0.5170940170940171,160,163,0.4953560371517028,Pass majority,,0.0
2024,14,401643846,G6,James Madison,home,0,6,0.5464949928469242,144,144,0.5,Balanced,,6.0
2024,14,401643846,G6,Marshall,away,1,0,0.609984399375975,0,0,,Missing,Missing prior-game play-by-play,
2024,14,401643772,G6,UNLV,home,1,5,0.6646616541353384,171,133,0.5625,Run majority,,5.125
2024,14,401643772,G6,Nevada,away,0,1,0.5613275613275613,212,147,0.5905292479108635,Run majority,,0.818941504178273
2024,14,401636942,P4,BYU,home,1,4,0.5172955974842768,142,154,0.4797297297297297,Pass majority,,3.95945945945946
2024,14,401636942,P4,Houston,away,0,2,0.6064814814814815,151,97,0.6088709677419355,Run majority,,1.782258064516129
2024,14,401643768,G6,San Diego State,home,0,3,0.5303951367781155,0,0,,Missing,Missing prior-game play-by-play,
2024,14,401643768,G6,Air Force,away,1,3,0.8226744186046512,290,42,0.8734939759036144,Run majority,,3.746987951807229
2024,14,401643771,G6,Hawai'i,home,1,2,0.4349258649093904,94,149,0.3868312757201646,Pass majority,,2.0
2024,14,401643771,G6,New Mexico,away,0,4,0.5323033707865169,0,0,,Missing,Missing prior-game play-by-play,
2024,15,401673466,G6,Jacksonville State,home,1,4,0.676829268292683,279,135,0.6739130434782609,Run majority,,4.3478260869565215
2024,15,401673466,G6,Western Kentucky,away,0,2,0.5041095890410959,148,164,0.4743589743589743,Pass majority,,2.051282051282051
2024,15,401673462,G6,Army,home,1,4,0.862992125984252,201,35,0.8516949152542372,Run majority,,4.703389830508474
2024,15,401673462,G6,Tulane,away,0,2,0.6474622770919067,174,116,0.6,Run majority,,1.8
2024,15,401673468,G6,Boise State,home,1,2,0.5751633986928104,196,176,0.5268817204301075,Run majority,,2.053763440860215
2024,15,401673468,G6,UNLV,away,0,4,0.6648351648351648,183,141,0.5648148148148148,Run majority,,3.87037037037037
2024,15,401673465,P4,Arizona State,home,1,3,0.6141636141636142,0,0,,Missing,Missing prior-game play-by-play,
2024,15,401673465,P4,Iowa State,away,0,2,0.5360696517412935,216,202,0.5167464114832536,Run majority,,1.9665071770334928
2024,15,401673467,G6,Miami (OH),home,0,3,0.5049645390070922,0,0,,Missing,Missing prior-game play-by-play,
2024,15,401673467,G6,Ohio,away,1,2,0.620979020979021,170,128,0.5704697986577181,Run majority,,2.140939597315436
2024,15,401673469,P4,Texas,home,0,5,0.5265017667844523,129,179,0.4188311688311688,Pass majority,,5.0
2024,15,401673469,P4,Georgia,away,1,0,0.450199203187251,138,183,0.4299065420560747,Pass majority,,0.0
2024,15,401673470,G6,Louisiana,home,0,5,0.5555555555555556,175,174,0.501432664756447,Run majority,,5.0
2024,15,401673470,G6,Marshall,away,1,1,0.609375,0,0,,Missing,Missing prior-game play-by-play,
2024,15,401673464,P4,Oregon,home,1,2,0.5378266850068776,149,166,0.473015873015873,Pass majority,,2.0539682539682538
2024,15,401673464,P4,Penn State,away,0,3,0.5843989769820972,199,170,0.5392953929539296,Run majority,,3.078590785907859
2024,15,401673463,P4,SMU,home,0,3,0.5619946091644205,188,173,0.5207756232686981,Run majority,,3.0
2024,15,401673463,P4,Clemson,away,1,2,0.4820322180916976,139,168,0.4527687296416938,Pass majority,,2.0
2024,16,401645383,G6,Army,home,0,3,0.8717579250720461,215,35,0.86,Run majority,,3.72
2024,16,401645383,G6,Navy,away,1,2,0.766497461928934,148,51,0.7437185929648241,Run majority,,1.5125628140703518
2025,2,401754524,P4,NC State,home,1,3,0.5142857142857142,11,14,,Missing,Fewer than 30 prior close-score plays,
2025,2,401754524,P4,Virginia,away,0,3,0.5443037974683544,18,11,,Missing,Fewer than 30 prior close-score plays,
2025,2,401752686,P4,Kentucky,home,0,3,0.6515151515151515,29,18,0.6170212765957447,Run majority,,3.2340425531914896
2025,2,401752686,P4,Ole Miss,away,1,2,0.5432098765432098,7,9,,Missing,Fewer than 30 prior close-score plays,
2025,2,401761603,G6,UTSA,home,0,2,0.4925373134328358,10,13,,Missing,Fewer than 30 prior close-score plays,
2025,2,401761603,G6,Texas State,away,1,3,0.5909090909090909,19,17,0.5277777777777778,Run majority,,3.0
2025,2,401752937,G6,Oregon State,home,0,5,0.4426229508196721,1,2,,Missing,Fewer than 30 prior close-score plays,
2025,2,401752937,G6,Fresno State,away,1,1,0.5692307692307692,35,29,0.546875,Run majority,,1.09375
2025,2,401757228,G6,Marshall,home,0,6,0.5961538461538461,3,3,,Missing,Fewer than 30 prior close-score plays,
2025,2,401757228,G6,Missouri State,away,1,0,0.5087719298245614,4,7,,Missing,Fewer than 30 prior close-score plays,
2025,2,401757232,G6,Toledo,home,1,5,0.4202898550724637,18,19,0.4864864864864865,Pass majority,,5.027027027027027
2025,2,401757232,G6,Western Kentucky,away,0,1,0.4069767441860465,17,38,0.3090909090909091,Pass majority,,0.6181818181818182
2025,2,401757230,G6,Hawai'i,home,1,3,0.3785714285714285,22,31,0.4150943396226415,Pass majority,,3.169811320754717
2025,2,401757230,G6,Sam Houston,away,0,3,0.5038167938931297,22,24,0.4782608695652174,Pass majority,,2.9565217391304346
2025,3,401754531,P4,Wake Forest,home,0,4,0.6266666666666667,24,18,0.5714285714285714,Run majority,,3.857142857142857
2025,3,401754531,P4,NC State,away,1,1,0.5546875,30,29,0.5084745762711864,Run majority,,1.0169491525423728
2025,3,401756893,P4,Houston,home,1,3,0.6333333333333333,21,19,0.525,Run majority,,3.05
2025,3,401756893,P4,Colorado,away,0,3,0.5384615384615384,25,29,0.4629629629629629,Pass majority,,3.074074074074074
2025,3,401756888,P4,Arizona,home,1,4,0.5892857142857143,7,2,,Missing,Fewer than 30 prior close-score plays,
2025,3,401756888,P4,Kansas State,away,0,2,0.45,33,30,0.5238095238095238,Run majority,,1.9523809523809523
2025,3,401762817,G6,Kent State,home,0,1,0.576271186440678,2,2,,Missing,Fewer than 30 prior close-score plays,
2025,3,401762817,G6,Buffalo,away,1,5,0.5454545454545454,15,12,,Missing,Fewer than 30 prior close-score plays,
2025,3,401752696,P4,Alabama,home,1,3,0.4609929078014184,20,17,0.5405405405405406,Run majority,,3.0
2025,3,401752696,P4,Wisconsin,away,0,3,0.556390977443609,41,40,0.5061728395061729,Run majority,,3.0
2025,3,401752831,P4,Northwestern,home,0,1,0.4285714285714285,10,9,,Missing,Fewer than 30 prior close-score plays,
2025,3,401752831,P4,Oregon,away,1,5,0.5967741935483871,1,2,,Missing,Fewer than 30 prior close-score plays,
2025,3,401761608,G6,Troy,home,0,1,0.5079365079365079,13,21,0.3823529411764705,Pass majority,,1.0
2025,3,401761608,G6,Memphis,away,1,5,0.6666666666666666,27,12,0.6923076923076923,Run majority,,5.0
2025,3,401754623,P4,Georgia Tech,home,1,4,0.6911764705882353,35,15,0.7,Run majority,,4.0
2025,3,401754623,P4,Clemson,away,0,2,0.4513274336283185,27,34,0.4426229508196721,Pass majority,,2.0
2025,3,401752832,P4,Purdue,home,0,2,0.5084745762711864,4,4,,Missing,Fewer than 30 prior close-score plays,
2025,3,401752832,P4,USC,away,1,4,0.525,21,18,0.5384615384615384,Run majority,,4.0
2025,3,401752705,P4,Tennessee,home,0,4,0.5882352941176471,8,12,,Missing,Fewer than 30 prior close-score plays,
2025,3,401752705,P4,Georgia,away,1,2,0.5789473684210527,13,6,,Missing,Fewer than 30 prior close-score plays,
2025,3,401754638,P4,West Virginia,home,1,3,0.5,14,10,,Missing,Fewer than 30 prior close-score plays,
2025,3,401754638,P4,Pittsburgh,away,0,3,0.4482758620689655,10,17,,Missing,Fewer than 30 prior close-score plays,
2025,3,401752949,G6,North Texas,home,1,2,0.4761904761904761,15,23,0.3947368421052631,Pass majority,,1.7894736842105263
2025,3,401752949,G6,Washington State,away,0,2,0.4615384615384615,15,23,0.3947368421052631,Pass majority,,2.210526315789473
2025,3,401757258,G6,Nevada,home,0,4,0.5961538461538461,5,4,,Missing,Fewer than 30 prior close-score plays,
2025,3,401757258,G6,Middle Tennessee,away,1,2,0.4666666666666667,16,16,0.5,Balanced,,2.0
2025,3,401757256,G6,Bowling Green,home,1,4,0.4788732394366197,7,10,,Missing,Fewer than 30 prior close-score plays,
2025,3,401757256,G6,Liberty,away,0,2,0.5606060606060606,18,12,0.6,Run majority,,1.8
2025,3,401757233,G6,Florida International,home,1,3,0.5416666666666666,13,16,,Missing,Fewer than 30 prior close-score plays,
2025,3,401757233,G6,Florida Atlantic,away,0,3,0.3404255319148936,11,23,0.3235294117647059,Pass majority,,3.0
2025,3,401757234,G6,Georgia Southern,home,1,1,0.4251968503937008,17,23,0.425,Pass majority,,1.0
2025,3,401757234,G6,Jacksonville State,away,0,4,0.6793893129770993,56,20,0.7368421052631579,Run majority,,4.0
2025,3,401761607,G6,Southern Miss,home,1,1,0.4729729729729729,19,25,0.4318181818181818,Pass majority,,1.0
2025,3,401761607,G6,App State,away,0,5,0.4318181818181818,12,23,0.3428571428571428,Pass majority,,5.0
2025,3,401752700,P4,Ole Miss,home,1,3,0.6013071895424836,38,28,0.5757575757575758,Run majority,,2.8484848484848486
2025,3,401752700,P4,Arkansas,away,0,3,0.5,4,6,,Missing,Fewer than 30 prior close-score plays,
2025,3,401761604,G6,Coastal Carolina,home,0,3,0.4477611940298507,8,9,,Missing,Fewer than 30 prior close-score plays,
2025,3,401761604,G6,East Carolina,away,1,3,0.3918918918918919,2,4,,Missing,Fewer than 30 prior close-score plays,
2025,3,401752699,P4,LSU,home,1,5,0.4482758620689655,32,49,0.3950617283950617,Pass majority,,5.0
2025,3,401752699,P4,Florida,away,0,0,0.4923076923076923,18,28,0.391304347826087,Pass majority,,0.0
2025,3,401757257,G6,Louisiana Tech,home,1,4,0.5094339622641509,6,9,,Missing,Fewer than 30 prior close-score plays,
2025,3,401757257,G6,New Mexico State,away,0,2,0.3661971830985915,17,30,0.3617021276595745,Pass majority,,2.276595744680851
2025,3,401752707,P4,Notre Dame,home,0,2,0.4827586206896552,13,12,,Missing,Fewer than 30 prior close-score plays,
2025,3,401752707,P4,Texas A&M,away,1,4,0.4927536231884058,26,31,0.4561403508771929,Pass majority,,4.0
2025,3,401752704,P4,South Carolina,home,0,5,0.6607142857142857,20,22,0.4761904761904761,Pass majority,,5.047619047619048
2025,3,401752704,P4,Vanderbilt,away,1,1,0.6491228070175439,8,4,,Missing,Fewer than 30 prior close-score plays,
2025,3,401762465,G6,Tulsa,home,0,3,0.4805194805194805,25,25,0.5,Balanced,,3.0
2025,3,401762465,G6,Navy,away,1,3,0.864406779661017,38,8,0.8260869565217391,Run majority,,3.0
2025,3,401762463,G6,UAB,home,1,3,0.45,20,15,0.5714285714285714,Run majority,,3.0
2025,3,401762463,G6,Akron,away,0,3,0.512,24,22,0.5217391304347826,Run majority,,3.0
2025,3,401752840,P4,California,home,1,3,0.5161290322580645,7,6,,Missing,Fewer than 30 prior close-score plays,
2025,3,401752840,P4,Minnesota,away,0,3,0.5569620253164557,20,25,0.4444444444444444,Pass majority,,2.888888888888889
2025,3,401754533,P4,Stanford,home,1,3,0.5193798449612403,31,30,0.5081967213114754,Run majority,,3.0163934426229506
2025,3,401754533,P4,Boston College,away,0,3,0.3571428571428571,20,25,0.4444444444444444,Pass majority,,3.111111111111111
2025,4,401762468,G6,Charlotte,home,0,2,0.464,25,19,0.5681818181818182,Run majority,,2.0
2025,4,401762468,G6,Rice,away,1,4,0.8307692307692308,63,14,0.8181818181818182,Run majority,,4.0
2025,4,401752844,P4,Rutgers,home,0,3,0.5693430656934306,41,51,0.4456521739130434,Pass majority,,3.108695652173913
2025,4,401752844,P4,Iowa,away,1,3,0.5895522388059702,25,21,0.5434782608695652,Run majority,,3.0869565217391304
2025,4,401760376,G6,Miami (OH),home,0,2,0.5176470588235295,19,17,0.5277777777777778,Run majority,,2.0
2025,4,401760376,G6,UNLV,away,1,4,0.5963302752293578,22,21,0.5116279069767442,Run majority,,4.0
2025,4,401752845,P4,Wisconsin,home,0,4,0.5869565217391305,45,48,0.4838709677419355,Pass majority,,4.0
2025,4,401752845,P4,Maryland,away,1,2,0.4113475177304964,28,40,0.4117647058823529,Pass majority,,2.0
2025,4,401762469,G6,Army,home,0,2,0.8536585365853658,35,3,0.9210526315789472,Run majority,,2.0
2025,4,401762469,G6,North Texas,away,1,4,0.4682539682539682,20,29,0.4081632653061224,Pass majority,,4.0
2025,4,401756901,P4,Utah,home,0,3,0.5963855421686747,43,26,0.6231884057971014,Run majority,,2.753623188405797
2025,4,401756901,P4,Texas Tech,away,1,3,0.5093167701863354,12,14,,Missing,Fewer than 30 prior close-score plays,
2025,4,401754537,P4,Clemson,home,0,4,0.4942528735632184,41,49,0.4555555555555555,Pass majority,,3.911111111111111
2025,4,401754537,P4,Syracuse,away,1,2,0.4337349397590361,17,19,0.4722222222222222,Pass majority,,2.055555555555556
2025,4,401754636,P4,TCU,home,1,6,0.4861111111111111,15,18,0.4545454545454545,Pass majority,,6.0
2025,4,401754636,P4,SMU,away,0,0,0.5735294117647058,28,27,0.509090909090909,Run majority,,0.0
2025,4,401752848,P4,Notre Dame,home,1,6,0.5193798449612403,41,33,0.5540540540540541,Run majority,,6.0
2025,4,401752848,P4,Purdue,away,0,0,0.4603174603174603,11,13,,Missing,Fewer than 30 prior close-score plays,
2025,4,401752714,P4,Oklahoma,home,1,3,0.5359477124183006,25,30,0.4545454545454545,Pass majority,,3.090909090909091
2025,4,401752714,P4,Auburn,away,0,3,0.628140703517588,42,30,0.5833333333333334,Run majority,,3.166666666666667
2025,4,401752846,P4,Nebraska,home,0,3,0.4569536423841059,27,29,0.4821428571428571,Pass majority,,3.0357142857142856
2025,4,401752846,P4,Michigan,away,1,3,0.5979899497487438,37,27,0.578125,Run majority,,3.15625
2025,4,401761610,G6,Eastern Michigan,home,1,3,0.45,13,11,,Missing,Fewer than 30 prior close-score plays,
2025,4,401761610,G6,Louisiana,away,0,2,0.5578947368421052,19,18,0.5135135135135135,Run majority,,2.027027027027027
2025,4,401754640,P4,UCF,home,1,4,0.5285714285714286,30,21,0.5882352941176471,Run majority,,3.8235294117647056
2025,4,401754640,P4,North Carolina,away,0,1,0.5700934579439252,20,16,0.5555555555555556,Run majority,,1.1111111111111112
2025,4,401762820,G6,Western Michigan,home,1,1,0.6182795698924731,48,21,0.6956521739130435,Run majority,,1.0
2025,4,401762820,G6,Toledo,away,0,5,0.5378787878787878,26,23,0.5306122448979592,Run majority,,5.0
2025,4,401757262,G6,Liberty,home,0,3,0.5846153846153846,33,25,0.5689655172413793,Run majority,,2.862068965517241
2025,4,401757262,G6,James Madison,away,1,3,0.6025641025641025,27,20,0.574468085106383,Run majority,,3.148936170212766
2025,4,401761613,G6,Buffalo,home,0,5,0.4690265486725664,37,32,0.5362318840579711,Run majority,,5.0
2025,4,401761613,G6,Troy,away,1,0,0.4661016949152542,20,32,0.3846153846153846,Pass majority,,0.0
2025,4,401754538,P4,Duke,home,1,3,0.3478260869565217,18,22,0.45,Pass majority,,2.9
2025,4,401754538,P4,NC State,away,0,3,0.5637254901960784,48,48,0.5,Balanced,,3.0
2025,4,401757261,G6,Kennesaw State,home,1,3,0.5813953488372093,38,31,0.5507246376811594,Run majority,,3.101449275362319
2025,4,401757261,G6,Arkansas State,away,0,3,0.543046357615894,22,23,0.4888888888888889,Pass majority,,3.022222222222222
2025,4,401757259,G6,Florida International,home,0,4,0.5808823529411765,36,32,0.5294117647058824,Run majority,,3.941176470588236
2025,4,401757259,G6,Delaware,away,1,2,0.5172413793103449,36,35,0.5070422535211268,Run majority,,2.014084507042253
2025,4,401756899,P4,Kansas,home,1,4,0.5327102803738317,26,29,0.4727272727272727,Pass majority,,4.0
2025,4,401756899,P4,West Virginia,away,0,2,0.589041095890411,42,26,0.6176470588235294,Run majority,,2.0
2025,4,401761611,G6,South Alabama,home,0,4,0.6240601503759399,24,16,0.6,Run majority,,3.8
2025,4,401761611,G6,Coastal Carolina,away,1,2,0.4242424242424242,11,15,,Missing,Fewer than 30 prior close-score plays,
2025,4,401760372,G6,Air Force,home,0,1,0.7261904761904762,23,5,,Missing,Fewer than 30 prior close-score plays,
2025,4,401760372,G6,Boise State,away,1,4,0.4418604651162791,18,19,0.4864864864864865,Pass majority,,4.0
2025,4,401757268,G6,Western Kentucky,home,1,4,0.4117647058823529,18,42,0.3,Pass majority,,4.4
2025,4,401757268,G6,Nevada,away,0,2,0.5892857142857143,15,13,,Missing,Fewer than 30 prior close-score plays,
2025,4,401752713,P4,Missouri,home,1,4,0.6337209302325582,35,29,0.546875,Run majority,,4.0
2025,4,401752713,P4,South Carolina,away,0,1,0.5546218487394958,33,30,0.5238095238095238,Run majority,,1.0
2025,4,401757264,G6,Middle Tennessee,home,0,3,0.4296296296296296,25,27,0.4807692307692308,Pass majority,,3.0384615384615383
2025,4,401757264,G6,Marshall,away,1,3,0.5871559633027523,23,19,0.5476190476190477,Run majority,,3.095238095238096
2025,4,401752709,P4,Miami,home,1,5,0.5588235294117647,32,32,0.5,Balanced,,5.0
2025,4,401752709,P4,Florida,away,0,1,0.4184397163120567,33,55,0.375,Pass majority,,1.0
2025,4,401752843,P4,Indiana,home,1,4,0.6153846153846154,30,20,0.6,Run majority,,4.0
2025,4,401752843,P4,Illinois,away,0,2,0.5808823529411765,31,40,0.4366197183098591,Pass majority,,2.0
2025,4,401756896,P4,Baylor,home,0,2,0.4096385542168674,23,30,0.4339622641509434,Pass majority,,2.132075471698113
2025,4,401756896,P4,Arizona State,away,1,4,0.6595744680851063,27,20,0.574468085106383,Run majority,,4.148936170212766
2025,4,401757263,G6,Louisiana Tech,home,1,5,0.6666666666666666,13,13,,Missing,Fewer than 30 prior close-score plays,
2025,4,401757263,G6,Southern Miss,away,0,1,0.4615384615384615,27,37,0.421875,Pass majority,,1.15625
2025,4,401754539,P4,Virginia,home,1,5,0.487012987012987,41,38,0.5189873417721519,Run majority,,5.0
2025,4,401754539,P4,Stanford,away,0,1,0.5531914893617021,48,43,0.5274725274725275,Run majority,,1.0
2025,4,401757267,G6,UTEP,home,0,6,0.4427480916030534,19,20,0.4871794871794871,Pass majority,,6.0
2025,4,401757267,G6,UL Monroe,away,1,0,0.64,2,1,,Missing,Fewer than 30 prior close-score plays,
2025,4,401760373,G6,Colorado State,home,0,1,0.45,19,12,0.6129032258064516,Run majority,,1.0
2025,4,401760373,G6,UTSA,away,1,5,0.4652777777777778,26,31,0.4561403508771929,Pass majority,,5.0
2025,4,401752847,P4,USC,home,1,5,0.5478723404255319,38,30,0.5588235294117647,Run majority,,5.0
2025,4,401752847,P4,Michigan State,away,0,1,0.5984848484848485,30,25,0.5454545454545454,Run majority,,1.0
2025,4,401760374,G6,Hawai'i,home,0,4,0.4009216589861751,35,50,0.4117647058823529,Pass majority,,4.176470588235294
2025,4,401760374,G6,Fresno State,away,1,2,0.5795454545454546,53,40,0.5698924731182796,Run majority,,2.139784946236559
2025,5,401762471,G6,East Carolina,home,1,6,0.4767932489451477,24,35,0.4067796610169492,Pass majority,,6.0
2025,5,401762471,G6,Army,away,0,0,0.8414634146341463,41,3,0.9318181818181818,Run majority,,0.0
2025,5,401754543,P4,Virginia,home,1,2,0.5131578947368421,47,47,0.5,Balanced,,2.0
2025,5,401754543,P4,Florida State,away,0,4,0.7304964539007093,26,11,0.7027027027027027,Run majority,,4.0
2025,5,401756902,P4,Arizona State,home,1,1,0.6380090497737556,60,42,0.5882352941176471,Run majority,,1.0
2025,5,401756902,P4,TCU,away,0,5,0.4832214765100671,34,47,0.419753086419753,Pass majority,,5.0
2025,5,401754545,P4,Syracuse,home,0,3,0.4526748971193415,31,31,0.5,Balanced,,3.0
2025,5,401754545,P4,Duke,away,1,2,0.4129353233830846,33,38,0.4647887323943662,Pass majority,,1.9295774647887325
2025,5,401756905,P4,Kansas,home,0,4,0.5632183908045977,40,43,0.4819277108433735,Pass majority,,4.0361445783132535
2025,5,401756905,P4,Cincinnati,away,1,2,0.5462962962962963,19,18,0.5135135135135135,Run majority,,2.027027027027027
2025,5,401754546,P4,Wake Forest,home,0,2,0.5227272727272727,41,40,0.5061728395061729,Run majority,,2.0
2025,5,401754546,P4,Georgia Tech,away,1,4,0.6397849462365591,63,41,0.6057692307692307,Run majority,,4.0
2025,5,401752850,P4,Illinois,home,1,2,0.5469613259668509,37,51,0.4204545454545454,Pass majority,,2.0
2025,5,401752850,P4,USC,away,0,4,0.562992125984252,53,44,0.5463917525773195,Run majority,,4.0
2025,5,401756906,P4,Kansas State,home,1,3,0.4509803921568627,52,49,0.5148514851485149,Run majority,,3.0297029702970297
2025,5,401756906,P4,UCF,away,0,3,0.5220588235294118,38,29,0.5671641791044776,Run majority,,2.865671641791045
2025,5,401752849,P4,Minnesota,home,1,4,0.5472972972972973,44,46,0.4888888888888889,Pass majority,,3.977777777777778
2025,5,401752849,P4,Rutgers,away,0,2,0.5217391304347826,61,80,0.4326241134751773,Pass majority,,2.1347517730496453
2025,5,401762825,G6,Ohio,home,1,1,0.576530612244898,59,50,0.5412844036697247,Run majority,,1.0
2025,5,401762825,G6,Bowling Green,away,0,5,0.5238095238095238,36,34,0.5142857142857142,Run majority,,5.0
2025,5,401754547,P4,Pittsburgh,home,0,3,0.4615384615384615,27,43,0.3857142857142857,Pass majority,,2.771428571428572
2025,5,401754547,P4,Louisville,away,1,3,0.5130434782608696,27,28,0.4909090909090909,Pass majority,,3.018181818181818
2025,5,401752717,P4,Arkansas,home,0,2,0.5,41,40,0.5061728395061729,Run majority,,2.0123456790123457
2025,5,401752717,P4,Notre Dame,away,1,4,0.5729166666666666,57,37,0.6063829787234043,Run majority,,3.787234042553192
2025,5,401761617,G6,North Texas,home,1,5,0.4950980392156863,33,46,0.4177215189873418,Pass majority,,5.0
2025,5,401761617,G6,South Alabama,away,0,1,0.596244131455399,58,37,0.6105263157894737,Run majority,,1.0
2025,5,401762826,G6,Central Michigan,home,1,4,0.6756756756756757,33,17,0.66,Run majority,,4.32
2025,5,401762826,G6,Eastern Michigan,away,0,2,0.4782608695652174,37,33,0.5285714285714286,Run majority,,1.9428571428571428
2025,5,401761614,G6,James Madison,home,1,5,0.6137931034482759,50,39,0.5617977528089888,Run majority,,5.0
2025,5,401761614,G6,Georgia Southern,away,0,1,0.4974093264248704,40,39,0.5063291139240507,Run majority,,1.0
2025,5,401761616,G6,UL Monroe,home,1,5,0.6915887850467289,11,6,,Missing,Fewer than 30 prior close-score plays,
2025,5,401761616,G6,Arkansas State,away,0,1,0.5,25,27,0.4807692307692308,Pass majority,,1.0
2025,5,401756908,P4,West Virginia,home,0,1,0.5825688073394495,52,33,0.611764705882353,Run majority,,1.0
2025,5,401756908,P4,Utah,away,1,4,0.5531914893617021,64,51,0.5565217391304348,Run majority,,4.0
2025,5,401752853,P4,Iowa,home,0,2,0.6157894736842106,47,33,0.5875,Run majority,,2.0
2025,5,401752853,P4,Indiana,away,1,4,0.6359649122807017,40,30,0.5714285714285714,Run majority,,4.0
2025,5,401754544,P4,Boston College,home,0,3,0.3503649635036496,35,53,0.3977272727272727,Pass majority,,3.2045454545454546
2025,5,401754544,P4,California,away,1,3,0.4416243654822335,27,56,0.3253012048192771,Pass majority,,2.6506024096385543
2025,5,401752719,P4,Ole Miss,home,1,3,0.5958904109589042,75,59,0.5597014925373134,Run majority,,2.880597014925373
2025,5,401752719,P4,LSU,away,0,3,0.4568527918781725,43,67,0.3909090909090909,Pass majority,,2.7818181818181817
2025,5,401762824,G6,Toledo,home,1,6,0.553921568627451,48,36,0.5714285714285714,Run majority,,6.0
2025,5,401762824,G6,Akron,away,0,0,0.5270935960591133,40,37,0.5194805194805194,Run majority,,0.0
2025,5,401752724,P4,Texas A&M,home,1,2,0.4830917874396135,36,47,0.4337349397590361,Pass majority,,2.0
2025,5,401752724,P4,Auburn,away,0,4,0.599250936329588,56,60,0.4827586206896552,Pass majority,,4.0
2025,5,401762473,G6,Navy,home,1,4,0.8636363636363636,59,13,0.8194444444444444,Run majority,,4.638888888888889
2025,5,401762473,G6,Rice,away,0,2,0.8191489361702128,83,20,0.8058252427184466,Run majority,,1.3883495145631068
2025,5,401752852,P4,Washington,home,0,4,0.6614173228346457,51,31,0.6219512195121951,Run majority,,4.243902439024391
2025,5,401752852,P4,Ohio State,away,1,2,0.5555555555555556,43,38,0.5308641975308642,Run majority,,1.938271604938272
2025,5,401752851,P4,Northwestern,home,1,2,0.5245901639344263,19,15,0.5588235294117647,Run majority,,2.0
2025,5,401752851,P4,UCLA,away,0,4,0.449438202247191,18,20,0.4736842105263157,Pass majority,,4.0
2025,5,401760380,G6,Northern Illinois,home,0,2,0.6147540983606558,34,23,0.5964912280701754,Run majority,,2.0
2025,5,401760380,G6,San Diego State,away,1,4,0.5752212389380531,21,23,0.4772727272727273,Pass majority,,4.0
2025,5,401756907,P4,Oklahoma State,home,0,3,0.5514705882352942,13,10,,Missing,Fewer than 30 prior close-score plays,
2025,5,401756907,P4,Baylor,away,1,3,0.3991228070175439,36,55,0.3956043956043956,Pass majority,,3.0
2025,5,401762474,G6,Tulsa,home,0,2,0.5,57,65,0.4672131147540984,Pass majority,,2.065573770491804
2025,5,401762474,G6,Tulane,away,1,4,0.592057761732852,45,46,0.4945054945054945,Pass majority,,3.989010989010989
2025,5,401757274,G6,New Mexico,home,1,3,0.5323741007194245,31,16,0.6595744680851063,Run majority,,3.0
2025,5,401757274,G6,New Mexico State,away,0,3,0.3553719008264462,22,38,0.3666666666666666,Pass majority,,3.0
2025,5,401760378,G6,Air Force,home,0,2,0.7295597484276729,52,12,0.8125,Run majority,,2.0
2025,5,401760378,G6,Hawai'i,away,1,4,0.3917525773195876,46,80,0.365079365079365,Pass majority,,4.0
2025,5,401752720,P4,Mississippi State,home,0,4,0.5741626794258373,58,49,0.5420560747663551,Run majority,,3.91588785046729
2025,5,401752720,P4,Tennessee,away,1,2,0.5545023696682464,28,43,0.3943661971830985,Pass majority,,1.788732394366197
2025,5,401757271,G6,Old Dominion,home,1,5,0.5887850467289719,29,14,0.6744186046511628,Run majority,,5.0
2025,5,401757271,G6,Liberty,away,0,1,0.6113989637305699,62,36,0.6326530612244898,Run majority,,1.0
2025,5,401757270,G6,Kennesaw State,home,1,5,0.5849056603773585,50,37,0.5747126436781609,Run majority,,5.0
2025,5,401757270,G6,Middle Tennessee,away,0,1,0.3989071038251366,35,51,0.4069767441860465,Pass majority,,1.0
2025,5,401756904,P4,Iowa State,home,1,1,0.5789473684210527,65,57,0.5327868852459017,Run majority,,1.0
2025,5,401756904,P4,Arizona,away,0,5,0.5777777777777777,32,24,0.5714285714285714,Run majority,,5.0
2025,5,401762472,G6,Florida Atlantic,home,0,1,0.3579545454545454,29,41,0.4142857142857143,Pass majority,,1.0
2025,5,401762472,G6,Memphis,away,1,5,0.6176470588235294,62,43,0.5904761904761905,Run majority,,5.0
2025,5,401754548,P4,NC State,home,0,6,0.539568345323741,65,65,0.5,Balanced,,6.0
2025,5,401754548,P4,Virginia Tech,away,1,0,0.4975609756097561,56,46,0.5490196078431373,Run majority,,0.0
2025,5,401757269,G6,Southern Miss,home,1,3,0.4481132075471698,37,48,0.4352941176470588,Pass majority,,3.1294117647058823
2025,5,401757269,G6,Jacksonville State,away,0,3,0.6616161616161617,81,32,0.7168141592920354,Run majority,,3.433628318584071
2025,5,401757273,G6,Missouri State,home,0,2,0.4895833333333333,31,42,0.4246575342465753,Pass majority,,2.0
2025,5,401757273,G6,Western Kentucky,away,1,4,0.4383561643835616,34,66,0.34,Pass majority,,4.0
2025,5,401760379,G6,Boise State,home,1,2,0.4791666666666667,35,39,0.4729729729729729,Pass majority,,1.945945945945946
2025,5,401760379,G6,App State,away,0,4,0.4269662921348314,24,38,0.3870967741935484,Pass majority,,4.225806451612903
2025,5,401752718,P4,Georgia,home,0,3,0.6073619631901841,46,19,0.7076923076923077,Run majority,,3.415384615384616
2025,5,401752718,P4,Alabama,away,1,3,0.4507772020725388,29,27,0.5178571428571429,Run majority,,2.9642857142857144
2025,5,401752854,P4,Penn State,home,0,3,0.4962962962962963,29,19,0.6041666666666666,Run majority,,3.0
2025,5,401752854,P4,Oregon,away,1,3,0.5794871794871795,25,30,0.4545454545454545,Pass majority,,3.0
2025,5,401752950,G6,Colorado State,home,0,4,0.4740740740740741,43,29,0.5972222222222222,Run majority,,4.194444444444445
2025,5,401752950,G6,Washington State,away,1,2,0.4466019417475728,20,31,0.392156862745098,Pass majority,,2.215686274509804
2025,5,401752722,P4,South Carolina,home,1,3,0.5207100591715976,44,51,0.4631578947368421,Pass majority,,3.073684210526316
2025,5,401752722,P4,Kentucky,away,0,3,0.6206896551724138,57,48,0.5428571428571428,Run majority,,3.0857142857142854
2025,5,401761615,G6,Louisiana,home,1,2,0.5246913580246914,42,33,0.56,Run majority,,2.12
2025,5,401761615,G6,Marshall,away,0,4,0.6277777777777778,54,35,0.6067415730337079,Run majority,,3.786516853932584
2025,5,401757272,G6,UTEP,home,0,2,0.4114832535885167,29,38,0.4328358208955223,Pass majority,,2.0
2025,5,401757272,G6,Louisiana Tech,away,1,4,0.6598984771573604,25,18,0.5813953488372093,Run majority,,4.0
2025,5,401756903,P4,Colorado,home,0,2,0.5020242914979757,44,48,0.4782608695652174,Pass majority,,2.0
2025,5,401756903,P4,BYU,away,1,4,0.5859375,26,22,0.5416666666666666,Run majority,,4.0
2025,6,401757275,G6,New Mexico State,home,1,5,0.3862433862433862,37,67,0.3557692307692308,Pass majority,,5.288461538461538
2025,6,401757275,G6,Sam Houston,away,0,1,0.512396694214876,38,37,0.5066666666666667,Run majority,,1.0133333333333334
2025,6,401762475,G6,South Florida,home,1,6,0.4516129032258064,34,47,0.419753086419753,Pass majority,,6.0
2025,6,401762475,G6,Charlotte,away,0,0,0.4477611940298507,42,37,0.5316455696202531,Run majority,,0.0
2025,6,401757276,G6,Delaware,home,0,3,0.5023696682464455,51,55,0.4811320754716981,Pass majority,,2.962264150943396
2025,6,401757276,G6,Western Kentucky,away,1,3,0.4355400696864111,50,96,0.3424657534246575,Pass majority,,3.315068493150685
2025,6,401760384,G6,San José State,home,1,1,0.3145539906103286,27,59,0.313953488372093,Pass majority,,1.0
2025,6,401760384,G6,New Mexico,away,0,5,0.5384615384615384,50,31,0.6172839506172839,Run majority,,5.0
2025,6,401760382,G6,San Diego State,home,1,6,0.6089385474860335,45,42,0.5172413793103449,Run majority,,6.0
2025,6,401760382,G6,Colorado State,away,0,0,0.505,54,34,0.6136363636363636,Run majority,,0.0
2025,6,401756909,P4,BYU,home,1,6,0.5751295336787565,38,37,0.5066666666666667,Run majority,,6.0
2025,6,401756909,P4,West Virginia,away,0,0,0.6272401433691757,59,35,0.6276595744680851,Run majority,,0.0
2025,6,401752728,P4,Georgia,home,1,5,0.6111111111111112,56,26,0.6829268292682927,Run majority,,5.0
2025,6,401752728,P4,Kentucky,away,0,1,0.6349809885931559,72,55,0.5669291338582677,Run majority,,1.0
2025,6,401762830,G6,Ball State,home,1,1,0.6503067484662577,25,17,0.5952380952380952,Run majority,,1.0
2025,6,401762830,G6,Ohio,away,0,5,0.5846153846153846,75,66,0.5319148936170213,Run majority,,5.0
2025,6,401756912,P4,Cincinnati,home,1,3,0.5079365079365079,45,48,0.4838709677419355,Pass majority,,2.967741935483871
2025,6,401756912,P4,Iowa State,away,0,3,0.6061776061776062,79,64,0.5524475524475524,Run majority,,2.895104895104895
2025,6,401752861,P4,Purdue,home,0,2,0.4432989690721649,19,25,0.4318181818181818,Pass majority,,2.0
2025,6,401752861,P4,Illinois,away,1,4,0.551440329218107,55,72,0.4330708661417323,Pass majority,,4.0
2025,6,401756911,P4,Baylor,home,1,1,0.4304635761589404,57,75,0.4318181818181818,Pass majority,,1.0
2025,6,401756911,P4,Kansas State,away,0,5,0.5067264573991032,74,63,0.5401459854014599,Run majority,,5.0
2025,6,401760381,G6,Navy,home,1,6,0.8393782383419689,76,16,0.8260869565217391,Run majority,,6.0
2025,6,401760381,G6,Air Force,away,0,0,0.7281553398058253,65,17,0.7926829268292683,Run majority,,0.0
2025,6,401752856,P4,Michigan,home,1,3,0.596078431372549,50,43,0.5376344086021505,Run majority,,3.075268817204301
2025,6,401752856,P4,Wisconsin,away,0,3,0.5747126436781609,56,56,0.5,Balanced,,3.0
2025,6,401762476,G6,UAB,home,0,3,0.3768115942028985,33,43,0.4342105263157895,Pass majority,,3.131578947368421
2025,6,401762476,G6,Army,away,1,3,0.834061135371179,43,4,0.9148936170212766,Run majority,,3.829787234042553
2025,6,401754552,P4,North Carolina,home,0,2,0.5212121212121212,21,19,0.525,Run majority,,1.95
2025,6,401754552,P4,Clemson,away,1,4,0.4202334630350194,41,49,0.4555555555555555,Pass majority,,3.911111111111111
2025,6,401754550,P4,Pittsburgh,home,1,4,0.4486486486486487,40,57,0.4123711340206185,Pass majority,,3.824742268041237
2025,6,401754550,P4,Boston College,away,0,2,0.3538461538461538,48,74,0.3934426229508196,Pass majority,,2.2131147540983607
2025,6,401754556,P4,Virginia Tech,home,0,2,0.4925925925925926,72,75,0.4897959183673469,Pass majority,,1.9795918367346936
2025,6,401754556,P4,Wake Forest,away,1,4,0.5369458128078818,55,51,0.5188679245283019,Run majority,,3.962264150943396
2025,6,401762479,G6,Temple,home,1,4,0.5373134328358209,18,19,0.4864864864864865,Pass majority,,4.027027027027027
2025,6,401762479,G6,UTSA,away,0,2,0.4901960784313725,53,52,0.5047619047619047,Run majority,,2.009523809523809
2025,6,401762832,G6,Massachusetts,home,0,1,0.3915662650602409,24,28,0.4615384615384615,Pass majority,,1.0
2025,6,401762832,G6,Western Michigan,away,1,5,0.59375,61,35,0.6354166666666666,Run majority,,5.0
2025,6,401756910,P4,Arizona,home,1,6,0.4927536231884058,38,33,0.5352112676056338,Run majority,,6.0
2025,6,401756910,P4,Oklahoma State,away,0,0,0.5,27,33,0.45,Pass majority,,0.0
2025,6,401762873,G6,Northern Illinois,home,0,4,0.6480446927374302,61,33,0.648936170212766,Run majority,,3.702127659574468
2025,6,401762873,G6,Miami (OH),away,1,2,0.4782608695652174,28,31,0.4745762711864407,Pass majority,,1.9491525423728813
2025,6,401752857,P4,Maryland,home,0,4,0.4090909090909091,34,51,0.4,Pass majority,,4.0
2025,6,401752857,P4,Washington,away,1,2,0.6333333333333333,66,44,0.6,Run majority,,2.0
2025,6,401754555,P4,SMU,home,1,6,0.5223880597014925,38,38,0.5,Balanced,,6.0
2025,6,401754555,P4,Syracuse,away,0,0,0.4462540716612377,41,44,0.4823529411764706,Pass majority,,0.0
2025,6,401762831,G6,Buffalo,home,1,6,0.524390243902439,84,65,0.5637583892617449,Run majority,,6.0
2025,6,401762831,G6,Eastern Michigan,away,0,0,0.4848484848484848,43,41,0.5119047619047619,Run majority,,0.0
2025,6,401752940,G6,App State,home,1,5,0.4468085106382978,30,46,0.3947368421052631,Pass majority,,5.0
2025,6,401752940,G6,Oregon State,away,0,1,0.4619883040935672,74,54,0.578125,Run majority,,1.0
2025,6,401752727,P4,Florida,home,1,2,0.4559585492227979,39,62,0.3861386138613861,Pass majority,,2.227722772277228
2025,6,401752727,P4,Texas,away,0,4,0.5886524822695035,69,44,0.6106194690265486,Run majority,,4.221238938053097
2025,6,401762829,G6,Akron,home,1,2,0.5399239543726235,41,39,0.5125,Run majority,,2.0
2025,6,401762829,G6,Central Michigan,away,0,4,0.6901960784313725,51,24,0.68,Run majority,,4.0
2025,6,401752855,P4,UCLA,home,1,1,0.4638297872340425,20,27,0.425531914893617,Pass majority,,1.0
2025,6,401752855,P4,Penn State,away,0,5,0.5230769230769231,46,33,0.5822784810126582,Run majority,,5.0
2025,6,401754554,P4,Louisville,home,0,5,0.465,34,39,0.4657534246575342,Pass majority,,5.068493150684931
2025,6,401754554,P4,Virginia,away,1,1,0.5288461538461539,71,73,0.4930555555555556,Pass majority,,0.9861111111111112
2025,6,401752726,P4,Alabama,home,1,4,0.4629629629629629,48,51,0.4848484848484848,Pass majority,,4.03030303030303
2025,6,401752726,P4,Vanderbilt,away,0,2,0.55078125,42,41,0.5060240963855421,Run majority,,2.0120481927710845
2025,6,401761618,G6,Georgia State,home,0,2,0.4183673469387755,38,38,0.5,Balanced,,2.0
2025,6,401761618,G6,James Madison,away,1,4,0.6454545454545455,68,47,0.591304347826087,Run majority,,4.0
2025,6,401752860,P4,Nebraska,home,1,4,0.4484304932735426,43,45,0.4886363636363636,Pass majority,,4.0227272727272725
2025,6,401752860,P4,Michigan State,away,0,2,0.5935828877005348,36,31,0.5373134328358209,Run majority,,2.074626865671642
2025,6,401761620,G6,Arkansas State,home,1,2,0.4659863945578231,38,47,0.4470588235294118,Pass majority,,2.0
2025,6,401761620,G6,Texas State,away,0,4,0.6047619047619047,65,42,0.6074766355140186,Run majority,,4.0
2025,6,401761619,G6,Old Dominion,home,1,5,0.6067415730337079,47,30,0.6103896103896104,Run majority,,5.0
2025,6,401761619,G6,Coastal Carolina,away,0,1,0.4627659574468085,29,35,0.453125,Pass majority,,1.0
2025,6,401760385,G6,Wyoming,home,0,2,0.5728643216080402,48,50,0.4897959183673469,Pass majority,,2.0
2025,6,401760385,G6,UNLV,away,1,4,0.5538461538461539,30,37,0.4477611940298507,Pass majority,,4.0
2025,6,401761621,G6,Troy,home,1,3,0.5074626865671642,42,46,0.4772727272727273,Pass majority,,3.0
2025,6,401761621,G6,South Alabama,away,0,3,0.5870307167235495,80,51,0.6106870229007634,Run majority,,3.0
2025,6,401756913,P4,Houston,home,0,1,0.5960591133004927,59,47,0.5566037735849056,Run majority,,1.0
2025,6,401756913,P4,Texas Tech,away,1,4,0.5107296137339056,35,37,0.4861111111111111,Pass majority,,4.0
2025,6,401762477,G6,Rice,home,0,6,0.7782258064516129,88,21,0.8073394495412844,Run majority,,6.0
2025,6,401762477,G6,Florida Atlantic,away,1,0,0.359375,52,68,0.4333333333333333,Pass majority,,0.0
2025,6,401754553,P4,Florida State,home,0,3,0.6801801801801802,54,26,0.675,Run majority,,3.35
2025,6,401754553,P4,Miami,away,1,3,0.5754716981132075,44,43,0.5057471264367817,Run majority,,2.9885057471264367
2025,6,401752730,P4,Texas A&M,home,1,4,0.532608695652174,53,60,0.4690265486725664,Pass majority,,3.938053097345133
2025,6,401752730,P4,Mississippi State,away,0,2,0.6,92,72,0.5609756097560976,Run majority,,1.8780487804878048
2025,6,401756915,P4,UCF,home,0,3,0.5333333333333333,46,38,0.5476190476190477,Run majority,,2.9047619047619047
2025,6,401756915,P4,Kansas,away,1,3,0.5458515283842795,53,61,0.4649122807017544,Pass majority,,2.929824561403509
2025,6,401752859,P4,Ohio State,home,1,4,0.553072625698324,60,61,0.4958677685950413,Pass majority,,4.0
2025,6,401752859,P4,Minnesota,away,0,1,0.4782608695652174,55,78,0.4135338345864661,Pass majority,,1.0
2025,6,401756914,P4,TCU,home,1,4,0.4685990338164251,46,67,0.4070796460176991,Pass majority,,3.814159292035398
2025,6,401756914,P4,Colorado,away,0,2,0.5366666666666666,61,55,0.5258620689655172,Run majority,,1.9482758620689653
2025,6,401762478,G6,Memphis,home,1,6,0.6394052044609665,88,56,0.6111111111111112,Run majority,,6.0
2025,6,401762478,G6,Tulsa,away,0,0,0.5033333333333333,73,80,0.477124183006536,Pass majority,,0.0
2025,6,401760383,G6,Fresno State,home,1,4,0.5654008438818565,74,58,0.5606060606060606,Run majority,,3.878787878787879
2025,6,401760383,G6,Nevada,away,0,2,0.5706521739130435,41,25,0.6212121212121212,Run majority,,2.242424242424242
2025,6,401754551,P4,California,home,0,2,0.4626865671641791,44,75,0.3697478991596639,Pass majority,,2.0
2025,6,401754551,P4,Duke,away,1,3,0.4511278195488721,39,49,0.4431818181818182,Pass majority,,3.0
2025,7,401757278,G6,Middle Tennessee,home,0,4,0.4198473282442748,39,53,0.4239130434782608,Pass majority,,3.8478260869565215
2025,7,401757278,G6,Missouri State,away,1,2,0.4961240310077519,50,67,0.4273504273504273,Pass majority,,2.145299145299145
2025,7,401757277,G6,UTEP,home,0,4,0.4078014184397163,42,61,0.4077669902912621,Pass majority,,4.0
2025,7,401757277,G6,Liberty,away,1,2,0.6506024096385542,88,44,0.6666666666666666,Run majority,,2.0
2025,7,401757280,G6,Kennesaw State,home,1,1,0.5893536121673004,54,41,0.5684210526315789,Run majority,,1.0
2025,7,401757280,G6,Louisiana Tech,away,0,5,0.6490566037735849,49,42,0.5384615384615384,Run majority,,5.0
2025,7,401762480,G6,Tulane,home,1,4,0.5880681818181818,66,63,0.5116279069767442,Run majority,,4.023255813953488
2025,7,401762480,G6,East Carolina,away,0,2,0.5275080906148867,34,40,0.4594594594594595,Pass majority,,2.081081081081081
2025,7,401761622,G6,Georgia Southern,home,0,1,0.5020576131687243,46,52,0.4693877551020408,Pass majority,,1.0
2025,7,401761622,G6,Southern Miss,away,1,5,0.5105633802816901,46,52,0.4693877551020408,Pass majority,,5.0
2025,7,401757279,G6,Sam Houston,home,0,2,0.4885993485342019,52,56,0.4814814814814814,Pass majority,,2.0
2025,7,401757279,G6,Jacksonville State,away,1,3,0.6678700361010831,87,35,0.7131147540983607,Run majority,,3.0
2025,7,401762481,G6,North Texas,home,0,5,0.5204460966542751,56,68,0.4516129032258064,Pass majority,,5.0
2025,7,401762481,G6,South Florida,away,1,1,0.5159010600706714,45,53,0.4591836734693877,Pass majority,,1.0
2025,7,401752862,P4,Washington,home,1,6,0.5836575875486382,71,48,0.5966386554621849,Run majority,,6.0
2025,7,401752862,P4,Rutgers,away,0,0,0.5300353356890459,80,103,0.4371584699453552,Pass majority,,0.0
2025,7,401760388,G6,Colorado State,home,1,2,0.5132075471698113,60,40,0.6,Run majority,,2.0
2025,7,401760388,G6,Fresno State,away,0,4,0.568561872909699,91,69,0.56875,Run majority,,4.0
2025,7,401762835,G6,Bowling Green,home,1,1,0.531496062992126,52,44,0.5416666666666666,Run majority,,1.0
2025,7,401762835,G6,Toledo,away,0,5,0.5660377358490566,52,40,0.5652173913043478,Run majority,,5.0
2025,7,401752863,P4,Michigan State,home,0,5,0.5843137254901961,53,44,0.5463917525773195,Run majority,,5.0
2025,7,401752863,P4,UCLA,away,1,1,0.5192307692307693,44,44,0.5,Balanced,,1.0
2025,7,401762833,G6,Akron,home,0,2,0.540785498489426,62,58,0.5166666666666667,Run majority,,2.0
2025,7,401762833,G6,Miami (OH),away,1,4,0.5420560747663551,51,48,0.5151515151515151,Run majority,,4.0
2025,7,401754559,P4,Florida State,home,0,3,0.6196721311475409,71,34,0.6761904761904762,Run majority,,3.3523809523809525
2025,7,401754559,P4,Pittsburgh,away,1,3,0.4615384615384615,48,69,0.4102564102564102,Pass majority,,3.17948717948718
2025,7,401754561,P4,SMU,home,1,6,0.5018867924528302,45,50,0.4736842105263157,Pass majority,,6.0
2025,7,401754561,P4,Stanford,away,0,0,0.5078864353312302,71,71,0.5,Balanced,,0.0
2025,7,401752734,P4,Missouri,home,0,5,0.6314199395770392,81,61,0.5704225352112676,Run majority,,5.0
2025,7,401752734,P4,Alabama,away,1,1,0.4808259587020649,68,75,0.4755244755244755,Pass majority,,1.0
2025,7,401756920,P4,Oklahoma State,home,0,1,0.5054945054945055,29,39,0.4264705882352941,Pass majority,,1.0
2025,7,401756920,P4,Houston,away,1,4,0.5852713178294574,62,47,0.5688073394495413,Run majority,,4.0
2025,7,401762483,G6,Army,home,1,5,0.8542372881355932,79,6,0.9294117647058824,Run majority,,5.858823529411765
2025,7,401762483,G6,Charlotte,away,0,1,0.467680608365019,45,40,0.5294117647058824,Run majority,,0.9411764705882352
2025,7,401756917,P4,Cincinnati,home,1,3,0.5241935483870968,50,55,0.4761904761904761,Pass majority,,2.952380952380953
2025,7,401756917,P4,UCF,away,0,3,0.5276752767527675,66,54,0.55,Run majority,,2.9
2025,7,401752865,P4,Illinois,home,0,2,0.5718954248366013,68,83,0.4503311258278146,Pass majority,,2.0
2025,7,401752865,P4,Ohio State,away,1,4,0.5443037974683544,69,73,0.4859154929577465,Pass majority,,4.0
2025,7,401761625,G6,James Madison,home,1,6,0.6491228070175439,93,64,0.5923566878980892,Run majority,,6.0
2025,7,401761625,G6,Louisiana,away,0,0,0.5550847457627118,60,48,0.5555555555555556,Run majority,,0.0
2025,7,401762836,G6,Eastern Michigan,home,1,3,0.5214899713467048,72,61,0.5413533834586466,Run majority,,2.917293233082707
2025,7,401762836,G6,Northern Illinois,away,0,3,0.6043478260869565,77,53,0.5923076923076923,Run majority,,3.184615384615385
2025,7,401762837,G6,Kent State,home,1,3,0.5720164609053497,29,26,0.5272727272727272,Run majority,,2.9454545454545453
2025,7,401762837,G6,Massachusetts,away,0,3,0.408695652173913,43,44,0.4942528735632184,Pass majority,,2.9885057471264367
2025,7,401752870,P4,Oregon,home,0,5,0.5567765567765568,53,51,0.5096153846153846,Run majority,,5.0
2025,7,401752870,P4,Indiana,away,1,1,0.6344827586206897,62,44,0.5849056603773585,Run majority,,1.0
2025,7,401762834,G6,Western Michigan,home,1,6,0.6006191950464397,85,58,0.5944055944055944,Run majority,,6.0
2025,7,401762834,G6,Ball State,away,0,0,0.6218487394957983,39,31,0.5571428571428572,Run majority,,0.0
2025,7,401756919,P4,Kansas State,home,1,4,0.4885245901639344,98,86,0.532608695652174,Run majority,,4.0
2025,7,401756919,P4,TCU,away,0,2,0.48,67,84,0.4437086092715231,Pass majority,,2.0
2025,7,401760386,G6,UNLV,home,1,6,0.5787401574803149,36,38,0.4864864864864865,Pass majority,,6.0
2025,7,401760386,G6,Air Force,away,0,0,0.7195571955719557,100,30,0.7692307692307693,Run majority,,0.0
2025,7,401756918,P4,Colorado,home,1,5,0.536986301369863,85,73,0.5379746835443038,Run majority,,5.0
2025,7,401756918,P4,Iowa State,away,0,1,0.563953488372093,83,65,0.5608108108108109,Run majority,,1.0
2025,7,401754560,P4,Georgia Tech,home,1,4,0.5940959409594095,77,57,0.5746268656716418,Run majority,,4.0
2025,7,401754560,P4,Virginia Tech,away,0,2,0.5045045045045045,94,90,0.5108695652173914,Run majority,,2.0
2025,7,401752736,P4,Texas,home,1,1,0.5647058823529412,72,48,0.6,Run majority,,1.0
2025,7,401752736,P4,Oklahoma,away,0,4,0.5265017667844523,49,65,0.4298245614035088,Pass majority,,4.0
2025,7,401761626,G6,Marshall,home,1,4,0.6216216216216216,73,47,0.6083333333333333,Run majority,,3.783333333333333
2025,7,401761626,G6,Old Dominion,away,0,2,0.592156862745098,58,40,0.5918367346938775,Run majority,,2.183673469387755
2025,7,401752867,P4,Maryland,home,0,4,0.3782771535580524,43,61,0.4134615384615384,Pass majority,,3.8269230769230766
2025,7,401752867,P4,Nebraska,away,1,2,0.4712230215827338,63,60,0.5121951219512195,Run majority,,1.975609756097561
2025,7,401752866,P4,Penn State,home,0,5,0.5277777777777778,46,33,0.5822784810126582,Run majority,,5.0
2025,7,401752866,P4,Northwestern,away,1,1,0.5691699604743083,50,41,0.5494505494505495,Run majority,,1.0
2025,7,401761624,G6,Georgia State,home,0,3,0.416,52,58,0.4727272727272727,Pass majority,,3.0545454545454547
2025,7,401761624,G6,App State,away,1,3,0.471571906354515,50,64,0.4385964912280701,Pass majority,,2.8771929824561404
2025,7,401754562,P4,Notre Dame,home,1,6,0.5691823899371069,90,64,0.5844155844155844,Run majority,,6.0
2025,7,401754562,P4,NC State,away,0,0,0.5290697674418605,85,88,0.4913294797687861,Pass majority,,0.0
2025,7,401762484,G6,Temple,home,0,2,0.5465116279069767,25,30,0.4545454545454545,Pass majority,,2.0
2025,7,401762484,G6,Navy,away,1,4,0.7701612903225806,94,30,0.7580645161290323,Run majority,,4.0
2025,7,401752735,P4,Tennessee,home,1,3,0.5265017667844523,44,67,0.3963963963963964,Pass majority,,3.0
2025,7,401752735,P4,Arkansas,away,0,3,0.4961240310077519,44,46,0.4888888888888889,Pass majority,,3.0
2025,7,401762482,G6,Florida Atlantic,home,1,1,0.3881987577639751,66,89,0.4258064516129032,Pass majority,,1.0
2025,7,401762482,G6,UAB,away,0,5,0.3595505617977528,43,60,0.4174757281553398,Pass majority,,5.0
2025,7,401752737,P4,Texas A&M,home,1,4,0.5694050991501416,82,79,0.5093167701863354,Run majority,,4.018633540372671
2025,7,401752737,P4,Florida,away,0,2,0.4844961240310077,60,78,0.4347826086956521,Pass majority,,2.130434782608696
2025,7,401760391,G6,Wyoming,home,1,3,0.5166051660516605,51,54,0.4857142857142857,Pass majority,,3.0285714285714285
2025,7,401760391,G6,San José State,away,0,2,0.3691756272401433,47,74,0.3884297520661157,Pass majority,,1.7768595041322317
2025,7,401761623,G6,Coastal Carolina,home,1,2,0.4862745098039215,34,38,0.4722222222222222,Pass majority,,2.0
2025,7,401761623,G6,UL Monroe,away,0,4,0.6238532110091743,37,24,0.6065573770491803,Run majority,,4.0
2025,7,401752869,P4,Wisconsin,home,0,1,0.559748427672956,77,70,0.5238095238095238,Run majority,,1.0
2025,7,401752869,P4,Iowa,away,1,5,0.5714285714285714,65,57,0.5327868852459017,Run majority,,5.0
2025,7,401756921,P4,Texas Tech,home,1,6,0.5232198142414861,46,51,0.4742268041237113,Pass majority,,6.0
2025,7,401756921,P4,Kansas,away,0,0,0.5470383275261324,65,77,0.4577464788732394,Pass majority,,0.0
2025,7,401752868,P4,USC,home,1,3,0.5347432024169184,72,65,0.5255474452554745,Run majority,,2.948905109489051
2025,7,401752868,P4,Michigan,away,0,3,0.5867507886435331,68,63,0.5190839694656488,Run majority,,3.0381679389312977
2025,7,401752864,P4,Minnesota,home,1,6,0.4806201550387597,58,93,0.3841059602649007,Pass majority,,6.0
2025,7,401752864,P4,Purdue,away,0,0,0.4126394052044609,30,42,0.4166666666666667,Pass majority,,0.0
2025,7,401762485,G6,UTSA,home,1,3,0.4797047970479705,72,76,0.4864864864864865,Pass majority,,2.972972972972973
2025,7,401762485,G6,Rice,away,0,3,0.7699680511182109,109,25,0.8134328358208955,Run majority,,2.373134328358209
2025,7,401754558,P4,Boston College,home,0,1,0.3734939759036144,52,80,0.3939393939393939,Pass majority,,1.0
2025,7,401754558,P4,Clemson,away,1,5,0.4250764525993883,42,52,0.4468085106382978,Pass majority,,5.0
2025,7,401752731,P4,Auburn,home,0,4,0.5679012345679012,65,75,0.4642857142857143,Pass majority,,3.928571428571429
2025,7,401752731,P4,Georgia,away,1,2,0.6132404181184669,79,45,0.6370967741935484,Run majority,,1.7258064516129032
2025,7,401752732,P4,LSU,home,1,3,0.4426877470355731,52,86,0.3768115942028985,Pass majority,,2.753623188405797
2025,7,401752732,P4,South Carolina,away,0,3,0.5862068965517241,53,58,0.4774774774774775,Pass majority,,3.045045045045045
2025,7,401761627,G6,Texas State,home,0,4,0.6134751773049646,96,62,0.6075949367088608,Run majority,,4.0
2025,7,401761627,G6,Troy,away,1,2,0.550561797752809,74,56,0.5692307692307692,Run majority,,2.0
2025,7,401756916,P4,Arizona,home,0,5,0.4770318021201413,47,48,0.4947368421052631,Pass majority,,5.0
2025,7,401756916,P4,BYU,away,1,1,0.5884615384615385,43,42,0.5058823529411764,Run majority,,1.0
2025,7,401760387,G6,Boise State,home,1,3,0.494949494949495,62,61,0.5040650406504065,Run majority,,3.0
2025,7,401760387,G6,New Mexico,away,0,3,0.5054545454545455,55,38,0.5913978494623656,Run majority,,3.0
2025,7,401756922,P4,Utah,home,1,3,0.5673076923076923,77,61,0.5579710144927537,Run majority,,2.8840579710144927
2025,7,401756922,P4,Arizona State,away,0,3,0.6085526315789473,80,61,0.5673758865248227,Run majority,,3.1347517730496453
2025,7,401760390,G6,Nevada,home,0,1,0.5815899581589958,55,30,0.6470588235294118,Run majority,,1.0
2025,7,401760390,G6,San Diego State,away,1,5,0.6408163265306123,64,54,0.5423728813559322,Run majority,,5.0
2025,7,401760389,G6,Hawai'i,home,1,3,0.3929539295392953,64,114,0.3595505617977528,Pass majority,,3.0
2025,7,401760389,G6,Utah State,away,0,3,0.516260162601626,41,59,0.41,Pass majority,,3.0
2025,8,401757282,G6,Liberty,home,1,4,0.6385542168674698,101,53,0.6558441558441559,Run majority,,4.0
2025,8,401757282,G6,New Mexico State,away,0,2,0.4227642276422764,58,86,0.4027777777777778,Pass majority,,2.0
2025,8,401761628,G6,South Alabama,home,0,5,0.6263736263736264,112,62,0.6436781609195402,Run majority,,5.0
2025,8,401761628,G6,Arkansas State,away,1,1,0.4710743801652892,57,71,0.4453125,Pass majority,,1.0
2025,8,401757281,G6,Western Kentucky,home,0,4,0.438953488372093,67,125,0.3489583333333333,Pass majority,,4.302083333333334
2025,8,401757281,G6,Florida International,away,1,2,0.5379061371841155,51,45,0.53125,Run majority,,2.0625
2025,8,401757284,G6,Sam Houston,home,0,2,0.5097493036211699,62,69,0.4732824427480916,Pass majority,,1.9465648854961832
2025,8,401757284,G6,UTEP,away,1,3,0.4191616766467065,46,66,0.4107142857142857,Pass majority,,3.178571428571429
2025,8,401757283,G6,Jacksonville State,home,1,5,0.6946778711484594,132,42,0.7586206896551724,Run majority,,5.0
2025,8,401757283,G6,Delaware,away,0,1,0.4810996563573883,72,79,0.4768211920529801,Pass majority,,1.0
2025,8,401762486,G6,East Carolina,home,1,5,0.5392670157068062,56,54,0.509090909090909,Run majority,,5.0
2025,8,401762486,G6,Tulsa,away,0,1,0.4888268156424581,78,90,0.4642857142857143,Pass majority,,1.0
2025,8,401754564,P4,Miami,home,0,4,0.5682656826568265,51,52,0.4951456310679611,Pass majority,,4.0
2025,8,401754564,P4,Louisville,away,1,1,0.4363636363636363,49,70,0.4117647058823529,Pass majority,,1.0
2025,8,401752872,P4,Minnesota,home,1,3,0.4423676012461059,64,119,0.3497267759562841,Pass majority,,3.0
2025,8,401752872,P4,Nebraska,away,0,3,0.4777448071216617,83,76,0.5220125786163522,Run majority,,3.0
2025,8,401760396,G6,Utah State,home,1,5,0.5,61,81,0.4295774647887324,Pass majority,,5.0
2025,8,401760396,G6,San José State,away,0,1,0.3608815426997245,55,90,0.3793103448275862,Pass majority,,1.0
2025,8,401754371,P4,California,home,1,3,0.4650455927051671,57,93,0.38,Pass majority,,3.24
2025,8,401754371,P4,North Carolina,away,0,3,0.4622222222222222,24,25,0.4897959183673469,Pass majority,,2.979591836734694
2025,8,401756925,P4,Houston,home,1,1,0.5816023738872403,77,64,0.5460992907801419,Run majority,,1.0
2025,8,401756925,P4,Arizona,away,0,5,0.4668508287292817,62,69,0.4732824427480916,Pass majority,,5.0
2025,8,401762839,G6,Bowling Green,home,0,3,0.5570032573289903,56,46,0.5490196078431373,Run majority,,3.0980392156862746
2025,8,401762839,G6,Central Michigan,away,1,2,0.675,70,30,0.7,Run majority,,1.6
2025,8,401756927,P4,TCU,home,1,5,0.4476744186046512,82,111,0.4248704663212435,Pass majority,,4.849740932642487
2025,8,401756927,P4,Baylor,away,0,1,0.4234972677595628,73,100,0.4219653179190751,Pass majority,,1.1560693641618496
2025,8,401752745,P4,Vanderbilt,home,1,2,0.5161290322580645,54,60,0.4736842105263157,Pass majority,,1.9473684210526316
2025,8,401752745,P4,LSU,away,0,3,0.4493670886075949,73,111,0.3967391304347826,Pass majority,,3.2065217391304346
2025,8,401752873,P4,Michigan,home,1,3,0.5802139037433155,86,76,0.5308641975308642,Run majority,,3.0617283950617287
2025,8,401752873,P4,Washington,away,0,3,0.5759493670886076,88,64,0.5789473684210527,Run majority,,2.8421052631578947
2025,8,401762488,G6,Tulane,home,1,5,0.5603864734299517,80,86,0.4819277108433735,Pass majority,,5.0
2025,8,401762488,G6,Army,away,0,1,0.8657534246575342,106,6,0.9464285714285714,Run majority,,1.0
2025,8,401762841,G6,Miami (OH),home,1,3,0.5587188612099644,69,66,0.5111111111111111,Run majority,,3.022222222222222
2025,8,401762841,G6,Eastern Michigan,away,0,3,0.5250596658711217,97,84,0.5359116022099447,Run majority,,2.928176795580111
2025,8,401754566,P4,Duke,home,0,4,0.4714714714714714,43,54,0.4432989690721649,Pass majority,,3.88659793814433
2025,8,401754566,P4,Georgia Tech,away,1,2,0.6023738872403561,90,65,0.5806451612903226,Run majority,,1.8387096774193548
2025,8,401752744,P4,South Carolina,home,0,4,0.5953947368421053,80,73,0.5228758169934641,Run majority,,3.954248366013072
2025,8,401752744,P4,Oklahoma,away,1,2,0.5085227272727273,64,88,0.4210526315789473,Pass majority,,1.8421052631578947
2025,8,401756928,P4,UCF,home,1,4,0.5096952908587258,76,63,0.5467625899280576,Run majority,,4.0
2025,8,401756928,P4,West Virginia,away,0,2,0.6453488372093024,71,38,0.6513761467889908,Run majority,,2.0
2025,8,401762842,G6,Toledo,home,1,6,0.5710059171597633,67,48,0.5826086956521739,Run majority,,6.0
2025,8,401762842,G6,Kent State,away,0,0,0.5934426229508196,35,29,0.546875,Run majority,,0.0
2025,8,401762840,G6,Massachusetts,home,0,1,0.407051282051282,48,48,0.5,Balanced,,1.0
2025,8,401762840,G6,Buffalo,away,1,5,0.5063291139240507,104,85,0.5502645502645502,Run majority,,5.0
2025,8,401761633,G6,UL Monroe,home,0,6,0.6035714285714285,46,28,0.6216216216216216,Run majority,,6.0
2025,8,401761633,G6,Troy,away,1,0,0.5264705882352941,77,61,0.5579710144927537,Run majority,,0.0
2025,8,401752874,P4,Northwestern,home,1,4,0.5794392523364486,74,56,0.5692307692307692,Run majority,,3.8615384615384616
2025,8,401752874,P4,Purdue,away,0,2,0.4301994301994302,64,66,0.4923076923076923,Pass majority,,1.984615384615385
2025,8,401761631,G6,James Madison,home,1,6,0.6174863387978142,123,92,0.5720930232558139,Run majority,,6.0
2025,8,401761631,G6,Old Dominion,away,0,0,0.5887850467289719,69,48,0.5897435897435898,Run majority,,0.0
2025,8,401752739,P4,Arkansas,home,0,1,0.5179640718562875,74,64,0.5362318840579711,Run majority,,1.0
2025,8,401752739,P4,Texas A&M,away,1,5,0.5771971496437055,105,101,0.5097087378640777,Run majority,,5.0
2025,8,401752742,P4,Georgia,home,1,4,0.5814606741573034,89,63,0.5855263157894737,Run majority,,4.171052631578947
2025,8,401752742,P4,Ole Miss,away,0,2,0.5829596412556054,125,110,0.5319148936170213,Run majority,,1.9361702127659572
2025,8,401752877,P4,Wisconsin,home,0,1,0.5706666666666667,81,74,0.5225806451612903,Run majority,,1.0
2025,8,401752877,P4,Ohio State,away,1,5,0.5514950166112956,79,80,0.4968553459119497,Pass majority,,5.0
2025,8,401762838,G6,Ball State,home,1,2,0.6076388888888888,47,39,0.5465116279069767,Run majority,,1.9069767441860463
2025,8,401762838,G6,Akron,away,0,4,0.5164556962025316,74,78,0.4868421052631579,Pass majority,,3.973684210526316
2025,8,401752878,P4,Indiana,home,1,6,0.61731843575419,80,65,0.5517241379310345,Run majority,,6.0
2025,8,401752878,P4,Michigan State,away,0,0,0.5523809523809524,62,52,0.543859649122807,Run majority,,0.0
2025,8,401761629,G6,App State,home,0,5,0.4745308310991957,65,84,0.436241610738255,Pass majority,,5.0
2025,8,401761629,G6,Coastal Carolina,away,1,1,0.5384615384615384,60,50,0.5454545454545454,Run majority,,1.0
2025,8,401754565,P4,Clemson,home,0,2,0.4516129032258064,58,71,0.4496124031007752,Pass majority,,1.8992248062015504
2025,8,401754565,P4,SMU,away,1,4,0.4921630094043887,53,67,0.4416666666666666,Pass majority,,4.116666666666667
2025,8,401760393,G6,Boise State,home,1,3,0.5248041775456919,96,85,0.5303867403314917,Run majority,,3.0
2025,8,401760393,G6,UNLV,away,0,3,0.554140127388535,48,58,0.4528301886792453,Pass majority,,3.0
2025,8,401762491,G6,North Texas,home,1,4,0.4898550724637681,73,91,0.4451219512195122,Pass majority,,4.109756097560975
2025,8,401762491,G6,UTSA,away,0,2,0.4969696969696969,77,82,0.4842767295597484,Pass majority,,1.9685534591194969
2025,8,401762843,G6,Ohio,home,1,3,0.5797546012269938,97,87,0.5271739130434783,Run majority,,2.9456521739130435
2025,8,401762843,G6,Northern Illinois,away,0,3,0.6033898305084746,105,62,0.6287425149700598,Run majority,,3.25748502994012
2025,8,401761632,G6,Marshall,home,1,5,0.6298507462686567,91,66,0.5796178343949044,Run majority,,4.840764331210191
2025,8,401761632,G6,Texas State,away,0,1,0.6330532212885154,113,66,0.6312849162011173,Run majority,,1.2625698324022343
2025,8,401760392,G6,Air Force,home,1,1,0.7372881355932204,141,39,0.7833333333333333,Run majority,,1.0
2025,8,401760392,G6,Wyoming,away,0,5,0.4910714285714285,54,60,0.4736842105263157,Pass majority,,5.0
2025,8,401762489,G6,Charlotte,home,0,2,0.4779874213836478,59,46,0.5619047619047619,Run majority,,2.0
2025,8,401762489,G6,Temple,away,1,4,0.5419161676646707,49,57,0.4622641509433962,Pass majority,,4.0
2025,8,401762487,G6,UAB,home,1,1,0.369047619047619,44,65,0.4036697247706422,Pass majority,,1.0
2025,8,401762487,G6,Memphis,away,0,5,0.6340057636887608,108,71,0.6033519553072626,Run majority,,5.0
2025,8,401756923,P4,Arizona State,home,1,1,0.5890052356020943,88,71,0.5534591194968553,Run majority,,1.0
2025,8,401756923,P4,Texas Tech,away,0,4,0.5345268542199488,58,56,0.5087719298245614,Run majority,,4.0
2025,8,401752741,P4,Florida,home,1,4,0.4670846394984326,73,102,0.4171428571428571,Pass majority,,3.8342857142857145
2025,8,401752741,P4,Mississippi State,away,0,2,0.6011560693641619,115,86,0.572139303482587,Run majority,,1.855721393034826
2025,8,401761668,G6,Louisiana,home,0,1,0.5426621160409556,77,63,0.55,Run majority,,1.0
2025,8,401761668,G6,Southern Miss,away,1,5,0.5361111111111111,65,62,0.5118110236220472,Run majority,,5.0
2025,8,401752876,P4,Rutgers,home,0,1,0.4916666666666666,91,123,0.4252336448598131,Pass majority,,1.0
2025,8,401752876,P4,Oregon,away,1,5,0.5400593471810089,74,77,0.4900662251655629,Pass majority,,5.0
2025,8,401752743,P4,Kentucky,home,0,1,0.5779816513761468,77,61,0.5579710144927537,Run majority,,1.0
2025,8,401752743,P4,Texas,away,1,5,0.5646766169154229,95,75,0.5588235294117647,Run majority,,5.0
2025,8,401761630,G6,Georgia Southern,home,1,2,0.4875,55,70,0.44,Pass majority,,2.0
2025,8,401761630,G6,Georgia State,away,0,4,0.3802395209580838,60,77,0.437956204379562,Pass majority,,4.0
2025,8,401752879,P4,UCLA,home,1,2,0.5408970976253298,56,57,0.495575221238938,Pass majority,,2.008849557522124
2025,8,401752879,P4,Maryland,away,0,4,0.3940298507462687,61,75,0.4485294117647059,Pass majority,,3.897058823529412
2025,8,401760394,G6,Colorado State,home,0,3,0.5377358490566038,65,43,0.6018518518518519,Run majority,,3.203703703703704
2025,8,401760394,G6,Hawai'i,away,1,3,0.3849557522123893,76,155,0.329004329004329,Pass majority,,3.341991341991342
2025,8,401752875,P4,Iowa,home,1,5,0.575,74,63,0.5401459854014599,Run majority,,5.0
2025,8,401752875,P4,Penn State,away,0,0,0.5412541254125413,69,48,0.5897435897435898,Run majority,,0.0
2025,8,401754568,P4,Syracuse,home,0,1,0.4415584415584415,53,51,0.5096153846153846,Run majority,,1.0
2025,8,401754568,P4,Pittsburgh,away,1,5,0.4883720930232558,70,91,0.4347826086956521,Pass majority,,5.0
2025,8,401762490,G6,South Florida,home,1,6,0.5501355013550135,68,73,0.4822695035460992,Pass majority,,6.0
2025,8,401762490,G6,Florida Atlantic,away,0,0,0.4082687338501292,73,96,0.4319526627218935,Pass majority,,0.0
2025,8,401752738,P4,Alabama,home,1,4,0.5,97,96,0.5025906735751295,Run majority,,3.994818652849741
2025,8,401752738,P4,Tennessee,away,0,2,0.5431034482758621,69,88,0.4394904458598726,Pass majority,,1.8789808917197448
2025,8,401752871,P4,Notre Dame,home,1,4,0.5655526992287918,113,82,0.5794871794871795,Run majority,,4.0
2025,8,401752871,P4,USC,away,0,2,0.5338345864661654,90,82,0.5232558139534884,Run majority,,2.0
2025,8,401752740,P4,Auburn,home,0,2,0.5626598465473146,83,92,0.4742857142857143,Pass majority,,2.0
2025,8,401752740,P4,Missouri,away,1,4,0.6124031007751938,95,69,0.5792682926829268,Run majority,,4.0
2025,8,401756924,P4,BYU,home,1,3,0.6,73,56,0.5658914728682171,Run majority,,3.0
2025,8,401756924,P4,Utah,away,0,3,0.5967302452316077,96,70,0.5783132530120482,Run majority,,3.0
2025,8,401756926,P4,Oklahoma State,home,0,2,0.5216049382716049,39,54,0.4193548387096774,Pass majority,,2.0
2025,8,401756926,P4,Cincinnati,away,1,4,0.5304054054054054,59,65,0.4758064516129032,Pass majority,,4.0
2025,8,401760395,G6,New Mexico,home,1,5,0.4954407294832826,67,52,0.5630252100840336,Run majority,,5.0
2025,8,401760395,G6,Nevada,away,0,0,0.5695364238410596,60,36,0.625,Run majority,,0.0
2025,8,401754567,P4,Stanford,home,1,2,0.4961636828644501,73,79,0.4802631578947368,Pass majority,,2.0
2025,8,401754567,P4,Florida State,away,0,4,0.6222826086956522,98,48,0.6712328767123288,Run majority,,4.0
2025,9,401757285,G6,Florida International,home,0,2,0.5417867435158501,63,63,0.5,Balanced,,2.0
2025,9,401757285,G6,Kennesaw State,away,1,4,0.558282208588957,68,62,0.5230769230769231,Run majority,,3.953846153846154
2025,9,401757286,G6,Louisiana Tech,home,0,4,0.6235294117647059,69,62,0.5267175572519084,Run majority,,4.0534351145038165
2025,9,401757286,G6,Western Kentucky,away,1,2,0.4264705882352941,73,137,0.3476190476190476,Pass majority,,2.304761904761905
2025,9,401757287,G6,Delaware,home,1,2,0.4462809917355372,81,92,0.4682080924855491,Pass majority,,1.9364161849710984
2025,9,401757287,G6,Middle Tennessee,away,0,4,0.4090909090909091,54,81,0.4,Pass majority,,4.2
2025,9,401757288,G6,New Mexico State,home,0,6,0.4423676012461059,78,102,0.4333333333333333,Pass majority,,6.0
2025,9,401757288,G6,Missouri State,away,1,0,0.5030864197530864,73,94,0.437125748502994,Pass majority,,0.0
2025,9,401761634,G6,Georgia State,home,0,1,0.396551724137931,87,94,0.4806629834254143,Pass majority,,1.0
2025,9,401761634,G6,South Alabama,away,1,4,0.624113475177305,133,85,0.6100917431192661,Run majority,,4.0
2025,9,401762492,G6,Charlotte,home,0,1,0.5050761421319797,71,57,0.5546875,Run majority,,1.0
2025,9,401762492,G6,North Texas,away,1,5,0.5,87,105,0.453125,Pass majority,,5.0
2025,9,401754372,P4,Virginia Tech,home,1,2,0.520618556701031,97,93,0.5105263157894737,Run majority,,2.0210526315789474
2025,9,401754372,P4,California,away,0,4,0.46,76,122,0.3838383838383838,Pass majority,,4.232323232323232
2025,9,401760397,G6,Nevada,home,0,2,0.5571030640668524,68,43,0.6126126126126126,Run majority,,2.0
2025,9,401760397,G6,Boise State,away,1,4,0.5318181818181819,107,99,0.5194174757281553,Run majority,,4.0
2025,9,401762494,G6,Memphis,home,1,5,0.601965601965602,118,81,0.592964824120603,Run majority,,5.0
2025,9,401762494,G6,South Florida,away,0,1,0.5707865168539326,90,88,0.5056179775280899,Run majority,,1.0
2025,9,401762848,G6,Eastern Michigan,home,0,3,0.5073375262054507,103,96,0.5175879396984925,Run majority,,2.964824120603015
2025,9,401762848,G6,Ohio,away,1,3,0.600997506234414,104,93,0.5279187817258884,Run majority,,3.0558375634517767
2025,9,401754571,P4,Georgia Tech,home,1,6,0.6065989847715736,106,76,0.5824175824175825,Run majority,,6.0
2025,9,401754571,P4,Syracuse,away,0,0,0.44543429844098,65,63,0.5078125,Run majority,,0.0
2025,9,401762846,G6,Kent State,home,1,2,0.5830985915492958,49,43,0.532608695652174,Run majority,,2.0
2025,9,401762846,G6,Bowling Green,away,0,4,0.5625,69,51,0.575,Run majority,,4.0
2025,9,401752750,P4,Oklahoma,home,0,5,0.522673031026253,86,107,0.4455958549222797,Pass majority,,4.891191709844559
2025,9,401752750,P4,Ole Miss,away,1,1,0.5612648221343873,148,136,0.5211267605633803,Run majority,,0.9577464788732396
2025,9,401752883,P4,Nebraska,home,1,4,0.4859335038363171,98,95,0.5077720207253886,Run majority,,3.984455958549223
2025,9,401752883,P4,Northwestern,away,0,2,0.5944584382871536,92,65,0.5859872611464968,Run majority,,2.1719745222929934
2025,9,401761635,G6,Old Dominion,home,1,2,0.5876010781671159,83,62,0.5724137931034483,Run majority,,2.1448275862068966
2025,9,401761635,G6,App State,away,0,4,0.4721603563474387,90,106,0.4591836734693877,Pass majority,,4.081632653061225
2025,9,401752942,P4,Wake Forest,home,1,2,0.5075987841945289,80,82,0.4938271604938271,Pass majority,,2.0
2025,9,401752942,P4,SMU,away,0,4,0.4743589743589743,66,92,0.4177215189873418,Pass majority,,4.0
2025,9,401754573,P4,North Carolina,home,0,2,0.4602076124567474,37,39,0.4868421052631579,Pass majority,,2.0
2025,9,401754573,P4,Virginia,away,1,4,0.5300925925925926,99,104,0.4876847290640394,Pass majority,,4.0
2025,9,401752884,P4,Purdue,home,0,5,0.4348894348894349,65,68,0.4887218045112781,Pass majority,,5.0
2025,9,401752884,P4,Rutgers,away,1,1,0.5104895104895105,92,128,0.4181818181818181,Pass majority,,1.0
2025,9,401756932,P4,Kansas,home,0,1,0.5357142857142857,72,82,0.4675324675324675,Pass majority,,1.0
2025,9,401756932,P4,Kansas State,away,1,5,0.5159574468085106,111,108,0.5068493150684932,Run majority,,5.0
2025,9,401752885,P4,Indiana,home,1,5,0.6014492753623188,86,76,0.5308641975308642,Run majority,,5.0
2025,9,401752885,P4,UCLA,away,0,1,0.534521158129176,77,76,0.5032679738562091,Run majority,,1.0
2025,9,401752746,P4,Arkansas,home,0,1,0.5137844611528822,83,70,0.5424836601307189,Run majority,,1.0
2025,9,401752746,P4,Auburn,away,1,5,0.564935064935065,106,109,0.4930232558139535,Pass majority,,5.0
2025,9,401762844,G6,Buffalo,home,0,5,0.4738154613466334,127,121,0.5120967741935484,Run majority,,5.0
2025,9,401762844,G6,Akron,away,1,1,0.5085106382978724,89,101,0.4684210526315789,Pass majority,,1.0
2025,9,401760400,G6,New Mexico,home,1,3,0.5216284987277354,97,66,0.5950920245398773,Run majority,,3.190184049079755
2025,9,401760400,G6,Utah State,away,0,3,0.5078534031413613,82,103,0.4432432432432432,Pass majority,,3.1135135135135137
2025,9,401752880,P4,Washington,home,1,5,0.5525606469002695,104,93,0.5279187817258884,Run majority,,5.0
2025,9,401752880,P4,Illinois,away,0,1,0.5358090185676393,70,87,0.445859872611465,Pass majority,,1.0
2025,9,401752952,G6,Washington State,home,1,1,0.4845360824742268,71,82,0.4640522875816993,Pass majority,,1.0
2025,9,401752952,G6,Toledo,away,0,5,0.5682926829268292,79,65,0.5486111111111112,Run majority,,5.0
2025,9,401754574,P4,Pittsburgh,home,1,5,0.51338199513382,82,105,0.4385026737967914,Pass majority,,4.877005347593583
2025,9,401754574,P4,NC State,away,0,1,0.5210918114143921,97,107,0.4754901960784313,Pass majority,,1.0490196078431373
2025,9,401760399,G6,Fresno State,home,0,1,0.5303430079155673,95,76,0.5555555555555556,Run majority,,1.0
2025,9,401760399,G6,San Diego State,away,1,5,0.6524590163934426,69,56,0.552,Run majority,,5.0
2025,9,401752751,P4,South Carolina,home,0,3,0.5795148247978437,94,78,0.5465116279069767,Run majority,,3.0
2025,9,401752751,P4,Alabama,away,1,3,0.5031578947368421,108,112,0.4909090909090909,Pass majority,,3.0
2025,9,401762845,G6,Northern Illinois,home,1,5,0.5811965811965812,109,66,0.6228571428571429,Run majority,,5.0
2025,9,401762845,G6,Ball State,away,0,0,0.623229461756374,71,59,0.5461538461538461,Run majority,,0.0
2025,9,401762495,G6,Tulsa,home,0,3,0.492063492063492,83,98,0.4585635359116022,Pass majority,,2.9171270718232045
2025,9,401762495,G6,Temple,away,1,3,0.5452196382428941,60,64,0.4838709677419355,Pass majority,,3.032258064516129
2025,9,401752752,P4,Vanderbilt,home,1,2,0.5437665782493368,86,73,0.5408805031446541,Run majority,,2.0
2025,9,401752752,P4,Missouri,away,0,4,0.5966029723991507,122,90,0.5754716981132075,Run majority,,4.0
2025,9,401762847,G6,Central Michigan,home,1,5,0.706199460916442,85,34,0.7142857142857143,Run majority,,5.0
2025,9,401762847,G6,Massachusetts,away,0,1,0.4621621621621621,70,58,0.546875,Run majority,,1.0
2025,9,401762874,G6,Miami (OH),home,1,3,0.5921787709497207,101,82,0.5519125683060109,Run majority,,3.1038251366120218
2025,9,401762874,G6,Western Michigan,away,0,3,0.601010101010101,94,65,0.5911949685534591,Run majority,,2.817610062893082
2025,9,401756931,P4,Iowa State,home,0,1,0.5579710144927537,110,85,0.5641025641025641,Run majority,,1.0
2025,9,401756931,P4,BYU,away,1,5,0.6059113300492611,94,74,0.5595238095238095,Run majority,,5.0
2025,9,401762493,G6,Navy,home,1,5,0.7549668874172185,103,35,0.7463768115942029,Run majority,,5.492753623188406
2025,9,401762493,G6,Florida Atlantic,away,0,1,0.3957894736842105,77,111,0.4095744680851064,Pass majority,,1.180851063829787
2025,9,401752882,P4,Iowa,home,1,6,0.5880758807588076,89,74,0.5460122699386503,Run majority,,6.0
2025,9,401752882,P4,Minnesota,away,0,0,0.4707446808510638,84,135,0.3835616438356164,Pass majority,,0.0
2025,9,401761637,G6,Southern Miss,home,1,5,0.5584725536992841,89,78,0.5329341317365269,Run majority,,4.934131736526946
2025,9,401761637,G6,UL Monroe,away,0,1,0.5657142857142857,54,35,0.6067415730337079,Run majority,,1.2134831460674158
2025,9,401756930,P4,Cincinnati,home,1,4,0.5252808988764045,69,76,0.4758620689655172,Pass majority,,3.9517241379310346
2025,9,401756930,P4,Baylor,away,0,2,0.421978021978022,89,123,0.419811320754717,Pass majority,,2.160377358490566
2025,9,401756933,P4,Texas Tech,home,1,6,0.5175438596491229,73,71,0.5069444444444444,Run majority,,6.0
2025,9,401756933,P4,Oklahoma State,away,0,0,0.5549872122762148,50,60,0.4545454545454545,Pass majority,,0.0
2025,9,401752749,P4,Mississippi State,home,0,3,0.5915492957746479,143,107,0.572,Run majority,,2.856
2025,9,401752749,P4,Texas,away,1,3,0.5579868708971554,110,96,0.5339805825242718,Run majority,,3.067961165048544
2025,9,401756935,P4,West Virginia,home,0,1,0.6437054631828979,86,44,0.6615384615384615,Run majority,,1.0
2025,9,401756935,P4,TCU,away,1,5,0.4648910411622276,97,127,0.4330357142857143,Pass majority,,5.0
2025,9,401754572,P4,Miami,home,1,6,0.5393939393939394,62,69,0.4732824427480916,Pass majority,,6.0
2025,9,401754572,P4,Stanford,away,0,0,0.5152838427947598,102,100,0.504950495049505,Run majority,,0.0
2025,9,401761638,G6,Troy,home,1,5,0.5368956743002544,97,80,0.5480225988700564,Run majority,,4.903954802259888
2025,9,401761638,G6,Louisiana,away,0,1,0.5625,110,76,0.5913978494623656,Run majority,,1.1827956989247312
2025,9,401761636,G6,Arkansas State,home,1,3,0.4613636363636363,76,96,0.4418604651162791,Pass majority,,3.116279069767442
2025,9,401761636,G6,Georgia Southern,away,0,3,0.5089974293059126,81,88,0.4792899408284023,Pass majority,,2.9585798816568047
2025,9,401752886,P4,Oregon,home,1,6,0.550251256281407,82,85,0.4910179640718562,Pass majority,,6.0
2025,9,401752886,P4,Wisconsin,away,0,0,0.5819477434679335,84,77,0.5217391304347826,Run majority,,0.0
2025,9,401752881,P4,Michigan State,home,0,1,0.5251989389920424,74,70,0.5138888888888888,Run majority,,1.0
2025,9,401752881,P4,Michigan,away,1,5,0.581447963800905,107,99,0.5194174757281553,Run majority,,5.0
2025,9,401754570,P4,Louisville,home,1,6,0.4402332361516035,70,96,0.4216867469879518,Pass majority,,6.0
2025,9,401754570,P4,Boston College,away,0,0,0.4496124031007752,86,95,0.4751381215469613,Pass majority,,0.0
2025,9,401760398,G6,Wyoming,home,1,5,0.5,75,76,0.4966887417218543,Pass majority,,5.0
2025,9,401760398,G6,Colorado State,away,0,1,0.5380577427821522,77,53,0.5923076923076923,Run majority,,1.0
2025,9,401752748,P4,LSU,home,0,5,0.4465753424657534,82,126,0.3942307692307692,Pass majority,,5.211538461538462
2025,9,401752748,P4,Texas A&M,away,1,1,0.569672131147541,131,125,0.51171875,Run majority,,1.0234375
2025,9,401752747,P4,Kentucky,home,0,3,0.5690072639225182,101,88,0.5343915343915344,Run majority,,2.931216931216931
2025,9,401752747,P4,Tennessee,away,1,3,0.5223529411764706,77,105,0.4230769230769231,Pass majority,,2.8461538461538463
2025,9,401756929,P4,Arizona State,home,0,4,0.5612903225806452,106,96,0.5247524752475248,Run majority,,3.9504950495049513
2025,9,401756929,P4,Houston,away,1,2,0.5950617283950618,103,79,0.5659340659340659,Run majority,,2.131868131868132
2025,9,401756934,P4,Utah,home,1,5,0.5818181818181818,125,93,0.573394495412844,Run majority,,5.0
2025,9,401756934,P4,Colorado,away,0,1,0.5477855477855478,107,91,0.5404040404040404,Run majority,,1.0
2025,10,401761639,G6,Texas State,home,0,1,0.6136363636363636,155,108,0.5893536121673004,Run majority,,1.0
2025,10,401761639,G6,James Madison,away,1,5,0.6269662921348315,148,112,0.5692307692307692,Run majority,,5.0
2025,10,401757289,G6,Kennesaw State,home,1,4,0.5807291666666666,84,70,0.5454545454545454,Run majority,,4.0
2025,10,401757289,G6,UTEP,away,0,2,0.4416243654822335,72,88,0.45,Pass majority,,2.0
2025,10,401757292,G6,Middle Tennessee,home,0,3,0.390547263681592,64,98,0.3950617283950617,Pass majority,,3.2098765432098766
2025,10,401757292,G6,Jacksonville State,away,1,3,0.691415313225058,147,47,0.7577319587628866,Run majority,,3.515463917525773
2025,10,401757291,G6,Missouri State,home,1,2,0.4875,85,117,0.4207920792079208,Pass majority,,2.0
2025,10,401757291,G6,Florida International,away,0,4,0.5357142857142857,71,73,0.4930555555555556,Pass majority,,4.0
2025,10,401762443,G6,UTSA,home,1,2,0.5064599483204134,83,88,0.4853801169590643,Pass majority,,1.9707602339181287
2025,10,401762443,G6,Tulane,away,0,4,0.5529661016949152,99,101,0.495,Pass majority,,4.01
2025,10,401761640,G6,Coastal Carolina,home,1,1,0.5567010309278351,65,57,0.5327868852459017,Run majority,,1.0
2025,10,401761640,G6,Marshall,away,0,5,0.6225961538461539,144,99,0.5925925925925926,Run majority,,5.0
2025,10,401762497,G6,Rice,home,0,3,0.7543478260869565,145,39,0.7880434782608695,Run majority,,2.4239130434782608
2025,10,401762497,G6,Memphis,away,1,3,0.5740740740740741,129,102,0.5584415584415584,Run majority,,3.116883116883117
2025,10,401754575,P4,Syracuse,home,0,1,0.45703125,73,71,0.5069444444444444,Run majority,,1.0
2025,10,401754575,P4,North Carolina,away,1,5,0.4725274725274725,56,67,0.4552845528455284,Pass majority,,5.0
2025,10,401757290,G6,Louisiana Tech,home,1,6,0.5886524822695035,84,83,0.5029940119760479,Run majority,,6.0
2025,10,401757290,G6,Sam Houston,away,0,0,0.5126436781609195,85,91,0.4829545454545454,Pass majority,,0.0
2025,10,401762499,G6,North Texas,home,1,4,0.4801587301587302,102,137,0.4267782426778242,Pass majority,,4.146443514644352
2025,10,401762499,G6,Navy,away,0,2,0.7654986522911051,142,46,0.7553191489361702,Run majority,,2.5106382978723403
2025,10,401754581,P4,SMU,home,1,4,0.4660831509846827,85,123,0.4086538461538461,Pass majority,,3.817307692307693
2025,10,401754581,P4,Miami,away,0,2,0.5495049504950495,87,91,0.4887640449438202,Pass majority,,2.02247191011236
2025,10,401760401,G6,Air Force,home,0,2,0.7583732057416268,180,48,0.7894736842105263,Run majority,,1.4210526315789471
2025,10,401760401,G6,Army,away,1,4,0.865296803652968,146,12,0.9240506329113924,Run majority,,4.848101265822785
2025,10,401752889,P4,Ohio State,home,1,6,0.522911051212938,81,92,0.4682080924855491,Pass majority,,6.0
2025,10,401752889,P4,Penn State,away,0,0,0.5570291777188329,96,65,0.5962732919254659,Run majority,,0.0
2025,10,401752891,P4,Illinois,home,1,6,0.525,78,101,0.435754189944134,Pass majority,,6.0
2025,10,401752891,P4,Rutgers,away,0,0,0.5297619047619048,100,136,0.423728813559322,Pass majority,,0.0
2025,10,401756938,P4,Houston,home,0,6,0.608421052631579,115,86,0.572139303482587,Run majority,,6.0
2025,10,401756938,P4,West Virginia,away,1,0,0.6133603238866396,91,50,0.6453900709219859,Run majority,,0.0
2025,10,401756936,P4,Baylor,home,1,1,0.4366471734892787,94,124,0.4311926605504587,Pass majority,,1.0
2025,10,401756936,P4,UCF,away,0,5,0.5022935779816514,89,88,0.5028248587570622,Run majority,,5.0
2025,10,401762849,G6,Bowling Green,home,0,2,0.5762331838565022,94,63,0.5987261146496815,Run majority,,2.0
2025,10,401762849,G6,Buffalo,away,1,4,0.4755838641188959,152,143,0.5152542372881356,Run majority,,4.0
2025,10,401752758,P4,Texas,home,1,5,0.5354477611940298,125,111,0.5296610169491526,Run majority,,4.940677966101695
2025,10,401752758,P4,Vanderbilt,away,0,1,0.54739336492891,100,91,0.5235602094240838,Run majority,,1.0471204188481675
2025,10,401754577,P4,Clemson,home,0,4,0.4463157894736842,70,81,0.4635761589403973,Pass majority,,4.072847682119205
2025,10,401754577,P4,Duke,away,1,2,0.4621026894865526,69,79,0.4662162162162162,Pass majority,,1.9324324324324325
2025,10,401756939,P4,Iowa State,home,0,3,0.5475206611570248,132,101,0.5665236051502146,Run majority,,2.866952789699571
2025,10,401756939,P4,Arizona State,away,1,3,0.5300751879699248,111,101,0.5235849056603774,Run majority,,3.047169811320755
2025,10,401762498,G6,Temple,home,0,4,0.5372807017543859,80,82,0.4938271604938271,Pass majority,,4.012345679012346
2025,10,401762498,G6,East Carolina,away,1,2,0.547568710359408,70,72,0.4929577464788732,Pass majority,,1.9859154929577465
2025,10,401760404,G6,UNLV,home,0,4,0.5572916666666666,58,67,0.464,Pass majority,,4.072
2025,10,401760404,G6,New Mexico,away,1,2,0.5404814004376368,110,74,0.5978260869565217,Run majority,,2.1956521739130435
2025,10,401754580,P4,Virginia Tech,home,0,1,0.5603448275862069,120,104,0.5357142857142857,Run majority,,1.0
2025,10,401754580,P4,Louisville,away,1,5,0.4527363184079602,79,110,0.4179894179894179,Pass majority,,5.0
2025,10,401754582,P4,Stanford,home,0,1,0.5146771037181996,118,119,0.4978902953586498,Pass majority,,1.0
2025,10,401754582,P4,Pittsburgh,away,1,5,0.4949290060851927,95,128,0.4260089686098655,Pass majority,,5.0
2025,10,401754583,P4,Boston College,home,0,1,0.4477611940298507,114,115,0.4978165938864629,Pass majority,,1.0
2025,10,401754583,P4,Notre Dame,away,1,5,0.5751633986928104,138,101,0.5774058577405857,Run majority,,5.0
2025,10,401757294,G6,Western Kentucky,home,1,4,0.4416666666666666,92,155,0.3724696356275304,Pass majority,,4.0
2025,10,401757294,G6,New Mexico State,away,0,2,0.4394736842105263,97,120,0.4470046082949309,Pass majority,,2.0
2025,10,401761641,G6,UL Monroe,home,0,2,0.5721153846153846,70,43,0.6194690265486725,Run majority,,2.0
2025,10,401761641,G6,Old Dominion,away,1,4,0.5831485587583148,107,76,0.5846994535519126,Run majority,,4.0
2025,10,401761642,G6,South Alabama,home,0,4,0.6321138211382114,151,97,0.6088709677419355,Run majority,,3.782258064516129
2025,10,401761642,G6,Louisiana,away,1,2,0.5750577367205543,129,83,0.6084905660377359,Run majority,,2.216981132075472
2025,10,401752888,P4,Minnesota,home,1,6,0.4708624708624708,85,137,0.3828828828828828,Pass majority,,6.0
2025,10,401752888,P4,Michigan State,away,0,0,0.5256124721603563,78,78,0.5,Balanced,,0.0
2025,10,401752887,P4,Maryland,home,0,2,0.3863080684596577,79,104,0.4316939890710382,Pass majority,,2.0
2025,10,401752887,P4,Indiana,away,1,4,0.6040816326530613,94,83,0.5310734463276836,Run majority,,4.0
2025,10,401760402,G6,Boise State,home,0,4,0.5465116279069767,138,122,0.5307692307692308,Run majority,,3.9384615384615382
2025,10,401760402,G6,Fresno State,away,1,2,0.5045045045045045,100,85,0.5405405405405406,Run majority,,2.081081081081081
2025,10,401756941,P4,Kansas State,home,0,3,0.5361305361305362,125,119,0.5122950819672131,Run majority,,3.0
2025,10,401756941,P4,Texas Tech,away,1,3,0.5257142857142857,73,72,0.503448275862069,Run majority,,3.0
2025,10,401757293,G6,Liberty,home,1,4,0.6173469387755102,116,65,0.6408839779005525,Run majority,,3.718232044198895
2025,10,401757293,G6,Delaware,away,0,2,0.4469525959367946,95,128,0.4260089686098655,Pass majority,,1.852017937219731
2025,10,401752755,P4,Florida,home,0,1,0.4728682170542636,90,131,0.4072398190045249,Pass majority,,1.0
2025,10,401752755,P4,Georgia,away,1,4,0.5871559633027523,106,82,0.5638297872340425,Run majority,,4.0
2025,10,401754576,P4,California,home,0,2,0.4518201284796574,86,143,0.3755458515283842,Pass majority,,2.0
2025,10,401754576,P4,Virginia,away,1,4,0.5249500998003992,117,130,0.4736842105263157,Pass majority,,4.0
2025,10,401756940,P4,Kansas,home,1,4,0.5328798185941043,86,95,0.4751381215469613,Pass majority,,4.0497237569060776
2025,10,401756940,P4,Oklahoma State,away,0,2,0.5484581497797357,50,63,0.4424778761061947,Pass majority,,1.8849557522123892
2025,10,401762850,G6,Western Michigan,home,1,3,0.5969827586206896,119,81,0.595,Run majority,,3.19
2025,10,401762850,G6,Central Michigan,away,0,3,0.7208237986270023,99,37,0.7279411764705882,Run majority,,2.544117647058824
2025,10,401752753,P4,Arkansas,home,0,2,0.5135135135135135,95,84,0.5307262569832403,Run majority,,2.0614525139664805
2025,10,401752753,P4,Mississippi State,away,1,4,0.576171875,165,128,0.5631399317406144,Run majority,,3.873720136518771
2025,10,401760405,G6,San Diego State,home,1,6,0.6639566395663956,81,65,0.5547945205479452,Run majority,,6.0
2025,10,401760405,G6,Wyoming,away,0,0,0.5097613882863341,89,87,0.5056818181818182,Run majority,,0.0
2025,10,401752756,P4,Ole Miss,home,1,2,0.5480607082630692,168,164,0.5060240963855421,Run majority,,2.0120481927710845
2025,10,401752756,P4,South Carolina,away,0,4,0.5714285714285714,121,105,0.5353982300884956,Run majority,,3.9292035398230087
2025,10,401756937,P4,Colorado,home,0,1,0.5492957746478874,112,95,0.5410628019323671,Run majority,,1.0
2025,10,401756937,P4,Arizona,away,1,5,0.477326968973747,76,87,0.4662576687116564,Pass majority,,5.0
2025,10,401752890,P4,Michigan,home,1,4,0.6023622047244095,131,111,0.5413223140495868,Run majority,,4.082644628099174
2025,10,401752890,P4,Purdue,away,0,2,0.4475982532751091,83,78,0.515527950310559,Run majority,,1.968944099378882
2025,10,401752757,P4,Tennessee,home,0,2,0.5268595041322314,82,114,0.4183673469387755,Pass majority,,2.0
2025,10,401752757,P4,Oklahoma,away,1,4,0.5156576200417536,100,120,0.4545454545454545,Pass majority,,4.0
2025,10,401754579,P4,NC State,home,1,2,0.4946004319654428,99,117,0.4583333333333333,Pass majority,,2.0
2025,10,401754579,P4,Georgia Tech,away,0,4,0.5974025974025974,122,96,0.5596330275229358,Run majority,,4.0
2025,10,401752892,P4,Nebraska,home,0,3,0.5066371681415929,123,107,0.5347826086956522,Run majority,,2.930434782608696
2025,10,401752892,P4,USC,away,1,3,0.5148936170212766,109,111,0.4954545454545455,Pass majority,,2.990909090909091
2025,10,401754578,P4,Florida State,home,1,3,0.6098654708520179,119,63,0.6538461538461539,Run majority,,3.3076923076923075
2025,10,401754578,P4,Wake Forest,away,0,3,0.5037406483790524,101,106,0.4879227053140096,Pass majority,,3.024154589371981
2025,10,401752943,G6,Oregon State,home,1,3,0.4491869918699187,80,64,0.5555555555555556,Run majority,,3.0
2025,10,401752943,G6,Washington State,away,0,3,0.5110132158590308,86,95,0.4751381215469613,Pass majority,,3.0
2025,10,401752754,P4,Auburn,home,0,5,0.5845864661654135,130,124,0.5118110236220472,Run majority,,5.0
2025,10,401752754,P4,Kentucky,away,1,1,0.5596707818930041,106,96,0.5247524752475248,Run majority,,1.0
2025,10,401761643,G6,Troy,home,0,6,0.5482456140350878,126,99,0.56,Run majority,,6.0
2025,10,401761643,G6,Arkansas State,away,1,0,0.4780952380952381,100,121,0.4524886877828054,Pass majority,,0.0
2025,10,401756942,P4,Utah,home,1,5,0.5949612403100775,134,99,0.575107296137339,Run majority,,5.0
2025,10,401756942,P4,Cincinnati,away,0,1,0.5550351288056206,84,82,0.5060240963855421,Run majority,,1.0
2025,10,401760403,G6,San José State,home,1,4,0.359090909090909,80,120,0.4,Pass majority,,3.8
2025,10,401760403,G6,Hawai'i,away,0,2,0.3899613899613899,92,178,0.3407407407407407,Pass majority,,2.3185185185185184
2025,11,401762852,G6,Ohio,home,1,2,0.6021052631578947,130,112,0.5371900826446281,Run majority,,1.925619834710744
2025,11,401762852,G6,Miami (OH),away,0,4,0.580952380952381,118,104,0.5315315315315315,Run majority,,4.063063063063063
2025,11,401762851,G6,Akron,home,1,5,0.5156537753222836,106,133,0.4435146443514644,Pass majority,,5.0
2025,11,401762851,G6,Massachusetts,away,0,1,0.4407158836689038,76,63,0.5467625899280576,Run majority,,1.0
2025,11,401762853,G6,Ball State,home,1,3,0.6276849642004774,94,72,0.5662650602409639,Run majority,,3.132530120481928
2025,11,401762853,G6,Kent State,away,0,2,0.5788177339901478,62,54,0.5344827586206896,Run majority,,1.9310344827586208
2025,11,401762854,G6,Toledo,home,1,6,0.5399159663865546,87,78,0.5272727272727272,Run majority,,6.0
2025,11,401762854,G6,Northern Illinois,away,0,0,0.6229116945107399,152,77,0.6637554585152838,Run majority,,0.0
2025,11,401762500,G6,South Florida,home,1,4,0.5540796963946869,118,115,0.5064377682403434,Run majority,,4.012875536480687
2025,11,401762500,G6,UTSA,away,0,2,0.506578947368421,90,99,0.4761904761904761,Pass majority,,2.0476190476190474
2025,11,401761644,G6,App State,home,0,5,0.4414587332053742,101,126,0.4449339207048458,Pass majority,,5.0
2025,11,401761644,G6,Georgia Southern,away,1,1,0.5252747252747253,103,106,0.492822966507177,Pass majority,,1.0
2025,11,401756946,P4,UCF,home,0,3,0.491869918699187,89,91,0.4944444444444444,Pass majority,,2.988888888888889
2025,11,401756946,P4,Houston,away,1,3,0.5904059040590406,126,103,0.5502183406113537,Run majority,,2.8995633187772927
2025,11,401762501,G6,Memphis,home,0,6,0.5756457564575646,137,109,0.556910569105691,Run majority,,6.0
2025,11,401762501,G6,Tulane,away,1,0,0.5365853658536586,113,108,0.5113122171945701,Run majority,,0.0
2025,11,401752896,P4,USC,home,1,5,0.527306967984934,132,125,0.5136186770428015,Run majority,,5.0
2025,11,401752896,P4,Northwestern,away,0,1,0.5833333333333334,110,82,0.5729166666666666,Run majority,,1.0
2025,11,401761647,G6,Arkansas State,home,0,1,0.4838160136286201,105,125,0.4565217391304347,Pass majority,,1.0
2025,11,401761647,G6,Southern Miss,away,1,5,0.5666666666666667,109,92,0.5422885572139303,Run majority,,5.0
2025,11,401756947,P4,West Virginia,home,1,4,0.6256590509666081,119,67,0.6397849462365591,Run majority,,4.279569892473118
2025,11,401756947,P4,Colorado,away,0,2,0.5487804878048781,112,98,0.5333333333333333,Run majority,,1.9333333333333331
2025,11,401761646,G6,Marshall,home,0,3,0.6116700201207244,171,119,0.5896551724137931,Run majority,,2.820689655172414
2025,11,401761646,G6,James Madison,away,1,3,0.6336633663366337,159,123,0.5638297872340425,Run majority,,3.127659574468085
2025,11,401756945,P4,Texas Tech,home,1,5,0.5324459234608985,100,101,0.4975124378109453,Pass majority,,5.0
2025,11,401756945,P4,BYU,away,0,1,0.5829787234042553,108,93,0.5373134328358209,Run majority,,1.0
2025,11,401754584,P4,Boston College,home,0,1,0.4442413162705667,135,143,0.4856115107913669,Pass majority,,1.0
2025,11,401754584,P4,SMU,away,1,5,0.4516129032258064,98,152,0.392,Pass majority,,5.0
2025,11,401762503,G6,Army,home,1,3,0.8617886178861789,165,17,0.9065934065934066,Run majority,,3.813186813186813
2025,11,401762503,G6,Temple,away,0,3,0.538160469667319,90,91,0.4972375690607735,Pass majority,,3.005524861878453
2025,11,401752762,P4,Mississippi State,home,0,3,0.5711835334476844,185,147,0.5572289156626506,Run majority,,3.0
2025,11,401752762,P4,Georgia,away,1,3,0.5853174603174603,130,101,0.5627705627705628,Run majority,,3.0
2025,11,401752893,P4,Penn State,home,0,1,0.551487414187643,101,67,0.6011904761904762,Run majority,,1.0
2025,11,401752893,P4,Indiana,away,1,5,0.6159292035398231,117,95,0.5518867924528302,Run majority,,5.0
2025,11,401757299,G6,Liberty,home,0,5,0.6206140350877193,135,75,0.6428571428571429,Run majority,,5.0
2025,11,401757299,G6,Missouri State,away,1,1,0.5,104,138,0.4297520661157025,Pass majority,,1.0
2025,11,401762855,G6,Eastern Michigan,home,1,3,0.5018796992481203,120,116,0.5084745762711864,Run majority,,2.983050847457627
2025,11,401762855,G6,Bowling Green,away,0,3,0.581081081081081,105,70,0.6,Run majority,,3.2
2025,11,401752897,P4,Purdue,home,0,2,0.4665391969407266,110,102,0.5188679245283019,Run majority,,2.0
2025,11,401752897,P4,Ohio State,away,1,4,0.5305164319248826,97,108,0.473170731707317,Pass majority,,4.0
2025,11,401762502,G6,Rice,home,1,6,0.751434034416826,152,41,0.7875647668393783,Run majority,,6.0
2025,11,401762502,G6,UAB,away,0,0,0.4198312236286919,72,80,0.4736842105263157,Pass majority,,0.0
2025,11,401752894,P4,Rutgers,home,1,1,0.5104166666666666,112,156,0.417910447761194,Pass majority,,1.0
2025,11,401752894,P4,Maryland,away,0,5,0.3812636165577342,82,115,0.416243654822335,Pass majority,,5.0
2025,11,401762504,G6,East Carolina,home,1,6,0.5656934306569343,95,81,0.5397727272727273,Run majority,,6.0
2025,11,401762504,G6,Charlotte,away,0,0,0.4945295404814004,88,87,0.5028571428571429,Run majority,,0.0
2025,11,401762505,G6,Florida Atlantic,home,1,2,0.3848920863309352,90,131,0.4072398190045249,Pass majority,,2.1855203619909505
2025,11,401762505,G6,Tulsa,away,0,4,0.5058139534883721,103,116,0.4703196347031963,Pass majority,,3.9406392694063928
2025,11,401757295,G6,Delaware,home,1,1,0.4324324324324324,105,147,0.4166666666666667,Pass majority,,1.0
2025,11,401757295,G6,Louisiana Tech,away,0,5,0.5962732919254659,93,86,0.5195530726256983,Run majority,,5.0
2025,11,401757296,G6,Middle Tennessee,home,0,4,0.3816631130063966,82,119,0.4079601990049751,Pass majority,,3.81592039800995
2025,11,401757296,G6,Florida International,away,1,2,0.5295315682281059,95,94,0.5026455026455027,Run majority,,1.9947089947089949
2025,11,401757297,G6,UTEP,home,0,3,0.4646680942184154,95,103,0.4797979797979798,Pass majority,,3.0
2025,11,401757297,G6,Jacksonville State,away,1,3,0.6926147704590818,181,61,0.7479338842975206,Run majority,,3.0
2025,11,401754587,P4,Miami,home,1,6,0.5435684647302904,112,119,0.4848484848484848,Pass majority,,6.0
2025,11,401754587,P4,Syracuse,away,0,0,0.4733096085409252,86,86,0.5,Balanced,,0.0
2025,11,401756944,P4,TCU,home,0,5,0.4639175257731959,107,142,0.429718875502008,Pass majority,,5.0
2025,11,401756944,P4,Iowa State,away,1,1,0.5370705244122965,158,120,0.5683453237410072,Run majority,,1.0
2025,11,401756943,P4,Arizona,home,1,6,0.4937759336099585,80,93,0.4624277456647399,Pass majority,,6.0
2025,11,401756943,P4,Kansas,away,0,0,0.5490981963927856,106,112,0.4862385321100917,Pass majority,,0.0
2025,11,401752898,P4,Iowa,home,0,3,0.5952941176470589,100,81,0.5524861878453039,Run majority,,3.0
2025,11,401752898,P4,Oregon,away,1,3,0.5714285714285714,102,101,0.5024630541871922,Run majority,,3.0
2025,11,401752763,P4,Missouri,home,0,5,0.5865209471766849,150,110,0.5769230769230769,Run majority,,5.0
2025,11,401752763,P4,Texas A&M,away,1,1,0.5792349726775956,151,142,0.515358361774744,Run majority,,1.0
2025,11,401752764,P4,Vanderbilt,home,1,2,0.5268595041322314,102,93,0.5230769230769231,Run majority,,2.046153846153846
2025,11,401752764,P4,Auburn,away,0,4,0.582089552238806,153,139,0.523972602739726,Run majority,,3.952054794520548
2025,11,401761645,G6,Coastal Carolina,home,1,5,0.5748898678414097,83,68,0.5496688741721855,Run majority,,5.099337748344371
2025,11,401761645,G6,Georgia State,away,0,1,0.4159663865546218,95,103,0.4797979797979798,Pass majority,,1.0404040404040404
2025,11,401757298,G6,New Mexico State,home,0,3,0.4327354260089686,110,148,0.4263565891472868,Pass majority,,3.0
2025,11,401757298,G6,Kennesaw State,away,1,3,0.5758241758241758,101,82,0.5519125683060109,Run majority,,3.0
2025,11,401754588,P4,North Carolina,home,1,5,0.5046948356807511,75,76,0.4966887417218543,Pass majority,,5.0
2025,11,401754588,P4,Stanford,away,0,1,0.4982817869415807,127,134,0.4865900383141762,Pass majority,,1.0
2025,11,401752899,P4,Wisconsin,home,1,1,0.5817409766454352,100,86,0.5376344086021505,Run majority,,1.0
2025,11,401752899,P4,Washington,away,0,5,0.54337899543379,120,109,0.5240174672489083,Run majority,,5.0
2025,11,401761648,G6,Louisiana,home,1,2,0.594758064516129,150,91,0.6224066390041494,Run majority,,2.0
2025,11,401761648,G6,Texas State,away,0,4,0.6019417475728155,164,115,0.5878136200716846,Run majority,,4.0
2025,11,401760406,G6,San José State,home,0,6,0.3661417322834646,92,144,0.3898305084745763,Pass majority,,6.0
2025,11,401760406,G6,Air Force,away,1,0,0.7551440329218106,220,59,0.7885304659498208,Run majority,,0.0
2025,11,401754589,P4,Virginia,home,0,5,0.5283993115318416,139,151,0.4793103448275862,Pass majority,,5.0
2025,11,401754589,P4,Wake Forest,away,1,1,0.5127118644067796,118,117,0.502127659574468,Run majority,,1.0
2025,11,401754585,P4,Louisville,home,0,6,0.4655172413793103,90,117,0.4347826086956521,Pass majority,,6.0
2025,11,401754585,P4,California,away,1,0,0.4503816793893129,87,148,0.3702127659574468,Pass majority,,0.0
2025,11,401754586,P4,Clemson,home,1,2,0.453382084095064,92,103,0.4717948717948718,Pass majority,,2.056410256410256
2025,11,401754586,P4,Florida State,away,0,4,0.6202783300198808,132,71,0.6502463054187192,Run majority,,4.300492610837439
2025,11,401752760,P4,Kentucky,home,1,4,0.5557586837294333,128,115,0.5267489711934157,Run majority,,4.053497942386832
2025,11,401752760,P4,Florida,away,0,2,0.4853273137697517,110,147,0.4280155642023346,Pass majority,,2.1439688715953307
2025,11,401760409,G6,Utah State,home,1,4,0.5093023255813953,87,108,0.4461538461538462,Pass majority,,4.107692307692307
2025,11,401760409,G6,Nevada,away,0,2,0.5399515738498789,83,67,0.5533333333333333,Run majority,,2.1066666666666665
2025,11,401752759,P4,Alabama,home,1,3,0.4842883548983364,118,134,0.4682539682539682,Pass majority,,3.0634920634920637
2025,11,401752759,P4,LSU,away,0,3,0.4408352668213457,93,147,0.3875,Pass majority,,2.775
2025,11,401752895,P4,UCLA,home,0,2,0.5278884462151394,81,83,0.4939024390243902,Pass majority,,1.9878048780487805
2025,11,401752895,P4,Nebraska,away,1,4,0.5233463035019456,149,125,0.5437956204379562,Run majority,,3.912408759124088
2025,11,401760407,G6,Colorado State,home,0,2,0.5248868778280543,80,55,0.5925925925925926,Run majority,,2.0
2025,11,401760407,G6,UNLV,away,1,4,0.5282608695652173,68,77,0.4689655172413793,Pass majority,,4.0
2025,11,401752944,G6,Oregon State,home,0,4,0.4754990925589836,104,80,0.5652173913043478,Run majority,,3.8695652173913047
2025,11,401752944,G6,Sam Houston,away,1,2,0.5039370078740157,87,95,0.478021978021978,Pass majority,,1.956043956043956
2025,11,401760408,G6,Hawai'i,home,1,1,0.3847457627118644,102,194,0.3445945945945945,Pass majority,,1.0
2025,11,401760408,G6,San Diego State,away,0,5,0.6612529002320185,95,78,0.5491329479768786,Run majority,,5.0
2025,12,401762856,G6,Akron,home,0,4,0.5335515548281505,119,142,0.4559386973180077,Pass majority,,3.911877394636016
2025,12,401762856,G6,Kent State,away,1,2,0.5738758029978587,77,64,0.5460992907801419,Run majority,,1.9078014184397163
2025,12,401762857,G6,Western Michigan,home,1,5,0.6033834586466166,137,97,0.5854700854700855,Run majority,,4.829059829059829
2025,12,401762857,G6,Ohio,away,0,1,0.590316573556797,149,130,0.5340501792114696,Run majority,,1.0681003584229392
2025,12,401762859,G6,Massachusetts,home,0,1,0.446215139442231,84,68,0.5526315789473685,Run majority,,1.0
2025,12,401762859,G6,Northern Illinois,away,1,5,0.6136363636363636,162,85,0.6558704453441295,Run majority,,5.0
2025,12,401762860,G6,Miami (OH),home,0,1,0.5777310924369747,140,120,0.5384615384615384,Run majority,,1.0
2025,12,401762860,G6,Toledo,away,1,5,0.5315985130111525,95,87,0.521978021978022,Run majority,,5.0
2025,12,401762858,G6,Central Michigan,home,1,3,0.7231404958677686,128,48,0.7272727272727273,Run majority,,2.5454545454545454
2025,12,401762858,G6,Buffalo,away,0,3,0.4808429118773946,158,149,0.5146579804560261,Run majority,,3.029315960912052
2025,12,401761649,G6,Old Dominion,home,1,5,0.5926640926640927,113,83,0.576530612244898,Run majority,,5.0
2025,12,401761649,G6,Troy,away,0,1,0.5419847328244275,130,102,0.5603448275862069,Run majority,,1.0
2025,12,401754591,P4,Louisville,home,0,5,0.4615384615384615,108,140,0.4354838709677419,Pass majority,,4.870967741935484
2025,12,401754591,P4,Clemson,away,1,1,0.4655737704918032,105,114,0.4794520547945205,Pass majority,,1.041095890410959
2025,12,401752904,P4,Oregon,home,1,6,0.5780346820809249,126,111,0.5316455696202531,Run majority,,6.0
2025,12,401752904,P4,Minnesota,away,0,0,0.4582484725050916,96,153,0.3855421686746988,Pass majority,,0.0
2025,12,401756952,P4,Oklahoma State,home,0,1,0.5426356589147286,64,74,0.463768115942029,Pass majority,,1.0
2025,12,401756952,P4,Kansas State,away,1,5,0.5284552845528455,140,133,0.5128205128205128,Run majority,,5.0
2025,12,401756951,P4,Cincinnati,home,0,2,0.5448979591836735,94,92,0.5053763440860215,Run majority,,2.010752688172043
2025,12,401756951,P4,Arizona,away,1,4,0.492619926199262,92,111,0.4532019704433497,Pass majority,,4.093596059113301
2025,12,401752905,P4,Northwestern,home,0,1,0.5694716242661448,124,96,0.5636363636363636,Run majority,,1.0
2025,12,401752905,P4,Michigan,away,1,4,0.6063268892794376,147,130,0.5306859205776173,Run majority,,4.0
2025,12,401752772,P4,Texas A&M,home,1,4,0.5786061588330632,164,163,0.5015290519877675,Run majority,,4.003058103975535
2025,12,401752772,P4,South Carolina,away,0,2,0.5646123260437376,132,121,0.5217391304347826,Run majority,,1.9565217391304348
2025,12,401752901,P4,Indiana,home,1,6,0.6044657097288676,131,107,0.5504201680672269,Run majority,,6.0
2025,12,401752901,P4,Wisconsin,away,0,0,0.5988805970149254,135,100,0.574468085106383,Run majority,,0.0
2025,12,401754597,P4,Pittsburgh,home,0,2,0.4929328621908127,108,142,0.432,Pass majority,,2.0
2025,12,401754597,P4,Notre Dame,away,1,4,0.5796847635726795,170,128,0.5704697986577181,Run majority,,4.0
2025,12,401762507,G6,Charlotte,home,0,1,0.4875239923224568,89,89,0.5,Balanced,,1.0
2025,12,401762507,G6,UTSA,away,1,5,0.5,98,106,0.4803921568627451,Pass majority,,5.0
2025,12,401762510,G6,Navy,home,1,1,0.7706611570247934,171,54,0.76,Run majority,,1.0
2025,12,401762510,G6,South Florida,away,0,5,0.561525129982669,118,115,0.5064377682403434,Run majority,,5.0
2025,12,401762861,G6,Ball State,home,0,2,0.6153846153846154,115,94,0.5502392344497608,Run majority,,2.0
2025,12,401762861,G6,Eastern Michigan,away,1,4,0.4975288303130148,141,148,0.4878892733564013,Pass majority,,4.0
2025,12,401752768,P4,LSU,home,1,5,0.4417177914110429,103,160,0.3916349809885932,Pass majority,,5.216730038022813
2025,12,401752768,P4,Arkansas,away,0,1,0.525911708253359,128,104,0.5517241379310345,Run majority,,1.103448275862069
2025,12,401756948,P4,Arizona State,home,1,5,0.5448504983388704,135,118,0.5335968379446641,Run majority,,5.0
2025,12,401756948,P4,West Virginia,away,0,1,0.6292307692307693,145,85,0.6304347826086957,Run majority,,1.0
2025,12,401752945,G6,Tulsa,home,1,2,0.510569105691057,111,129,0.4625,Pass majority,,1.925
2025,12,401752945,G6,Oregon State,away,0,4,0.4770932069510268,117,93,0.5571428571428572,Run majority,,3.8857142857142857
2025,12,401761651,G6,Georgia State,home,0,1,0.426497277676951,112,117,0.4890829694323144,Pass majority,,1.0
2025,12,401761651,G6,Marshall,away,1,5,0.6072041166380789,194,131,0.5969230769230769,Run majority,,5.0
2025,12,401762506,G6,UAB,home,0,2,0.4245810055865922,88,95,0.4808743169398907,Pass majority,,2.0
2025,12,401762506,G6,North Texas,away,1,4,0.5008726003490401,118,153,0.4354243542435424,Pass majority,,4.0
2025,12,401757304,G6,Missouri State,home,1,2,0.491362763915547,114,152,0.4285714285714285,Pass majority,,2.0
2025,12,401757304,G6,UTEP,away,0,4,0.4738805970149253,119,117,0.5042372881355932,Run majority,,4.0
2025,12,401760411,G6,New Mexico,home,1,4,0.5390625,122,87,0.583732057416268,Run majority,,4.0
2025,12,401760411,G6,Colorado State,away,0,2,0.5267326732673268,101,67,0.6011904761904762,Run majority,,2.0
2025,12,401752903,P4,Michigan State,home,0,1,0.5347490347490348,95,97,0.4947916666666667,Pass majority,,1.0
2025,12,401752903,P4,Penn State,away,1,5,0.5469061876247505,116,75,0.6073298429319371,Run majority,,5.0
2025,12,401761654,G6,Southern Miss,home,0,5,0.5637342908438061,119,103,0.536036036036036,Run majority,,4.927927927927928
2025,12,401761654,G6,Texas State,away,1,1,0.583916083916084,173,124,0.5824915824915825,Run majority,,1.164983164983165
2025,12,401761653,G6,UL Monroe,home,0,3,0.5888429752066116,79,46,0.632,Run majority,,3.264
2025,12,401761653,G6,South Alabama,away,1,3,0.6185383244206774,154,103,0.5992217898832685,Run majority,,2.801556420233463
2025,12,401760413,G6,Nevada,home,1,1,0.5446808510638298,85,68,0.5555555555555556,Run majority,,1.0
2025,12,401760413,G6,San José State,away,0,5,0.3573943661971831,98,153,0.3904382470119522,Pass majority,,5.0
2025,12,401752765,P4,Alabama,home,0,3,0.4776119402985074,130,152,0.4609929078014184,Pass majority,,3.078014184397163
2025,12,401752765,P4,Oklahoma,away,1,3,0.5193370165745856,120,144,0.4545454545454545,Pass majority,,2.909090909090909
2025,12,401754595,P4,Miami,home,1,6,0.5454545454545454,123,137,0.473076923076923,Pass majority,,6.0
2025,12,401754595,P4,NC State,away,0,0,0.4962264150943396,116,138,0.4566929133858268,Pass majority,,0.0
2025,12,401752907,P4,USC,home,1,2,0.5210084033613446,147,150,0.494949494949495,Pass majority,,1.98989898989899
2025,12,401752907,P4,Iowa,away,0,4,0.6090534979423868,125,91,0.5787037037037037,Run majority,,3.842592592592593
2025,12,401754592,P4,Boston College,home,0,1,0.4477848101265823,140,147,0.4878048780487805,Pass majority,,1.0
2025,12,401754592,P4,Georgia Tech,away,1,5,0.5808270676691729,145,108,0.5731225296442688,Run majority,,5.0
2025,12,401761652,G6,James Madison,home,1,6,0.6294326241134752,175,138,0.5591054313099042,Run majority,,6.0
2025,12,401761652,G6,App State,away,0,0,0.4252100840336134,104,132,0.4406779661016949,Pass majority,,0.0
2025,12,401754593,P4,Duke,home,0,1,0.4553903345724907,103,115,0.4724770642201835,Pass majority,,1.0
2025,12,401754593,P4,Virginia,away,1,5,0.5224806201550387,160,172,0.4819277108433735,Pass majority,,5.0
2025,12,401757303,G6,Western Kentucky,home,1,3,0.4472271914132379,108,179,0.3763066202090592,Pass majority,,3.247386759581881
2025,12,401757303,G6,Middle Tennessee,away,0,3,0.3711151736745887,90,137,0.3964757709251101,Pass majority,,2.79295154185022
2025,12,401752906,P4,Illinois,home,1,3,0.5284872298624754,90,117,0.4347826086956521,Pass majority,,3.130434782608696
2025,12,401752906,P4,Maryland,away,0,3,0.3953488372093023,98,126,0.4375,Pass majority,,2.875
2025,12,401756953,P4,Texas Tech,home,1,6,0.5369822485207101,110,109,0.502283105022831,Run majority,,6.0
2025,12,401756953,P4,UCF,away,0,0,0.4927536231884058,112,117,0.4890829694323144,Pass majority,,0.0
2025,12,401762509,G6,Tulane,home,1,4,0.5398981324278438,125,118,0.51440329218107,Run majority,,4.02880658436214
2025,12,401762509,G6,Florida Atlantic,away,0,2,0.3898858075040783,99,142,0.4107883817427386,Pass majority,,2.178423236514523
2025,12,401762508,G6,East Carolina,home,1,2,0.5566037735849056,103,94,0.5228426395939086,Run majority,,2.0
2025,12,401762508,G6,Memphis,away,0,4,0.55810147299509,144,121,0.5433962264150943,Run majority,,4.0
2025,12,401754596,P4,Wake Forest,home,1,3,0.5279850746268657,145,130,0.5272727272727272,Run majority,,3.0
2025,12,401754596,P4,North Carolina,away,0,3,0.5062761506276151,91,99,0.4789473684210526,Pass majority,,3.0
2025,12,401757301,G6,Florida International,home,1,2,0.5350089766606823,116,114,0.5043478260869565,Run majority,,2.0
2025,12,401757301,G6,Liberty,away,0,4,0.6104868913857678,155,91,0.6300813008130082,Run majority,,4.0
2025,12,401761650,G6,Georgia Southern,home,1,3,0.5226415094339623,111,113,0.4955357142857143,Pass majority,,3.008928571428571
2025,12,401761650,G6,Coastal Carolina,away,0,3,0.5934489402697495,101,78,0.5642458100558659,Run majority,,3.128491620111732
2025,12,401757300,G6,Sam Houston,home,1,2,0.5035971223021583,93,108,0.4626865671641791,Pass majority,,1.9253731343283584
2025,12,401757300,G6,Delaware,away,0,3,0.4175084175084175,123,176,0.411371237458194,Pass majority,,3.177257525083612
2025,12,401752769,P4,Ole Miss,home,1,5,0.5614567526555387,195,181,0.5186170212765957,Run majority,,5.0
2025,12,401752769,P4,Florida,away,0,1,0.482421875,125,159,0.4401408450704225,Pass majority,,1.0
2025,12,401752902,P4,Washington,home,1,6,0.541501976284585,137,133,0.5074074074074074,Run majority,,6.0
2025,12,401752902,P4,Purdue,away,0,0,0.4691358024691358,119,114,0.5107296137339056,Run majority,,0.0
2025,12,401760414,G6,UNLV,home,1,4,0.540952380952381,81,92,0.4682080924855491,Pass majority,,4.0
2025,12,401760414,G6,Utah State,away,0,2,0.5128712871287129,92,115,0.4444444444444444,Pass majority,,2.0
2025,12,401756949,P4,Baylor,home,0,1,0.4442567567567567,101,134,0.4297872340425532,Pass majority,,1.0
2025,12,401756949,P4,Utah,away,1,5,0.6,158,116,0.5766423357664233,Run majority,,5.0
2025,12,401752766,P4,Georgia,home,1,3,0.5865051903114187,147,113,0.5653846153846154,Run majority,,2.8692307692307693
2025,12,401752766,P4,Texas,away,0,3,0.5268456375838926,125,116,0.5186721991701245,Run majority,,3.037344398340249
2025,12,401754594,P4,Florida State,home,1,5,0.5909090909090909,139,80,0.634703196347032,Run majority,,5.0
2025,12,401754594,P4,Virginia Tech,away,0,0,0.5681818181818182,148,118,0.556390977443609,Run majority,,0.0
2025,12,401752900,P4,Ohio State,home,1,6,0.5358565737051793,109,120,0.4759825327510917,Pass majority,,6.0
2025,12,401752900,P4,UCLA,away,0,0,0.5335689045936396,102,91,0.5284974093264249,Run majority,,0.0
2025,12,401752770,P4,Missouri,home,1,5,0.5884297520661157,160,119,0.5734767025089605,Run majority,,5.0
2025,12,401752770,P4,Mississippi State,away,0,1,0.5775729646697388,205,157,0.5662983425414365,Run majority,,1.0
2025,12,401757302,G6,Jacksonville State,home,1,6,0.6760070052539404,204,87,0.7010309278350515,Run majority,,6.0
2025,12,401757302,G6,Kennesaw State,away,0,0,0.5784499054820416,110,86,0.5612244897959183,Run majority,,0.0
2025,12,401752953,G6,Washington State,home,1,2,0.52046783625731,105,114,0.4794520547945205,Pass majority,,2.0
2025,12,401752953,G6,Louisiana Tech,away,0,4,0.5940959409594095,111,104,0.5162790697674419,Run majority,,4.0
2025,12,401756950,P4,BYU,home,1,3,0.5626168224299065,117,97,0.5467289719626168,Run majority,,3.0
2025,12,401756950,P4,TCU,away,0,3,0.4513274336283185,131,176,0.4267100977198697,Pass majority,,3.0
2025,12,401760410,G6,San Diego State,home,1,6,0.6470588235294118,100,82,0.5494505494505495,Run majority,,6.0
2025,12,401760410,G6,Boise State,away,0,0,0.5380622837370242,156,137,0.5324232081911263,Run majority,,0.0
2025,12,401760412,G6,Fresno State,home,1,4,0.529296875,120,95,0.5581395348837209,Run majority,,4.116279069767442
2025,12,401760412,G6,Wyoming,away,0,2,0.5162523900573613,106,99,0.5170731707317073,Run majority,,1.9658536585365851
2025,13,401762864,G6,Northern Illinois,home,0,2,0.643510054844607,172,88,0.6615384615384615,Run majority,,2.323076923076923
2025,13,401762864,G6,Western Michigan,away,1,3,0.6173469387755102,161,106,0.602996254681648,Run majority,,2.7940074906367043
2025,13,401762863,G6,Ohio,home,1,6,0.5983193277310924,178,142,0.55625,Run majority,,6.0
2025,13,401762863,G6,Massachusetts,away,0,0,0.437609841827768,89,71,0.55625,Run majority,,0.0
2025,13,401762862,G6,Bowling Green,home,0,4,0.5905096660808435,129,75,0.6323529411764706,Run majority,,4.0
2025,13,401762862,G6,Akron,away,1,2,0.5127478753541076,138,167,0.4524590163934426,Pass majority,,2.0
2025,13,401762865,G6,Buffalo,home,0,5,0.4765886287625418,179,172,0.50997150997151,Run majority,,5.0
2025,13,401762865,G6,Miami (OH),away,1,1,0.5622710622710623,154,133,0.5365853658536586,Run majority,,1.0
2025,13,401762866,G6,Kent State,home,0,2,0.5642023346303502,89,84,0.5144508670520231,Run majority,,2.0
2025,13,401762866,G6,Central Michigan,away,1,4,0.7071823204419889,146,62,0.7019230769230769,Run majority,,4.0
2025,13,401761655,G6,Arkansas State,home,0,4,0.4718100890207715,111,138,0.4457831325301205,Pass majority,,4.108433734939759
2025,13,401761655,G6,Louisiana,away,1,2,0.6034782608695652,167,104,0.6162361623616236,Run majority,,2.232472324723247
2025,13,401754598,P4,NC State,home,1,2,0.4879310344827586,118,145,0.4486692015209125,Pass majority,,2.102661596958175
2025,13,401754598,P4,Florida State,away,0,4,0.5972006220839814,165,99,0.625,Run majority,,4.25
2025,13,401760418,G6,UNLV,home,1,3,0.5266666666666666,94,116,0.4476190476190476,Pass majority,,2.895238095238095
2025,13,401760418,G6,Hawai'i,away,0,3,0.3975720789074355,110,210,0.34375,Pass majority,,3.3125
2025,13,401762512,G6,Army,home,0,4,0.8727598566308243,199,19,0.9128440366972476,Run majority,,4.825688073394495
2025,13,401762512,G6,Tulsa,away,1,2,0.5314787701317716,118,131,0.4738955823293173,Pass majority,,2.052208835341365
2025,13,401756958,P4,Iowa State,home,1,4,0.5469255663430421,178,142,0.55625,Run majority,,4.1125
2025,13,401756958,P4,Kansas,away,0,2,0.5518453427065027,136,129,0.5132075471698113,Run majority,,1.9735849056603771
2025,13,401752912,P4,Ohio State,home,1,6,0.5307557117750439,117,130,0.4736842105263157,Pass majority,,6.0
2025,13,401752912,P4,Rutgers,away,0,0,0.5317829457364341,134,169,0.4422442244224422,Pass majority,,0.0
2025,13,401752778,P4,Oklahoma,home,1,3,0.5218855218855218,137,165,0.4536423841059602,Pass majority,,3.0
2025,13,401752778,P4,Missouri,away,0,3,0.5984848484848485,178,129,0.5798045602605864,Run majority,,3.0
2025,13,401754602,P4,SMU,home,1,3,0.4536256323777403,101,163,0.3825757575757575,Pass majority,,3.0
2025,13,401754602,P4,Louisville,away,0,3,0.4662162162162162,129,159,0.4479166666666667,Pass majority,,3.0
2025,13,401754603,P4,Virginia Tech,home,0,1,0.5809199318568995,168,123,0.5773195876288659,Run majority,,1.0
2025,13,401754603,P4,Miami,away,1,5,0.5435139573070608,129,146,0.4690909090909091,Pass majority,,5.0
2025,13,401752909,P4,Northwestern,home,1,2,0.5620567375886525,141,112,0.5573122529644269,Run majority,,2.114624505928853
2025,13,401752909,P4,Minnesota,away,0,2,0.4543795620437956,97,155,0.3849206349206349,Pass majority,,2.2301587301587302
2025,13,401752954,G6,James Madison,home,1,6,0.6263399693721287,189,153,0.5526315789473685,Run majority,,6.0
2025,13,401752954,G6,Washington State,away,0,0,0.5303292894280762,115,124,0.4811715481171548,Pass majority,,0.0
2025,13,401756954,P4,Arizona,home,1,6,0.5024390243902439,113,136,0.4538152610441767,Pass majority,,6.0
2025,13,401756954,P4,Baylor,away,0,0,0.4333821376281113,108,148,0.421875,Pass majority,,0.0
2025,13,401761657,G6,Georgia Southern,home,0,3,0.5239669421487604,127,129,0.49609375,Pass majority,,3.0078125
2025,13,401761657,G6,Old Dominion,away,1,3,0.6040955631399317,127,89,0.5879629629629629,Run majority,,3.1759259259259256
2025,13,401757306,G6,Kennesaw State,home,1,4,0.568659127625202,136,104,0.5666666666666667,Run majority,,4.133333333333333
2025,13,401757306,G6,Missouri State,away,0,2,0.4924874791318864,121,170,0.415807560137457,Pass majority,,2.1683848797250858
2025,13,401760419,G6,Wyoming,home,0,4,0.5180102915951973,125,115,0.5208333333333334,Run majority,,3.958333333333333
2025,13,401760419,G6,Nevada,away,1,2,0.5612052730696798,90,71,0.5590062111801242,Run majority,,2.1180124223602483
2025,13,401762867,G6,Toledo,home,1,6,0.5291181364392679,112,104,0.5185185185185185,Run majority,,6.0
2025,13,401762867,G6,Ball State,away,0,0,0.6173752310536045,127,102,0.5545851528384279,Run majority,,0.0
2025,13,401761656,G6,App State,home,1,2,0.4142194744976816,112,139,0.446215139442231,Pass majority,,2.0
2025,13,401761656,G6,Marshall,away,0,4,0.6024844720496895,215,151,0.587431693989071,Run majority,,4.0
2025,13,401762511,G6,UAB,home,0,1,0.4248788368336025,90,97,0.481283422459893,Pass majority,,1.0
2025,13,401762511,G6,South Florida,away,1,5,0.5572755417956656,132,127,0.5096525096525096,Run majority,,5.0
2025,13,401757307,G6,Louisiana Tech,home,1,6,0.5935919055649241,116,113,0.5065502183406113,Run majority,,6.0
2025,13,401757307,G6,Liberty,away,0,0,0.6046128500823723,177,105,0.6276595744680851,Run majority,,0.0
2025,13,401757308,G6,Middle Tennessee,home,1,5,0.3713355048859935,98,154,0.3888888888888889,Pass majority,,5.0
2025,13,401757308,G6,Sam Houston,away,0,1,0.4951923076923077,100,127,0.4405286343612334,Pass majority,,1.0
2025,13,401757309,G6,UTEP,home,0,5,0.4764309764309764,124,124,0.5,Balanced,,5.0
2025,13,401757309,G6,New Mexico State,away,1,1,0.4238952536824877,114,162,0.4130434782608695,Pass majority,,1.0
2025,13,401754604,P4,Notre Dame,home,1,6,0.5743348982785602,174,130,0.5723684210526315,Run majority,,6.0
2025,13,401754604,P4,Syracuse,away,0,0,0.4881516587677725,98,99,0.4974619289340101,Pass majority,,0.0
2025,13,401752911,P4,Oregon,home,1,6,0.5670103092783505,134,116,0.536,Run majority,,6.0
2025,13,401752911,P4,USC,away,0,0,0.5182370820668692,156,164,0.4875,Pass majority,,0.0
2025,13,401752780,P4,Texas,home,1,4,0.5045731707317073,133,123,0.51953125,Run majority,,3.9609375
2025,13,401752780,P4,Arkansas,away,0,2,0.5373913043478261,151,120,0.5571955719557196,Run majority,,2.114391143911439
2025,13,401762513,G6,UTSA,home,1,4,0.5008156606851549,122,131,0.4822134387351778,Pass majority,,4.0
2025,13,401762513,G6,East Carolina,away,0,2,0.5536723163841808,132,122,0.5196850393700787,Run majority,,2.0
2025,13,401757305,G6,Florida International,home,1,2,0.5349206349206349,145,139,0.5105633802816901,Run majority,,1.97887323943662
2025,13,401757305,G6,Jacksonville State,away,0,4,0.682615629984051,217,94,0.6977491961414791,Run majority,,4.395498392282958
2025,13,401752782,P4,Vanderbilt,home,1,3,0.5262206148282098,116,106,0.5225225225225225,Run majority,,3.045045045045045
2025,13,401752782,P4,Kentucky,away,0,3,0.5667752442996743,144,129,0.5274725274725275,Run majority,,2.9450549450549453
2025,13,401752913,P4,Iowa,home,1,6,0.6103896103896104,148,105,0.5849802371541502,Run majority,,6.0
2025,13,401752913,P4,Michigan State,away,0,0,0.527336860670194,110,114,0.4910714285714285,Pass majority,,0.0
2025,13,401761658,G6,South Alabama,home,1,3,0.6279434850863422,173,119,0.5924657534246576,Run majority,,2.815068493150685
2025,13,401761658,G6,Southern Miss,away,0,3,0.5451664025356577,124,107,0.5367965367965368,Run majority,,3.0735930735930737
2025,13,401754600,P4,North Carolina,home,0,4,0.4935064935064935,108,117,0.48,Pass majority,,4.04
2025,13,401754600,P4,Duke,away,1,2,0.4496644295302013,112,125,0.4725738396624472,Pass majority,,1.9451476793248943
2025,13,401762515,G6,Temple,home,0,4,0.5314183123877917,109,110,0.4977168949771689,Pass majority,,4.004566210045662
2025,13,401762515,G6,Tulane,away,1,2,0.5436447166921899,134,130,0.5075757575757576,Run majority,,2.015151515151515
2025,13,401756959,P4,UCF,home,1,6,0.4902280130293159,115,117,0.4956896551724138,Pass majority,,6.0
2025,13,401756959,P4,Oklahoma State,away,0,0,0.5300171526586621,83,100,0.453551912568306,Pass majority,,0.0
2025,13,401756957,P4,Houston,home,0,1,0.5932475884244373,148,123,0.5461254612546126,Run majority,,1.0
2025,13,401756957,P4,TCU,away,1,5,0.4646302250803859,132,182,0.4203821656050955,Pass majority,,5.0
2025,13,401752914,P4,Maryland,home,0,3,0.3827586206896551,108,147,0.4235294117647059,Pass majority,,3.0
2025,13,401752914,P4,Michigan,away,1,3,0.6037151702786377,170,153,0.5263157894736842,Run majority,,3.0
2025,13,401756960,P4,Utah,home,1,4,0.6115326251896813,172,125,0.5791245791245792,Run majority,,4.0
2025,13,401756960,P4,Kansas State,away,0,2,0.5272727272727272,158,153,0.5080385852090032,Run majority,,2.0
2025,13,401761660,G6,Troy,home,1,4,0.5473321858864028,133,104,0.5611814345991561,Run majority,,4.0
2025,13,401761660,G6,Georgia State,away,0,2,0.430622009569378,138,138,0.5,Balanced,,2.0
2025,13,401761659,G6,Texas State,home,1,4,0.6015625,189,132,0.5887850467289719,Run majority,,4.0
2025,13,401761659,G6,UL Monroe,away,0,2,0.5863377609108159,96,57,0.6274509803921569,Run majority,,2.0
2025,13,401752908,P4,Penn State,home,1,3,0.574468085106383,146,87,0.6266094420600858,Run majority,,3.253218884120172
2025,13,401752908,P4,Nebraska,away,0,2,0.5422535211267606,162,131,0.552901023890785,Run majority,,1.89419795221843
2025,13,401760415,G6,Air Force,home,0,3,0.7770700636942676,283,64,0.8155619596541787,Run majority,,3.0
2025,13,401760415,G6,New Mexico,away,1,3,0.546875,139,106,0.5673469387755102,Run majority,,3.0
2025,13,401760416,G6,Boise State,home,1,5,0.5525902668759811,190,144,0.5688622754491018,Run majority,,5.0
2025,13,401760416,G6,Colorado State,away,0,1,0.5052083333333334,116,92,0.5576923076923077,Run majority,,1.0
2025,13,401754601,P4,Georgia Tech,home,0,4,0.5773026315789473,167,126,0.5699658703071673,Run majority,,4.0
2025,13,401754601,P4,Pittsburgh,away,1,2,0.4825396825396825,110,152,0.4198473282442748,Pass majority,,2.0
2025,13,401754599,P4,Stanford,home,1,3,0.4954268292682927,147,150,0.494949494949495,Pass majority,,2.98989898989899
2025,13,401754599,P4,California,away,0,3,0.4364548494983277,101,179,0.3607142857142857,Pass majority,,3.2785714285714285
2025,13,401762514,G6,Rice,home,0,2,0.7563025210084033,192,53,0.7836734693877551,Run majority,,2.0
2025,13,401762514,G6,North Texas,away,1,4,0.5079113924050633,130,161,0.4467353951890034,Pass majority,,4.0
2025,13,401752775,P4,Florida,home,0,2,0.4780316344463972,136,168,0.4473684210526316,Pass majority,,2.0
2025,13,401752775,P4,Tennessee,away,1,4,0.5222222222222223,113,151,0.428030303030303,Pass majority,,4.0
2025,13,401752915,P4,Wisconsin,home,1,3,0.6041308089500861,150,113,0.5703422053231939,Run majority,,3.140684410646388
2025,13,401752915,P4,Illinois,away,0,3,0.5446735395189003,111,130,0.4605809128630705,Pass majority,,3.078838174273859
2025,13,401756955,P4,Cincinnati,home,0,2,0.5411334552102377,117,109,0.5176991150442478,Run majority,,2.035398230088496
2025,13,401756955,P4,BYU,away,1,4,0.5601317957166392,125,106,0.5411255411255411,Run majority,,3.9177489177489178
2025,13,401756956,P4,Colorado,home,0,3,0.5455950540958269,119,110,0.519650655021834,Run majority,,2.960698689956332
2025,13,401756956,P4,Arizona State,away,1,3,0.5485799701046338,149,134,0.5265017667844523,Run majority,,3.0530035335689045
2025,13,401760417,G6,Fresno State,home,0,4,0.5426621160409556,153,112,0.5773584905660377,Run majority,,4.154716981132076
2025,13,401760417,G6,Utah State,away,1,2,0.5094991364421416,110,148,0.4263565891472868,Pass majority,,2.1472868217054266
2025,13,401752910,P4,UCLA,home,0,1,0.5325732899022801,106,95,0.527363184079602,Run majority,,1.0
2025,13,401752910,P4,Washington,away,1,5,0.5528169014084507,154,143,0.5185185185185185,Run majority,,5.0
2025,13,401760420,G6,San Diego State,home,1,6,0.6648451730418944,124,91,0.5767441860465117,Run majority,,6.0
2025,13,401760420,G6,San José State,away,0,0,0.365814696485623,101,161,0.3854961832061068,Pass majority,,0.0
2025,14,401762868,G6,Massachusetts,home,0,1,0.4528301886792453,104,79,0.5683060109289617,Run majority,,1.0
2025,14,401762868,G6,Bowling Green,away,1,5,0.5953125,156,95,0.6215139442231076,Run majority,,5.0
2025,14,401762869,G6,Eastern Michigan,home,0,2,0.5059171597633136,155,159,0.4936305732484076,Pass majority,,2.0
2025,14,401762869,G6,Western Michigan,away,1,4,0.6432926829268293,179,110,0.6193771626297578,Run majority,,4.0
2025,14,401762516,G6,Memphis,home,0,5,0.5436046511627907,164,146,0.5290322580645161,Run majority,,4.941935483870967
2025,14,401762516,G6,Navy,away,1,1,0.7661870503597122,202,65,0.7565543071161048,Run majority,,1.5131086142322097
2025,14,401762870,G6,Buffalo,home,0,4,0.4683357879234168,201,196,0.5062972292191436,Run majority,,3.9874055415617127
2025,14,401762870,G6,Ohio,away,1,2,0.6257575757575757,212,147,0.5905292479108635,Run majority,,2.181058495821727
2025,14,401762871,G6,Northern Illinois,home,0,4,0.6528925619834711,191,92,0.6749116607773852,Run majority,,4.34982332155477
2025,14,401762871,G6,Kent State,away,1,2,0.5640138408304498,93,89,0.510989010989011,Run majority,,1.978021978021978
2025,14,401752788,P4,Mississippi State,home,0,3,0.5775978407557355,222,170,0.5663265306122449,Run majority,,2.86734693877551
2025,14,401752788,P4,Ole Miss,away,1,3,0.5633423180592992,226,212,0.5159817351598174,Run majority,,3.031963470319635
2025,14,401752916,P4,Nebraska,home,0,3,0.533751962323391,171,137,0.5551948051948052,Run majority,,2.889610389610389
2025,14,401752916,P4,Iowa,away,1,3,0.6133333333333333,169,113,0.599290780141844,Run majority,,3.198581560283688
2025,14,401756964,P4,Kansas,home,0,2,0.5411954765751211,138,133,0.5092250922509225,Run majority,,2.0
2025,14,401756964,P4,Utah,away,1,3,0.6096904441453567,201,144,0.5826086956521739,Run majority,,3.0
2025,14,401760421,G6,Colorado State,home,0,5,0.4820031298904538,121,105,0.5353982300884956,Run majority,,4.929203539823009
2025,14,401760421,G6,Air Force,away,1,1,0.7802037845705968,287,66,0.8130311614730878,Run majority,,1.6260623229461757
2025,14,401762442,G6,North Texas,home,1,5,0.5138282387190685,140,168,0.4545454545454545,Pass majority,,5.0
2025,14,401762442,G6,Temple,away,0,1,0.5146579804560261,117,114,0.5064935064935064,Run majority,,1.0
2025,14,401752786,P4,Georgia Tech,home,0,1,0.5630498533724341,170,134,0.5592105263157895,Run majority,,0.881578947368421
2025,14,401752786,P4,Georgia,away,1,4,0.5801952580195258,169,138,0.5504885993485342,Run majority,,4.100977198697068
2025,14,401760426,G6,New Mexico,home,1,1,0.5625990491283677,155,114,0.5762081784386617,Run majority,,1.0
2025,14,401760426,G6,San Diego State,away,0,5,0.6715927750410509,140,99,0.5857740585774058,Run majority,,5.0
2025,14,401760422,G6,Utah State,home,0,2,0.5197568389057751,126,169,0.4271186440677966,Pass majority,,2.0
2025,14,401760422,G6,Boise State,away,1,4,0.5580110497237569,213,161,0.56951871657754,Run majority,,4.0
2025,14,401752924,P4,Purdue,home,0,1,0.4690966719492868,127,122,0.5100401606425703,Run majority,,1.0
2025,14,401752924,P4,Indiana,away,1,5,0.6037735849056604,147,122,0.5464684014869888,Run majority,,5.0
2025,14,401752792,P4,Texas,home,1,4,0.5020979020979021,148,141,0.5121107266435986,Run majority,,4.024221453287197
2025,14,401752792,P4,Texas A&M,away,0,2,0.5635036496350365,169,168,0.5014836795252225,Run majority,,1.997032640949555
2025,14,401756961,P4,Arizona State,home,0,3,0.5567567567567567,173,157,0.5242424242424243,Run majority,,3.048484848484849
2025,14,401756961,P4,Arizona,away,1,3,0.5103857566765578,135,157,0.4623287671232877,Pass majority,,3.0753424657534247
2025,14,401752790,P4,South Carolina,home,0,3,0.559748427672956,147,135,0.5212765957446809,Run majority,,3.0
2025,14,401752790,P4,Clemson,away,1,3,0.4658753709198813,118,141,0.4555984555984556,Pass majority,,3.0
2025,14,401752921,P4,Michigan,home,0,3,0.6119610570236439,181,164,0.5246376811594203,Run majority,,3.0492753623188404
2025,14,401752921,P4,Ohio State,away,1,3,0.5405405405405406,133,143,0.4818840579710144,Pass majority,,3.036231884057971
2025,14,401756968,P4,West Virginia,home,0,1,0.6222222222222222,163,97,0.6269230769230769,Run majority,,1.0
2025,14,401756968,P4,Texas Tech,away,1,5,0.5327978580990629,116,113,0.5065502183406113,Run majority,,5.0
2025,14,401762872,G6,Central Michigan,home,0,2,0.7023026315789473,164,70,0.7008547008547008,Run majority,,2.0
2025,14,401762872,G6,Toledo,away,1,4,0.5288753799392097,116,109,0.5155555555555555,Run majority,,4.0
2025,14,401762875,G6,Miami (OH),home,1,6,0.5686274509803921,175,156,0.5287009063444109,Run majority,,6.0
2025,14,401762875,G6,Ball State,away,0,0,0.6129032258064516,130,106,0.5508474576271186,Run majority,,0.0
2025,14,401756966,P4,Oklahoma State,home,0,2,0.5288611544461779,102,125,0.4493392070484581,Pass majority,,2.0
2025,14,401756966,P4,Iowa State,away,1,4,0.5615050651230101,192,150,0.5614035087719298,Run majority,,4.0
2025,14,401762519,G6,Florida Atlantic,home,0,2,0.3816793893129771,113,174,0.3937282229965156,Pass majority,,2.2125435540069684
2025,14,401762519,G6,East Carolina,away,1,4,0.5485122897800776,137,126,0.5209125475285171,Run majority,,4.0418250950570345
2025,14,401754611,P4,Pittsburgh,home,0,2,0.4935437589670014,117,160,0.4223826714801444,Pass majority,,2.0
2025,14,401754611,P4,Miami,away,1,4,0.5372023809523809,141,156,0.4747474747474747,Pass majority,,4.0
2025,14,401756965,P4,Kansas State,home,1,4,0.5398373983739837,183,172,0.5154929577464789,Run majority,,4.030985915492957
2025,14,401756965,P4,Colorado,away,0,2,0.5349162011173184,141,135,0.5108695652173914,Run majority,,1.9782608695652173
2025,14,401752787,P4,Louisville,home,1,5,0.4758190327613104,137,165,0.4536423841059602,Pass majority,,5.0
2025,14,401752787,P4,Kentucky,away,0,1,0.5381231671554252,150,132,0.5319148936170213,Run majority,,1.0
2025,14,401756962,P4,Baylor,home,0,2,0.4480946123521682,133,170,0.4389438943894389,Pass majority,,2.0
2025,14,401756962,P4,Houston,away,1,4,0.5918958031837916,170,134,0.5592105263157895,Run majority,,4.0
2025,14,401756963,P4,BYU,home,1,6,0.5712187958883994,152,126,0.5467625899280576,Run majority,,6.0
2025,14,401756963,P4,UCF,away,0,0,0.4992592592592592,136,134,0.5037037037037037,Run majority,,0.0
2025,14,401757311,G6,Sam Houston,home,0,1,0.4833091436865022,115,146,0.4406130268199233,Pass majority,,1.0
2025,14,401757311,G6,Florida International,away,1,4,0.5407725321888412,170,156,0.5214723926380368,Run majority,,4.0
2025,14,401757310,G6,Delaware,home,1,2,0.4241610738255033,144,200,0.4186046511627907,Pass majority,,2.1627906976744184
2025,14,401757310,G6,UTEP,away,0,4,0.4817629179331307,144,137,0.5124555160142349,Run majority,,4.02491103202847
2025,14,401761663,G6,Marshall,home,0,6,0.5994397759103641,241,170,0.5863746958637469,Run majority,,6.0
2025,14,401761663,G6,Georgia Southern,away,1,0,0.5045045045045045,129,134,0.4904942965779467,Pass majority,,0.0
2025,14,401761664,G6,Old Dominion,home,1,6,0.6171171171171171,134,91,0.5955555555555555,Run majority,,6.0
2025,14,401761664,G6,Georgia State,away,0,0,0.4269662921348314,155,155,0.5,Balanced,,0.0
2025,14,401757314,G6,Missouri State,home,0,2,0.4901664145234493,131,182,0.4185303514376997,Pass majority,,2.0
2025,14,401757314,G6,Louisiana Tech,away,1,4,0.6077844311377245,136,119,0.5333333333333333,Run majority,,4.0
2025,14,401757312,G6,Jacksonville State,home,1,4,0.6732954545454546,248,115,0.6831955922865014,Run majority,,4.366391184573002
2025,14,401757312,G6,Western Kentucky,away,0,2,0.4438122332859175,145,247,0.3698979591836734,Pass majority,,2.260204081632653
2025,14,401761661,G6,App State,home,0,5,0.4337517433751743,134,158,0.4589041095890411,Pass majority,,4.917808219178082
2025,14,401761661,G6,Arkansas State,away,1,1,0.4694148936170212,129,157,0.451048951048951,Pass majority,,1.097902097902098
2025,14,401761667,G6,Texas State,home,1,3,0.5986013986013986,212,160,0.5698924731182796,Run majority,,3.139784946236559
2025,14,401761667,G6,South Alabama,away,0,3,0.6321678321678321,196,134,0.593939393939394,Run majority,,2.812121212121212
2025,14,401757315,G6,New Mexico State,home,0,3,0.430635838150289,124,179,0.4092409240924092,Pass majority,,3.0
2025,14,401757315,G6,Middle Tennessee,away,1,3,0.3823529411764705,109,170,0.3906810035842294,Pass majority,,3.0
2025,14,401761665,G6,Louisiana,home,1,2,0.608359133126935,196,124,0.6125,Run majority,,2.0
2025,14,401761665,G6,UL Monroe,away,0,4,0.5850340136054422,110,69,0.6145251396648045,Run majority,,4.0
2025,14,401762517,G6,Tulsa,home,0,5,0.5318302387267905,132,149,0.4697508896797153,Pass majority,,4.93950177935943
2025,14,401762517,G6,UAB,away,1,1,0.4358974358974359,110,109,0.502283105022831,Run majority,,0.995433789954338
2025,14,401754608,P4,Syracuse,home,0,1,0.5035063113604488,100,102,0.495049504950495,Pass majority,,1.0
2025,14,401754608,P4,Boston College,away,1,5,0.4426934097421203,160,166,0.4907975460122699,Pass majority,,5.0
2025,14,401752920,P4,Rutgers,home,0,1,0.54,146,181,0.4464831804281345,Pass majority,,1.0
2025,14,401752920,P4,Penn State,away,1,5,0.5902439024390244,162,93,0.6352941176470588,Run majority,,5.0
2025,14,401752783,P4,Arkansas,home,0,1,0.5190839694656488,168,135,0.5544554455445545,Run majority,,1.0
2025,14,401752783,P4,Missouri,away,1,5,0.5882352941176471,197,142,0.5811209439528023,Run majority,,5.0
2025,14,401762441,G6,UTSA,home,0,4,0.5051094890510949,130,140,0.4814814814814814,Pass majority,,4.0
2025,14,401762441,G6,Army,away,1,2,0.869983948635634,219,25,0.8975409836065574,Run majority,,2.0
2025,14,401752918,P4,Minnesota,home,1,4,0.4463087248322148,107,170,0.3862815884476534,Pass majority,,4.227436823104693
2025,14,401752918,P4,Wisconsin,away,0,2,0.6171875,170,124,0.5782312925170068,Run majority,,2.1564625850340136
2025,14,401752917,P4,Washington,home,0,1,0.5559055118110237,167,153,0.521875,Run majority,,1.0
2025,14,401752917,P4,Oregon,away,1,5,0.5681470137825421,153,136,0.5294117647058824,Run majority,,5.0
2025,14,401756967,P4,TCU,home,1,5,0.4703328509406657,149,207,0.4185393258426966,Pass majority,,5.162921348314606
2025,14,401756967,P4,Cincinnati,away,0,1,0.524671052631579,129,119,0.5201612903225806,Run majority,,1.0403225806451613
2025,14,401754610,P4,Duke,home,1,2,0.462797619047619,143,146,0.4948096885813148,Pass majority,,2.0
2025,14,401754610,P4,Wake Forest,away,0,4,0.5393939393939394,181,163,0.5261627906976745,Run majority,,4.0
2025,14,401752789,P4,Oklahoma,home,1,3,0.5213414634146342,146,185,0.4410876132930513,Pass majority,,2.882175226586103
2025,14,401752789,P4,LSU,away,0,3,0.4545454545454545,133,211,0.3866279069767442,Pass majority,,3.226744186046512
2025,14,401752791,P4,Tennessee,home,0,3,0.5405405405405406,124,156,0.4428571428571428,Pass majority,,3.0
2025,14,401752791,P4,Vanderbilt,away,1,3,0.5080385852090032,123,116,0.5146443514644351,Run majority,,3.0
2025,14,401757313,G6,Liberty,home,0,3,0.6116071428571429,202,115,0.637223974763407,Run majority,,3.274447949526814
2025,14,401757313,G6,Kennesaw State,away,1,3,0.5687679083094556,165,121,0.5769230769230769,Run majority,,2.8461538461538463
2025,14,401761666,G6,Southern Miss,home,0,5,0.5198300283286119,128,113,0.5311203319502075,Run majority,,5.0
2025,14,401761666,G6,Troy,away,1,1,0.5335365853658537,149,138,0.519163763066202,Run majority,,1.0
2025,14,401761662,G6,Coastal Carolina,home,0,2,0.5699088145896657,118,98,0.5462962962962963,Run majority,,2.0
2025,14,401761662,G6,James Madison,away,1,4,0.6273115220483642,208,168,0.5531914893617021,Run majority,,4.0
2025,14,401752785,P4,Florida,home,1,3,0.4902597402597403,137,170,0.4462540716612377,Pass majority,,3.1074918566775245
2025,14,401752785,P4,Florida State,away,0,3,0.5895627644569816,188,113,0.6245847176079734,Run majority,,3.249169435215947
2025,14,401752946,G6,Washington State,home,1,3,0.5317829457364341,139,146,0.487719298245614,Pass majority,,2.975438596491228
2025,14,401752946,G6,Oregon State,away,0,3,0.4786931818181818,119,97,0.5509259259259259,Run majority,,2.898148148148148
2025,14,401752923,P4,Michigan State,home,1,1,0.5125786163522013,131,141,0.4816176470588235,Pass majority,,1.0367647058823528
2025,14,401752923,P4,Maryland,away,0,4,0.3811728395061728,116,158,0.4233576642335766,Pass majority,,3.846715328467153
2025,14,401762520,G6,South Florida,home,1,4,0.5588652482269504,148,139,0.5156794425087108,Run majority,,4.031358885017422
2025,14,401762520,G6,Rice,away,0,2,0.7518684603886397,220,61,0.7829181494661922,Run majority,,1.4341637010676156
2025,14,401754613,P4,Virginia,home,1,6,0.5249307479224377,177,192,0.4796747967479675,Pass majority,,6.0
2025,14,401754613,P4,Virginia Tech,away,0,0,0.5833333333333334,172,126,0.5771812080536913,Run majority,,0.0
2025,14,401754612,P4,NC State,home,1,3,0.5015432098765432,140,159,0.4682274247491639,Pass majority,,3.063545150501672
2025,14,401754612,P4,North Carolina,away,0,3,0.4923857868020304,119,130,0.4779116465863454,Pass majority,,2.9558232931726907
2025,14,401752784,P4,Auburn,home,0,4,0.564963503649635,172,158,0.5212121212121212,Run majority,,4.042424242424243
2025,14,401752784,P4,Alabama,away,1,2,0.4734513274336283,143,171,0.4554140127388535,Pass majority,,2.089171974522293
2025,14,401752919,P4,USC,home,1,6,0.5054794520547945,167,185,0.4744318181818182,Pass majority,,6.0
2025,14,401752919,P4,UCLA,away,0,0,0.5185735512630015,110,104,0.514018691588785,Run majority,,0.0
2025,14,401752922,P4,Illinois,home,1,4,0.5356037151702786,125,146,0.4612546125461255,Pass majority,,4.07749077490775
2025,14,401752922,P4,Northwestern,away,0,2,0.5615141955835962,160,132,0.547945205479452,Run majority,,2.095890410958904
2025,14,401762518,G6,Tulane,home,1,5,0.5464632454923717,146,140,0.5104895104895105,Run majority,,5.0
2025,14,401762518,G6,Charlotte,away,0,1,0.4831460674157303,108,112,0.4909090909090909,Pass majority,,1.0
2025,14,401754609,P4,California,home,1,1,0.4258160237388724,117,208,0.36,Pass majority,,1.0
2025,14,401754609,P4,SMU,away,0,5,0.4572713643178411,116,174,0.4,Pass majority,,5.0
2025,14,401760425,G6,Nevada,home,0,2,0.5738539898132428,113,84,0.5736040609137056,Run majority,,2.0
2025,14,401760425,G6,UNLV,away,1,4,0.5352323838080959,104,128,0.4482758620689655,Pass majority,,4.0
2025,14,401754614,P4,Stanford,home,0,1,0.5077138849929874,168,165,0.5045045045045045,Run majority,,1.0
2025,14,401754614,P4,Notre Dame,away,1,5,0.5766961651917404,174,130,0.5723684210526315,Run majority,,5.0
2025,14,401760423,G6,San José State,home,0,3,0.3785714285714285,112,175,0.3902439024390244,Pass majority,,2.7804878048780486
2025,14,401760423,G6,Fresno State,away,1,3,0.5340557275541795,174,126,0.58,Run majority,,2.84
2025,14,401760424,G6,Hawai'i,home,1,3,0.4062059238363892,113,215,0.3445121951219512,Pass majority,,3.3109756097560976
2025,14,401760424,G6,Wyoming,away,0,3,0.5023183925811437,137,125,0.5229007633587787,Run majority,,3.0458015267175576
2025,15,401777325,G6,Jacksonville State,home,0,6,0.6761658031088082,265,121,0.6865284974093264,Run majority,,6.0
2025,15,401777325,G6,Kennesaw State,away,1,0,0.5764705882352941,189,134,0.5851393188854489,Run majority,,0.0
2025,15,401777352,G6,James Madison,home,1,5,0.6326002587322122,215,173,0.5541237113402062,Run majority,,5.0
2025,15,401777352,G6,Troy,away,0,0,0.532235939643347,169,158,0.5168195718654435,Run majority,,0.0
2025,15,401777326,G6,Boise State,home,1,3,0.5494505494505495,238,190,0.5560747663551402,Run majority,,3.0
2025,15,401777326,G6,UNLV,away,0,3,0.5401662049861495,113,134,0.4574898785425101,Pass majority,,3.0
2025,15,401777324,G6,Tulane,home,1,3,0.539622641509434,156,146,0.5165562913907285,Run majority,,3.033112582781457
2025,15,401777324,G6,North Texas,away,0,3,0.5233022636484687,147,175,0.4565217391304347,Pass majority,,3.0869565217391304
2025,15,401777327,P4,Texas Tech,home,1,3,0.5374554102259215,125,128,0.4940711462450592,Pass majority,,3.0
2025,15,401777327,P4,BYU,away,0,1,0.5750670241286864,167,136,0.5511551155115512,Run majority,,1.0
2025,15,401777329,G6,Western Michigan,home,1,1,0.6541666666666667,199,114,0.6357827476038339,Run majority,,0.7284345047923322
2025,15,401777329,G6,Miami (OH),away,0,4,0.5752212389380531,185,168,0.5240793201133145,Run majority,,4.048158640226629
2025,15,401777351,P4,Alabama,home,0,2,0.4780292942743009,154,187,0.4516129032258064,Pass majority,,2.0
2025,15,401777351,P4,Georgia,away,1,3,0.5892857142857143,198,149,0.5706051873198847,Run majority,,3.0
2025,15,401777328,P4,Virginia,home,0,5,0.529192546583851,190,204,0.482233502538071,Pass majority,,5.0
2025,15,401777328,P4,Duke,away,1,0,0.4691689008042895,158,163,0.4922118380062305,Pass majority,,0.0
2025,15,401777353,P4,Ohio State,home,0,3,0.5512820512820513,150,165,0.4761904761904761,Pass majority,,3.0476190476190474
2025,15,401777353,P4,Indiana,away,1,2,0.6096904441453567,160,131,0.5498281786941581,Run majority,,2.099656357388316
2025,16,401762521,G6,Navy,home,1,3,0.7776,240,72,0.7692307692307693,Run majority,,3.0
2025,16,401762521,G6,Army,away,0,2,0.8654970760233918,250,30,0.8928571428571429,Run majority,,2.0
2026,2,401858214,P4,Boston College,home,1,5,0.5205479452054794,10,7,,Missing,Fewer than 30 prior close-score plays,
2026,2,401858214,P4,Rutgers,away,0,1,0.3968253968253968,10,8,,Missing,Fewer than 30 prior close-score plays,
2026,2,401856679,P4,Michigan,home,1,2,0.5208333333333334,17,14,0.5483870967741935,Run majority,,2.0
2026,2,401856679,P4,Oklahoma,away,0,4,0.6724137931034483,9,3,,Missing,Fewer than 30 prior close-score plays,
2026,2,401856782,P4,Oklahoma State,home,1,1,0.4302325581395348,22,25,0.4680851063829787,Pass majority,,1.0
2026,2,401856782,P4,Oregon,away,0,5,0.3968253968253968,15,27,0.3571428571428571,Pass majority,,5.0
2026,2,401858217,P4,Illinois,home,0,3,0.6046511627906976,14,9,,Missing,Fewer than 30 prior close-score plays,
2026,2,401858217,P4,Duke,away,1,3,0.6363636363636364,22,10,0.6875,Run majority,,3.375
2026,2,401862708,G6,UAB,home,1,3,0.6075949367088608,14,8,,Missing,Fewer than 30 prior close-score plays,
2026,2,401862708,G6,UL Monroe,away,0,3,0.5882352941176471,1,3,,Missing,Fewer than 30 prior close-score plays,
2026,2,401862705,G6,North Texas,home,1,2,0.5671641791044776,5,7,,Missing,Fewer than 30 prior close-score plays,
2026,2,401862705,G6,UNLV,away,0,4,0.6,45,39,0.5357142857142857,Run majority,,4.0
2026,2,401866418,G6,Ohio,home,1,4,0.5076923076923077,18,21,0.4615384615384615,Pass majority,,4.0
2026,2,401866418,G6,Jacksonville State,away,0,1,0.5740740740740741,11,9,,Missing,Fewer than 30 prior close-score plays,
2026,2,401860881,G6,Boise State,home,1,2,0.5538461538461539,23,19,0.5476190476190477,Run majority,,2.0
2026,2,401860881,G6,Memphis,away,0,4,0.6666666666666666,48,30,0.6153846153846154,Run majority,,4.0
2026,2,401862707,G6,Sam Houston,home,0,3,0.3428571428571428,13,33,0.2826086956521739,Pass majority,,3.4347826086956523
2026,2,401862707,G6,Tulsa,away,1,3,0.5789473684210527,18,15,0.5454545454545454,Run majority,,3.090909090909091
2026,2,401856682,P4,Texas,home,1,2,0.5142857142857142,4,7,,Missing,Fewer than 30 prior close-score plays,
2026,2,401856682,P4,Ohio State,away,0,4,0.4861111111111111,8,11,,Missing,Fewer than 30 prior close-score plays,
2026,2,401860883,G6,Fresno State,home,1,2,0.6590909090909091,8,6,,Missing,Fewer than 30 prior close-score plays,
2026,2,401860883,G6,Sacramento State,away,0,4,0.2698412698412698,6,15,,Missing,Fewer than 30 prior close-score plays,
2026,2,401864578,G6,Hawai'i,home,1,4,0.3642384105960264,19,40,0.3220338983050847,Pass majority,,3.6440677966101696
2026,2,401864578,G6,New Mexico State,away,0,2,0.3484848484848485,7,15,,Missing,Fewer than 30 prior close-score plays,
2026,3,401858225,P4,Pittsburgh,home,1,6,0.5034013605442177,24,33,0.4210526315789473,Pass majority,,6.0
2026,3,401858225,P4,Syracuse,away,0,0,0.4137931034482758,23,33,0.4107142857142857,Pass majority,,0.0
2026,3,401858226,P4,Wake Forest,home,0,3,0.5441176470588235,36,32,0.5294117647058824,Run majority,,3.0588235294117645
2026,3,401858226,P4,Miami,away,1,3,0.4776119402985074,2,6,,Missing,Fewer than 30 prior close-score plays,
2026,3,401856811,P4,Texas Tech,home,1,3,0.6266666666666667,26,26,0.5,Balanced,,3.0
2026,3,401856811,P4,Houston,away,0,3,0.5694444444444444,15,16,0.4838709677419355,Pass majority,,2.967741935483871
2026,3,401869940,G6,Delaware,home,1,5,0.5294117647058824,7,12,,Missing,Fewer than 30 prior close-score plays,
2026,3,401869940,G6,Coastal Carolina,away,0,0,0.421875,5,7,,Missing,Fewer than 30 prior close-score plays,
2026,3,401860889,G6,Texas State,home,1,1,0.6066666666666667,40,29,0.5797101449275363,Run majority,,1.0
2026,3,401860889,G6,North Texas,away,0,5,0.5671641791044776,8,18,,Missing,Fewer than 30 prior close-score plays,
2026,3,401856812,P4,Kansas,home,0,1,0.5373134328358209,16,15,0.5161290322580645,Run majority,,1.0
2026,3,401856812,P4,Arizona State,away,1,4,0.4603174603174603,17,26,0.3953488372093023,Pass majority,,4.0
2026,3,401856686,P4,Arkansas,home,0,1,0.3684210526315789,8,15,,Missing,Fewer than 30 prior close-score plays,
2026,3,401856686,P4,Georgia,away,1,5,0.5833333333333334,2,2,,Missing,Fewer than 30 prior close-score plays,
2026,3,401858229,P4,Clemson,home,1,4,0.5327868852459017,19,16,0.5428571428571428,Run majority,,3.9142857142857146
2026,3,401858229,P4,North Carolina,away,0,2,0.5087719298245614,18,23,0.4390243902439024,Pass majority,,1.8780487804878048
2026,3,401856695,P4,Vanderbilt,home,1,6,0.5507246376811594,14,11,,Missing,Fewer than 30 prior close-score plays,
2026,3,401856695,P4,NC State,away,0,0,0.4705882352941176,2,6,,Missing,Fewer than 30 prior close-score plays,
2026,3,401864508,G6,Central Michigan,home,1,4,0.6666666666666666,3,3,,Missing,Fewer than 30 prior close-score plays,
2026,3,401864508,G6,Wyoming,away,0,2,0.6415094339622641,25,18,0.5813953488372093,Run majority,,2.0
2026,3,401862774,G6,Toledo,home,1,3,0.4878048780487805,7,8,,Missing,Fewer than 30 prior close-score plays,
2026,3,401862774,G6,Temple,away,0,2,0.6,18,16,0.5294117647058824,Run majority,,2.0
2026,3,401858457,P4,Rutgers,home,0,1,0.5038167938931297,21,11,0.65625,Run majority,,1.0
2026,3,401858457,P4,USC,away,1,5,0.5441860465116279,50,43,0.5376344086021505,Run majority,,5.0
2026,3,401858230,P4,Louisville,home,1,3,0.5735294117647058,26,19,0.5777777777777777,Run majority,,3.0
2026,3,401858230,P4,SMU,away,0,3,0.4626865671641791,20,26,0.4347826086956521,Pass majority,,3.0
2026,3,401856694,P4,Texas A&M,home,0,6,0.5655172413793104,29,28,0.5087719298245614,Run majority,,6.0
2026,3,401856694,P4,Kentucky,away,1,0,0.5,19,18,0.5135135135135135,Run majority,,0.0
2026,3,401856685,P4,Alabama,home,1,5,0.6153846153846154,32,27,0.5423728813559322,Run majority,,5.0
2026,3,401856685,P4,Florida State,away,0,1,0.6268656716417911,53,31,0.6309523809523809,Run majority,,1.0
2026,3,401858231,P4,Duke,home,1,5,0.6268656716417911,36,19,0.6545454545454545,Run majority,,5.0
2026,3,401858231,P4,Stanford,away,0,1,0.4452554744525547,27,26,0.5094339622641509,Run majority,,1.0
2026,3,401866422,G6,Liberty,home,1,5,0.5846153846153846,18,8,,Missing,Fewer than 30 prior close-score plays,
2026,3,401866422,G6,Ball State,away,0,0,0.3833333333333333,3,6,,Missing,Fewer than 30 prior close-score plays,
2026,3,401856691,P4,South Carolina,home,0,4,0.5416666666666666,12,10,,Missing,Fewer than 30 prior close-score plays,
2026,3,401856691,P4,Mississippi State,away,1,2,0.564625850340136,13,14,,Missing,Fewer than 30 prior close-score plays,
2026,3,401864574,G6,App State,home,1,4,0.6111111111111112,23,17,0.575,Run majority,,3.85
2026,3,401864574,G6,Charlotte,away,0,2,0.5409836065573771,5,5,,Missing,Fewer than 30 prior close-score plays,
2026,3,401862710,G6,Old Dominion,home,0,3,0.5961538461538461,2,1,,Missing,Fewer than 30 prior close-score plays,
2026,3,401862710,G6,East Carolina,away,1,2,0.504424778761062,17,13,0.5666666666666667,Run majority,,1.8666666666666667
2026,3,401862771,G6,Florida Atlantic,home,1,3,0.4880952380952381,13,33,0.2826086956521739,Pass majority,,3.4347826086956523
2026,3,401862771,G6,Florida International,away,0,3,0.423841059602649,23,41,0.359375,Pass majority,,2.71875
2026,3,401871047,G6,Missouri State,home,0,1,0.575,1,8,,Missing,Fewer than 30 prior close-score plays,
2026,3,401871047,G6,Marshall,away,1,4,0.5565217391304348,23,14,0.6216216216216216,Run majority,,4.0
2026,3,401856687,P4,Auburn,home,0,3,0.5714285714285714,36,30,0.5454545454545454,Run majority,,3.0
2026,3,401856687,P4,Florida,away,1,3,0.6119402985074627,6,4,,Missing,Fewer than 30 prior close-score plays,
2026,3,401869948,G6,Jacksonville State,home,1,3,0.6111111111111112,33,28,0.5409836065573771,Run majority,,3.0
2026,3,401869948,G6,Georgia Southern,away,0,3,0.2727272727272727,2,7,,Missing,Fewer than 30 prior close-score plays,
2026,3,401862773,G6,Rice,home,0,2,0.7391304347826086,4,2,,Missing,Fewer than 30 prior close-score plays,
2026,3,401862773,G6,Western Michigan,away,1,4,0.6865671641791045,25,18,0.5813953488372093,Run majority,,4.0
2026,3,401866423,G6,South Alabama,home,1,3,0.5555555555555556,26,24,0.52,Run majority,,2.96
2026,3,401866423,G6,Ohio,away,0,2,0.6030534351145038,26,27,0.490566037735849,Pass majority,,1.981132075471698
2026,3,401864443,G6,Middle Tennessee,home,1,2,0.3188405797101449,18,29,0.3829787234042553,Pass majority,,2.0
2026,3,401864443,G6,Nevada,away,0,4,0.7241379310344828,12,9,,Missing,Fewer than 30 prior close-score plays,
2026,3,401858453,P4,Notre Dame,home,1,4,0.5079365079365079,19,23,0.4523809523809524,Pass majority,,3.9047619047619047
2026,3,401858453,P4,Michigan State,away,0,2,0.6103896103896104,44,31,0.5866666666666667,Run majority,,1.8266666666666669
2026,3,401856688,P4,Ole Miss,home,1,1,0.4779411764705882,37,34,0.5211267605633803,Run majority,,1.0
2026,3,401856688,P4,LSU,away,0,5,0.5674157303370787,33,17,0.66,Run majority,,5.0
2026,3,401858232,P4,Maryland,home,0,5,0.4615384615384615,13,20,0.3939393939393939,Pass majority,,5.0
2026,3,401858232,P4,Virginia Tech,away,1,0,0.4883720930232558,11,13,,Missing,Fewer than 30 prior close-score plays,
2026,3,401856802,P4,Virginia,home,0,3,0.8382352941176471,13,1,,Missing,Fewer than 30 prior close-score plays,
2026,3,401856802,P4,West Virginia,away,1,2,0.8133333333333334,10,4,,Missing,Fewer than 30 prior close-score plays,
2026,3,401862776,G6,Louisiana,home,1,4,0.5769230769230769,4,2,,Missing,Fewer than 30 prior close-score plays,
2026,3,401862776,G6,UAB,away,0,2,0.6802721088435374,36,18,0.6666666666666666,Run majority,,2.0
2026,3,401860887,G6,San Diego State,home,0,2,0.6785714285714286,22,11,0.6666666666666666,Run majority,,2.0
2026,3,401860887,G6,James Madison,away,1,3,0.6326530612244898,17,7,,Missing,Fewer than 30 prior close-score plays,
2026,3,401864507,G6,Sacramento State,home,0,1,0.3984375,13,25,0.3421052631578947,Pass majority,,1.0
2026,3,401864507,G6,North Dakota State,away,1,5,0.6377952755905512,33,27,0.55,Run majority,,5.0
2026,3,401860888,G6,San José State,home,0,2,0.4511278195488721,21,30,0.4117647058823529,Pass majority,,2.0
2026,3,401860888,G6,Fresno State,away,1,4,0.5794392523364486,17,17,0.5,Balanced,,4.0
2026,3,401858458,P4,UCLA,home,1,5,0.625,40,40,0.5,Balanced,,5.0
2026,3,401858458,P4,Purdue,away,0,1,0.4878048780487805,10,12,,Missing,Fewer than 30 prior close-score plays,
2026,4,401869941,G6,Coastal Carolina,home,0,3,0.496,22,27,0.4489795918367347,Pass majority,,2.897959183673469
2026,4,401869941,G6,Liberty,away,1,3,0.6046511627906976,31,19,0.62,Run majority,,2.76
2026,4,401862779,G6,Temple,home,0,4,0.6456692913385826,49,30,0.620253164556962,Run majority,,4.240506329113924
2026,4,401862779,G6,Army,away,1,2,0.8225806451612904,34,6,0.85,Run majority,,1.3
2026,4,401862778,G6,UAB,home,1,4,0.6390243902439025,42,25,0.6268656716417911,Run majority,,3.746268656716418
2026,4,401862778,G6,Navy,away,0,2,0.6166666666666667,12,7,,Missing,Fewer than 30 prior close-score plays,
2026,4,401858461,P4,Indiana,home,1,4,0.6339285714285714,21,19,0.525,Run majority,,4.0
2026,4,401858461,P4,Northwestern,away,0,2,0.6986301369863014,18,6,,Missing,Fewer than 30 prior close-score plays,
2026,4,401858234,P4,California,home,0,3,0.4489795918367347,41,49,0.4555555555555555,Pass majority,,3.0
2026,4,401858234,P4,Clemson,away,1,3,0.5372340425531915,30,27,0.5263157894736842,Run majority,,3.0
2026,4,401856704,P4,Tennessee,home,0,3,0.6466165413533834,27,22,0.5510204081632653,Run majority,,3.1020408163265305
2026,4,401856704,P4,Texas,away,1,3,0.5411255411255411,17,22,0.4358974358974359,Pass majority,,3.128205128205128
2026,4,401856813,P4,Baylor,home,1,4,0.5329341317365269,40,38,0.5128205128205128,Run majority,,3.9743589743589753
2026,4,401856813,P4,Colorado,away,0,2,0.5942028985507246,45,24,0.6521739130434783,Run majority,,2.3043478260869565
2026,4,401858242,P4,Boston College,home,0,2,0.5223880597014925,17,11,,Missing,Fewer than 30 prior close-score plays,
2026,4,401858242,P4,Virginia Tech,away,1,4,0.484472049689441,25,30,0.4545454545454545,Pass majority,,4.090909090909091
2026,4,401858465,P4,Ohio State,home,1,6,0.5174129353233831,23,29,0.4423076923076923,Pass majority,,6.0
2026,4,401858465,P4,Illinois,away,0,0,0.5225225225225225,36,32,0.5294117647058824,Run majority,,0.0
2026,4,401860896,G6,UTSA,home,1,5,0.4545454545454545,30,32,0.4838709677419355,Pass majority,,5.0
2026,4,401860896,G6,Colorado State,away,0,1,0.4318181818181818,18,28,0.391304347826087,Pass majority,,1.0
2026,4,401864512,G6,Akron,home,0,2,0.4418604651162791,6,11,,Missing,Fewer than 30 prior close-score plays,
2026,4,401864512,G6,UNLV,away,1,4,0.5801886792452831,50,44,0.5319148936170213,Run majority,,4.0638297872340425
2026,4,401866425,G6,Kent State,home,1,2,0.5728155339805825,9,9,,Missing,Fewer than 30 prior close-score plays,
2026,4,401866425,G6,Ball State,away,0,4,0.5,10,16,,Missing,Fewer than 30 prior close-score plays,
2026,4,401860893,G6,Toledo,home,1,4,0.3846153846153846,22,22,0.5,Balanced,,4.0
2026,4,401860893,G6,San Diego State,away,0,1,0.6165413533834586,28,14,0.6666666666666666,Run majority,,1.0
2026,4,401858243,P4,Louisville,home,0,5,0.59375,52,35,0.5977011494252874,Run majority,,5.0
2026,4,401858243,P4,Wake Forest,away,1,1,0.4545454545454545,43,39,0.524390243902439,Run majority,,1.0
2026,4,401858462,P4,Maryland,home,0,3,0.4014084507042254,16,22,0.4210526315789473,Pass majority,,3.1578947368421053
2026,4,401858462,P4,UCLA,away,1,3,0.615,68,61,0.5271317829457365,Run majority,,3.054263565891473
2026,4,401858467,P4,Purdue,home,0,2,0.4822695035460992,17,26,0.3953488372093023,Pass majority,,2.0
2026,4,401858467,P4,Notre Dame,away,1,4,0.5544041450777202,44,41,0.5176470588235295,Run majority,,4.0
2026,4,401864511,G6,Georgia State,home,1,4,0.5324675324675324,30,20,0.6,Run majority,,4.0
2026,4,401864511,G6,Northern Illinois,away,0,2,0.4508196721311475,9,22,0.2903225806451613,Pass majority,,2.0
2026,4,401864510,G6,Wyoming,home,1,2,0.5535714285714286,32,23,0.5818181818181818,Run majority,,2.163636363636364
2026,4,401864510,G6,Hawai'i,away,0,4,0.3632286995515695,30,61,0.3296703296703296,Pass majority,,4.340659340659341
2026,4,401856815,P4,UCF,home,1,3,0.5636363636363636,27,31,0.4655172413793103,Pass majority,,2.931034482758621
2026,4,401856815,P4,TCU,away,0,3,0.5611510791366906,52,42,0.5531914893617021,Run majority,,2.8936170212765955
2026,4,401856816,P4,Iowa State,home,0,3,0.6837606837606838,35,20,0.6363636363636364,Run majority,,3.2727272727272725
2026,4,401856816,P4,Utah,away,1,3,0.5220588235294118,18,17,0.5142857142857142,Run majority,,2.9714285714285715
2026,4,401858463,P4,Michigan,home,0,1,0.6136363636363636,66,47,0.584070796460177,Run majority,,1.0
2026,4,401858463,P4,Iowa,away,1,5,0.4890510948905109,17,22,0.4358974358974359,Pass majority,,5.0
2026,4,401856700,P4,Georgia,home,1,5,0.6260162601626016,17,8,,Missing,Fewer than 30 prior close-score plays,
2026,4,401856700,P4,Oklahoma,away,0,1,0.5617977528089888,40,35,0.5333333333333333,Run majority,,1.0
2026,4,401864579,G6,New Mexico State,home,0,1,0.4090909090909091,17,27,0.3863636363636363,Pass majority,,1.0
2026,4,401864579,G6,New Mexico,away,1,5,0.6507936507936508,35,31,0.5303030303030303,Run majority,,5.0
2026,4,401860897,G6,Western Michigan,home,0,4,0.676923076923077,51,32,0.6144578313253012,Run majority,,3.771084337349397
2026,4,401860897,G6,Boise State,away,1,1,0.5928571428571429,46,39,0.5411764705882353,Run majority,,1.0823529411764703
2026,4,401856699,P4,Florida,home,1,6,0.6573426573426573,31,21,0.5961538461538461,Run majority,,6.0
2026,4,401856699,P4,Ole Miss,away,0,0,0.430622009569378,44,54,0.4489795918367347,Pass majority,,0.0
2026,4,401856698,P4,Auburn,home,1,4,0.5418502202643172,43,41,0.5119047619047619,Run majority,,4.0
2026,4,401856698,P4,Vanderbilt,away,0,2,0.4881889763779528,17,15,0.53125,Run majority,,2.0
2026,4,401862785,G6,Bowling Green,home,0,1,0.62,13,16,,Missing,Fewer than 30 prior close-score plays,
2026,4,401862785,G6,South Florida,away,1,5,0.5675675675675675,42,28,0.6,Run majority,,5.0
2026,4,401858464,P4,Michigan State,home,0,1,0.6080402010050251,51,33,0.6071428571428571,Run majority,,1.0
2026,4,401858464,P4,Nebraska,away,1,5,0.5428571428571428,36,33,0.5217391304347826,Run majority,,5.0
2026,4,401858466,P4,Penn State,home,0,5,0.6,26,20,0.5652173913043478,Run majority,,5.0
2026,4,401858466,P4,Wisconsin,away,1,1,0.4919354838709677,27,32,0.4576271186440678,Pass majority,,1.0
2026,4,401869961,G6,Old Dominion,home,0,3,0.646551724137931,37,17,0.6851851851851852,Run majority,,3.3703703703703702
2026,4,401869961,G6,James Madison,away,1,3,0.6341463414634146,27,16,0.627906976744186,Run majority,,2.744186046511628
2026,4,401862780,G6,Charlotte,home,0,2,0.4793388429752066,19,18,0.5135135135135135,Run majority,,2.0
2026,4,401862780,G6,Louisiana,away,1,3,0.664,29,9,0.7631578947368421,Run majority,,3.0
2026,4,401856814,P4,Cincinnati,home,1,2,0.5766423357664233,22,15,0.5945945945945946,Run majority,,2.0
2026,4,401856814,P4,Kansas State,away,0,4,0.5539568345323741,43,43,0.5,Balanced,,4.0
2026,4,401862784,G6,Tulane,home,1,5,0.5301204819277109,40,33,0.547945205479452,Run majority,,5.095890410958904
2026,4,401862784,G6,Southern Miss,away,0,1,0.3823529411764705,4,12,,Missing,Fewer than 30 prior close-score plays,
2026,4,401869931,G6,Arkansas State,home,1,3,0.5221238938053098,34,25,0.576271186440678,Run majority,,3.152542372881356
2026,4,401869931,G6,Kennesaw State,away,0,3,0.425,12,8,,Missing,Fewer than 30 prior close-score plays,
2026,4,401856696,P4,Alabama,home,1,6,0.5933014354066986,46,37,0.5542168674698795,Run majority,,6.0
2026,4,401856696,P4,South Carolina,away,0,0,0.5165562913907285,31,22,0.5849056603773585,Run majority,,0.0
2026,4,401856881,P4,West Virginia,home,0,5,0.7832167832167832,42,19,0.6885245901639344,Run majority,,5.0
2026,4,401856881,P4,Oklahoma State,away,1,1,0.4556213017751479,45,57,0.4411764705882353,Pass majority,,1.0
2026,4,401871048,G6,Jacksonville State,home,1,2,0.5828571428571429,38,29,0.5671641791044776,Run majority,,1.8656716417910448
2026,4,401871048,G6,Middle Tennessee,away,0,4,0.4411764705882353,38,50,0.4318181818181818,Pass majority,,3.863636363636364
2026,4,401860894,G6,Utah State,home,1,1,0.4821428571428571,16,17,0.4848484848484848,Pass majority,,1.0
2026,4,401860894,G6,Troy,away,0,5,0.5942028985507246,48,43,0.5274725274725275,Run majority,,5.0
2026,4,401858469,P4,USC,home,0,4,0.5323741007194245,64,61,0.512,Run majority,,4.0
2026,4,401858469,P4,Oregon,away,1,1,0.4508196721311475,26,40,0.3939393939393939,Pass majority,,1.0
2026,4,401856702,P4,LSU,home,1,4,0.5806451612903226,39,19,0.6724137931034483,Run majority,,4.0
2026,4,401856702,P4,Texas A&M,away,0,2,0.5109170305676856,51,46,0.5257731958762887,Run majority,,2.0
2026,4,401856703,P4,Mississippi State,home,1,2,0.5625,18,26,0.4090909090909091,Pass majority,,1.8181818181818183
2026,4,401856703,P4,Missouri,away,0,4,0.5847457627118644,33,30,0.5238095238095238,Run majority,,3.952380952380953
2026,4,401862782,G6,UL Monroe,home,0,2,0.6335877862595419,33,12,0.7333333333333333,Run majority,,2.466666666666667
2026,4,401862782,G6,Florida Atlantic,away,1,4,0.4808510638297872,31,59,0.3444444444444444,Pass majority,,4.311111111111111
2026,4,401866429,G6,Sacramento State,home,0,1,0.3948717948717948,14,27,0.3414634146341463,Pass majority,,1.0
2026,4,401866429,G6,Massachusetts,away,1,5,0.6507936507936508,12,10,,Missing,Fewer than 30 prior close-score plays,
2026,4,401860895,G6,UTEP,home,0,2,0.6796116504854369,15,8,,Missing,Fewer than 30 prior close-score plays,
2026,4,401860895,G6,Oregon State,away,1,4,0.3055555555555556,25,41,0.3787878787878788,Pass majority,,4.242424242424242
2026,4,401860891,G6,Fresno State,home,1,6,0.5771428571428572,33,35,0.4852941176470588,Pass majority,,6.0
2026,4,401860891,G6,Rice,away,0,0,0.7222222222222222,34,9,0.7906976744186046,Run majority,,0.0
2026,4,401858240,P4,Stanford,home,1,4,0.4256410256410256,37,36,0.5068493150684932,Run majority,,4.013698630136986
2026,4,401858240,P4,Georgia Tech,away,0,2,0.488,24,38,0.3870967741935484,Pass majority,,2.225806451612903
2026,4,401864509,G6,Nevada,home,0,4,0.6495726495726496,38,28,0.5757575757575758,Run majority,,4.0
2026,4,401864509,G6,Air Force,away,1,2,0.7727272727272727,3,0,,Missing,Fewer than 30 prior close-score plays,
2026,4,401858470,P4,Washington,home,0,5,0.4492753623188406,33,42,0.44,Pass majority,,5.0
2026,4,401858470,P4,Minnesota,away,1,1,0.3779527559055118,13,18,0.4193548387096774,Pass majority,,1.0
