season,game_id,team_id,all_run,all_drop,close_run,close_drop
2024,401628319,98,26,41,5,10
2024,401628319,333,44,19,5,3
2024,401628322,57,25,29,8,11
2024,401628322,2390,32,37,15,14
2024,401628323,61,26,34,11,22
2024,401628323,228,20,31,7,12
2024,401628324,96,22,18,14,10
2024,401628324,2572,10,21,7,12
2024,401628328,201,33,32,7,5
2024,401628328,218,30,31,4,3
2024,401628329,295,29,42,13,19
2024,401628329,2579,49,25,39,21
2024,401628331,36,31,24,8,8
2024,401628331,251,39,34,9,14
2024,401628332,87,32,30,20,25
2024,401628332,245,37,31,24,19
2024,401628333,238,45,18,20,5
2024,401628333,259,26,38,5,3
2024,401628334,30,21,39,11,20
2024,401628334,99,26,38,20,27
2024,401628335,58,40,39,28,24
2024,401628335,333,37,29,27,24
2024,401628336,8,44,49,17,11
2024,401628336,197,26,48,5,11
2024,401628337,2,26,30,16,19
2024,401628337,25,31,38,17,29
2024,401628340,96,41,22,15,10
2024,401628340,2579,28,19,18,12
2024,401628342,145,39,34,7,4
2024,401628342,2393,23,41,1,2
2024,401628343,9,53,21,18,11
2024,401628343,344,23,30,3,2
2024,401628344,142,40,41,9,12
2024,401628344,2084,29,23,8,9
2024,401628345,201,25,34,12,16
2024,401628345,248,32,32,17,17
2024,401628346,152,25,25,10,18
2024,401628346,2633,44,23,14,12
2024,401628347,130,20,34,6,5
2024,401628347,251,32,36,13,17
2024,401628350,275,39,33,9,13
2024,401628350,333,32,24,15,8
2024,401628351,5,34,32,25,16
2024,401628351,8,31,29,13,16
2024,401628352,2,38,26,22,16
2024,401628352,167,25,43,11,24
2024,401628353,57,23,30,3,2
2024,401628353,245,54,17,12,10
2024,401628354,61,29,24,17,20
2024,401628354,96,42,31,26,18
2024,401628355,145,42,35,10,6
2024,401628355,154,27,46,5,7
2024,401628356,344,22,43,4,5
2024,401628356,2649,45,27,11,12
2024,401628357,103,24,30,15,13
2024,401628357,142,40,30,16,12
2024,401628358,201,41,33,17,17
2024,401628358,2655,31,36,7,7
2024,401628359,99,30,42,14,18
2024,401628359,2579,36,25,20,12
2024,401628360,2309,31,14,3,3
2024,401628360,2633,54,26,2,5
2024,401628361,251,34,33,6,15
2024,401628361,2636,36,33,7,4
2024,401628362,238,29,35,14,14
2024,401628362,2247,33,41,18,23
2024,401628363,2,24,37,20,20
2024,401628363,8,51,30,29,24
2024,401628364,96,38,29,11,7
2024,401628364,195,32,19,4,4
2024,401628365,26,16,41,13,25
2024,401628365,99,27,44,18,30
2024,401628366,145,36,33,1,4
2024,401628366,290,32,34,1,0
2024,401628367,57,36,28,15,20
2024,401628367,344,53,36,13,10
2024,401628368,142,37,40,24,22
2024,401628368,238,33,24,20,12
2024,401628369,201,30,37,13,14
2024,401628369,2633,49,24,12,12
2024,401628370,2006,17,32,2,5
2024,401628370,2579,49,30,15,8
2024,401628371,251,51,30,10,8
2024,401628371,2433,22,27,2,3
2024,401628372,189,21,38,14,13
2024,401628372,245,41,29,30,17
2024,401628373,8,27,44,22,31
2024,401628373,245,36,25,22,16
2024,401628374,61,24,51,2,6
2024,401628374,333,31,35,11,7
2024,401628375,2,39,36,23,20
2024,401628375,201,29,17,22,12
2024,401628376,6,30,32,3,2
2024,401628376,99,27,41,2,1
2024,401628377,96,40,33,25,21
2024,401628377,145,25,31,19,22
2024,401628378,251,27,29,15,18
2024,401628378,344,44,29,35,15
2024,401628379,8,41,32,27,20
2024,401628379,2633,32,33,18,15
2024,401628380,57,33,28,11,10
2024,401628380,2116,35,27,12,3
2024,401628381,2,28,30,12,10
2024,401628381,61,32,31,22,16
2024,401628382,145,40,27,8,8
2024,401628382,2579,37,40,5,2
2024,401628383,142,24,37,4,4
2024,401628383,245,35,23,7,7
2024,401628384,238,52,21,29,12
2024,401628384,333,18,26,2,3
2024,401628385,333,34,27,20,18
2024,401628385,2579,34,36,23,16
2024,401628386,61,25,48,9,26
2024,401628386,344,25,37,7,5
2024,401628387,96,27,26,17,10
2024,401628387,238,31,21,19,10
2024,401628388,99,24,51,16,22
2024,401628388,145,35,48,25,31
2024,401628389,113,27,28,2,1
2024,401628389,142,37,25,12,3
2024,401628390,201,32,35,17,12
2024,401628390,251,29,32,10,16
2024,401628391,57,37,35,28,20
2024,401628391,2633,40,29,21,12
2024,401628392,8,16,34,4,4
2024,401628392,99,36,34,15,23
2024,401628393,57,41,17,27,14
2024,401628393,96,34,33,17,8
2024,401628394,245,36,25,25,19
2024,401628394,344,29,41,19,14
2024,401628395,2,32,30,15,19
2024,401628395,142,25,48,12,19
2024,401628397,333,30,47,24,34
2024,401628397,2633,40,32,23,23
2024,401628398,61,28,42,8,21
2024,401628398,251,20,56,6,11
2024,401628399,238,33,32,21,22
2024,401628399,2050,20,31,15,21
2024,401628400,142,38,25,11,14
2024,401628400,333,34,28,14,16
2024,401628401,2,42,31,23,12
2024,401628401,96,23,30,11,19
2024,401628402,145,28,31,22,22
2024,401628402,201,41,40,25,13
2024,401628403,8,36,27,9,6
2024,401628403,344,38,32,10,5
2024,401628404,99,21,52,13,27
2024,401628404,245,43,24,17,7
2024,401628405,238,30,30,12,3
2024,401628405,251,25,40,13,22
2024,401628406,8,29,34,7,5
2024,401628406,145,41,35,11,13
2024,401628407,2,26,32,23,20
2024,401628407,238,35,23,22,16
2024,401628408,57,36,32,25,15
2024,401628408,61,30,42,21,26
2024,401628409,113,46,31,22,11
2024,401628409,344,25,26,12,9
2024,401628411,245,38,31,12,9
2024,401628411,2579,43,27,23,12
2024,401628412,96,33,31,21,20
2024,401628412,2633,41,40,27,30
2024,401628413,99,22,44,2,4
2024,401628413,333,47,18,23,12
2024,401628414,61,27,36,14,8
2024,401628414,145,34,29,18,25
2024,401628415,142,42,30,27,17
2024,401628415,201,33,28,21,18
2024,401628416,344,33,29,8,12
2024,401628416,2633,56,21,22,11
2024,401628417,57,40,26,3,5
2024,401628417,251,29,34,6,11
2024,401628418,238,26,33,12,9
2024,401628418,2579,41,20,31,17
2024,401628419,8,28,31,11,9
2024,401628419,251,37,34,12,17
2024,401628420,57,14,26,10,24
2024,401628420,99,37,55,27,30
2024,401628421,61,30,39,15,23
2024,401628421,2633,35,37,24,29
2024,401628423,142,35,32,12,13
2024,401628423,2579,33,30,18,9
2024,401628424,166,34,25,2,2
2024,401628424,245,31,44,5,4
2024,401628426,2,37,37,5,10
2024,401628426,2433,33,19,2,4
2024,401628427,8,36,38,16,21
2024,401628427,2348,29,45,13,11
2024,401628428,2,39,33,15,10
2024,401628428,245,47,38,11,8
2024,401628429,57,41,21,23,16
2024,401628429,145,31,46,24,29
2024,401628430,61,36,35,10,6
2024,401628430,113,37,19,17,4
2024,401628431,99,28,38,16,24
2024,401628431,238,23,25,16,15
2024,401628432,142,51,21,13,10
2024,401628432,344,20,28,7,8
2024,401628433,201,49,13,28,9
2024,401628433,333,29,28,16,9
2024,401628435,2633,36,32,11,13
2024,401628435,2638,34,39,13,14
2024,401628436,96,24,30,11,7
2024,401628436,251,45,30,20,18
2024,401628437,2,22,43,10,20
2024,401628437,333,52,24,27,18
2024,401628438,52,33,36,16,14
2024,401628438,57,35,25,14,12
2024,401628439,59,45,37,27,19
2024,401628439,61,24,45,9,9
2024,401628440,96,31,24,10,5
2024,401628440,97,49,18,13,8
2024,401628441,99,27,36,16,25
2024,401628441,201,33,26,18,12
2024,401628442,145,49,26,27,19
2024,401628442,344,27,36,24,30
2024,401628443,8,31,36,21,17
2024,401628443,142,45,21,32,13
2024,401628444,228,31,38,24,22
2024,401628444,2579,38,23,22,17
2024,401628445,245,32,25,14,8
2024,401628445,251,47,29,9,12
2024,401628446,238,26,21,14,10
2024,401628446,2633,47,26,13,5
2024,401628448,135,28,27,18,15
2024,401628448,153,39,25,31,19
2024,401628449,84,38,27,10,9
2024,401628449,2229,26,33,4,5
2024,401628451,41,27,34,2,2
2024,401628451,120,42,37,9,6
2024,401628452,130,32,28,16,17
2024,401628452,278,19,38,11,17
2024,401628453,127,34,25,13,12
2024,401628453,2226,37,32,8,5
2024,401628454,158,46,37,17,14
2024,401628454,2638,20,27,3,6
2024,401628455,194,32,31,17,19
2024,401628455,2006,28,34,7,11
2024,401628457,213,42,18,12,9
2024,401628457,277,35,30,13,9
2024,401628459,26,18,39,11,22
2024,401628459,62,23,47,13,28
2024,401628461,275,45,37,26,25
2024,401628461,2711,32,20,25,13
2024,401628462,356,32,27,17,15
2024,401628462,2305,32,33,26,22
2024,401628464,66,27,37,11,3
2024,401628464,2294,37,30,16,15
2024,401628465,120,30,35,23,25
2024,401628465,127,27,40,15,22
2024,401628467,38,15,46,1,7
2024,401628467,158,34,28,4,6
2024,401628468,194,35,35,3,7
2024,401628468,2711,28,20,5,8
2024,401628469,68,32,40,22,25
2024,401628469,2483,30,25,19,15
2024,401628470,189,25,40,16,25
2024,401628470,213,34,21,22,17
2024,401628471,164,43,23,16,12
2024,401628471,2006,22,35,8,16
2024,401628472,30,34,40,9,6
2024,401628472,328,20,30,2,4
2024,401628473,264,26,28,9,12
2024,401628473,2199,31,35,20,15
2024,401628475,356,26,32,13,19
2024,401628475,2117,29,32,9,12
2024,401628476,26,22,26,1,0
2024,401628476,84,29,32,7,8
2024,401628477,2294,42,26,25,23
2024,401628477,2653,17,30,10,23
2024,401628478,120,34,44,19,31
2024,401628478,258,29,37,23,25
2024,401628479,130,41,20,19,8
2024,401628479,2032,24,45,8,10
2024,401628481,135,30,27,10,15
2024,401628481,2440,26,25,12,9
2024,401628483,204,29,37,16,11
2024,401628483,2483,29,26,13,16
2024,401628484,264,29,36,20,27
2024,401628484,265,27,35,14,25
2024,401628485,158,27,37,17,27
2024,401628485,356,35,29,21,23
2024,401628486,84,37,28,14,11
2024,401628486,2429,32,23,2,5
2024,401628487,135,20,38,13,26
2024,401628487,2294,44,20,27,17
2024,401628489,30,17,56,6,10
2024,401628489,130,43,14,26,8
2024,401628490,103,34,18,28,14
2024,401628490,127,32,35,20,20
2024,401628491,77,24,28,5,4
2024,401628491,264,35,31,9,10
2024,401628493,213,49,32,14,16
2024,401628493,2309,27,15,9,7
2024,401628494,164,48,28,20,14
2024,401628494,259,26,27,9,7
2024,401628495,213,41,23,30,17
2024,401628495,356,25,31,16,17
2024,401628496,84,36,36,25,27
2024,401628496,120,24,46,17,21
2024,401628497,130,41,20,13,8
2024,401628497,135,20,47,9,9
2024,401628498,127,20,28,4,3
2024,401628498,194,34,40,10,17
2024,401628499,158,28,26,17,17
2024,401628499,2509,25,30,20,18
2024,401628500,26,20,28,4,8
2024,401628500,2483,34,40,8,16
2024,401628501,164,32,25,17,15
2024,401628501,264,28,36,13,14
2024,401628502,30,35,46,19,20
2024,401628502,275,24,24,15,15
2024,401628503,77,20,40,15,15
2024,401628503,84,32,33,23,19
2024,401628505,130,36,26,18,17
2024,401628505,264,30,37,19,25
2024,401628506,127,23,27,9,9
2024,401628506,2483,35,34,20,11
2024,401628507,30,26,36,21,23
2024,401628507,135,38,19,22,13
2024,401628509,275,40,32,7,10
2024,401628509,2509,22,25,7,6
2024,401628510,26,27,31,10,13
2024,401628510,213,27,25,16,11
2024,401628512,264,26,54,13,20
2024,401628512,2294,34,14,12,7
2024,401628513,77,28,20,12,8
2024,401628513,120,30,54,8,5
2024,401628514,26,23,39,15,22
2024,401628514,135,19,40,13,21
2024,401628515,194,31,36,25,19
2024,401628515,2483,31,33,21,23
2024,401628516,30,23,35,11,16
2024,401628516,213,31,42,13,15
2024,401628517,164,35,32,6,5
2024,401628517,275,45,29,11,7
2024,401628518,130,33,37,11,8
2024,401628518,356,37,20,22,14
2024,401628519,84,28,31,12,17
2024,401628519,158,27,47,7,9
2024,401628520,127,37,31,19,17
2024,401628520,2294,23,22,4,5
2024,401628521,30,22,51,11,28
2024,401628521,120,21,53,10,26
2024,401628522,77,28,26,15,14
2024,401628522,275,40,26,15,17
2024,401628523,2483,31,26,10,8
2024,401628523,2509,37,22,4,1
2024,401628524,26,25,41,14,22
2024,401628524,164,28,30,15,13
2024,401628525,356,28,38,1,2
2024,401628525,2483,38,29,7,9
2024,401628526,84,49,18,25,16
2024,401628526,264,27,27,14,12
2024,401628527,77,22,27,10,6
2024,401628527,2294,39,26,18,18
2024,401628528,120,25,40,4,4
2024,401628528,135,29,33,3,11
2024,401628529,127,38,25,23,10
2024,401628529,130,30,20,19,11
2024,401628530,158,30,35,19,21
2024,401628530,194,26,18,15,12
2024,401628531,213,34,32,22,21
2024,401628531,275,27,42,20,24
2024,401628532,30,23,27,9,8
2024,401628532,164,38,50,9,2
2024,401628533,135,30,39,19,28
2024,401628533,356,25,37,18,21
2024,401628534,84,29,29,8,11
2024,401628534,127,23,39,13,17
2024,401628535,275,26,30,3,13
2024,401628535,2294,52,10,19,6
2024,401628536,130,28,25,13,6
2024,401628536,2483,37,34,13,18
2024,401628537,26,27,27,18,16
2024,401628537,158,34,38,3,7
2024,401628538,77,27,40,22,23
2024,401628538,2509,21,42,15,19
2024,401628539,194,35,27,16,18
2024,401628539,213,30,22,19,17
2024,401628540,30,29,50,5,11
2024,401628540,264,27,40,15,27
2024,401628541,84,22,32,8,13
2024,401628541,130,33,31,7,8
2024,401628542,26,37,34,19,19
2024,401628542,2294,28,17,20,10
2024,401628543,120,28,45,10,11
2024,401628543,2483,30,34,6,13
2024,401628544,135,15,48,15,24
2024,401628544,164,34,35,19,26
2024,401628545,194,34,32,12,10
2024,401628545,2509,32,23,9,8
2024,401628546,213,39,30,13,10
2024,401628546,264,28,28,9,9
2024,401628547,127,22,44,12,13
2024,401628547,356,30,32,20,27
2024,401628548,120,24,58,17,23
2024,401628548,164,35,29,21,25
2024,401628549,30,29,33,16,28
2024,401628549,158,23,39,17,25
2024,401628550,77,25,40,14,16
2024,401628550,194,32,25,13,13
2024,401628551,275,30,30,24,17
2024,401628551,2483,38,33,18,27
2024,401628552,213,34,27,9,10
2024,401628552,2509,25,33,1,4
2024,401628553,26,27,51,19,23
2024,401628553,264,28,28,16,23
2024,401628554,164,44,36,32,20
2024,401628554,356,34,27,21,14
2024,401628555,84,35,23,16,12
2024,401628555,194,28,27,9,17
2024,401628556,120,23,34,2,6
2024,401628556,2294,56,15,30,8
2024,401628557,77,17,29,5,7
2024,401628557,130,34,36,8,11
2024,401628558,127,36,34,10,11
2024,401628558,2509,16,52,5,8
2024,401628559,135,34,24,29,17
2024,401628559,213,31,30,14,16
2024,401628560,158,34,36,11,16
2024,401628560,275,23,30,11,18
2024,401628561,26,23,32,20,19
2024,401628561,30,24,37,15,25
2024,401628562,158,39,37,18,18
2024,401628562,2294,25,16,12,9
2024,401628563,77,27,63,16,24
2024,401628563,356,32,18,14,12
2024,401628564,84,40,33,12,14
2024,401628564,2509,22,22,5,4
2024,401628565,120,25,32,7,10
2024,401628565,213,49,30,15,11
2024,401628566,130,41,16,22,13
2024,401628566,194,26,33,23,22
2024,401628567,127,22,26,16,10
2024,401628567,164,44,23,14,5
2024,401628568,135,37,27,11,11
2024,401628568,275,21,33,6,8
2024,401628569,264,27,30,11,8
2024,401628569,2483,33,26,14,10
2024,401628570,26,28,43,19,29
2024,401628570,278,9,46,7,27
2024,401628571,30,27,50,18,23
2024,401628571,87,34,25,27,19
2024,401628572,204,43,36,28,22
2024,401628572,265,24,25,16,16
2024,401628977,87,25,35,21,20
2024,401628977,2459,43,20,28,14
2024,401628978,87,40,29,11,8
2024,401628978,2509,21,28,3,5
2024,401628979,87,35,29,13,9
2024,401628979,193,24,40,10,23
2024,401628980,87,28,23,14,11
2024,401628980,97,31,44,9,7
2024,401628981,24,37,22,18,8
2024,401628981,87,38,28,13,17
2024,401628982,59,27,39,13,12
2024,401628982,87,36,30,17,16
2024,401628983,87,39,26,10,5
2024,401628983,2426,42,14,5,1
2024,401628984,52,35,34,14,7
2024,401628984,87,30,31,8,6
2024,401628985,87,34,34,13,11
2024,401628985,258,29,38,14,10
2024,401629030,41,36,32,19,12
2024,401629030,150,34,44,15,24
2024,401629031,41,65,14,19,8
2024,401629031,2226,26,15,6,5
2024,401629032,41,39,35,7,7
2024,401629032,2084,24,38,3,5
2024,401629033,41,38,41,25,22
2024,401629033,218,33,33,20,22
2024,401629034,41,22,44,14,16
2024,401629034,154,37,37,24,26
2024,401629035,41,38,26,19,21
2024,401629035,242,29,32,24,20
2024,401629036,41,40,17,20,16
2024,401629036,2247,26,44,10,12
2024,401629037,5,29,45,16,16
2024,401629037,41,35,36,7,9
2024,401629038,41,38,26,22,20
2024,401629038,113,39,33,25,21
2024,401629039,113,32,36,14,14
2024,401629039,2199,32,28,16,16
2024,401629040,113,42,45,29,30
2024,401629040,2649,17,23,10,18
2024,401629041,113,33,33,12,9
2024,401629041,2084,35,25,11,16
2024,401629043,113,38,21,21,16
2024,401629043,193,31,25,23,14
2024,401629044,113,29,33,20,15
2024,401629044,2459,51,11,34,11
2024,401629045,249,17,38,11,21
2024,401629045,349,60,5,40,4
2024,401629046,113,47,24,28,10
2024,401629046,2335,44,19,15,11
2024,401634300,24,31,40,23,19
2024,401634300,2628,32,43,20,29
2024,401634302,59,31,29,10,13
2024,401634302,2247,28,34,16,13
2024,401634304,183,29,41,18,26
2024,401634304,195,32,34,21,17
2024,401634305,221,27,50,11,16
2024,401634305,2309,33,32,3,3
2024,401634306,52,13,45,3,9
2024,401634306,103,50,18,26,13
2024,401634765,252,31,29,22,18
2024,401634765,2567,33,39,25,26
2024,401634766,24,31,39,20,18
2024,401634766,183,13,46,5,24
2024,401634767,259,30,36,20,15
2024,401634767,2390,27,42,11,24
2024,401634768,103,43,30,8,2
2024,401634768,259,35,19,12,6
2024,401634769,52,34,32,17,12
2024,401634769,150,32,24,19,21
2024,401634770,183,25,68,3,6
2024,401634770,221,20,24,5,3
2024,401634771,97,32,36,12,9
2024,401634771,103,40,29,11,12
2024,401634772,59,35,36,23,17
2024,401634772,152,28,31,11,20
2024,401634773,25,27,58,10,26
2024,401634773,154,32,41,5,4
2024,401634779,183,29,60,20,39
2024,401634779,2439,21,24,6,9
2024,401635516,24,36,19,3,2
2024,401635516,152,36,24,18,11
2024,401635517,24,31,40,17,21
2024,401635517,97,26,40,14,14
2024,401635518,41,15,49,6,16
2024,401635518,183,29,48,23,33
2024,401635525,52,30,28,20,17
2024,401635525,59,36,16,27,13
2024,401635532,228,34,39,3,6
2024,401635532,2026,26,42,1,5
2024,401635533,77,36,36,21,23
2024,401635533,150,28,42,20,24
2024,401635534,59,25,39,10,11
2024,401635534,183,31,46,18,36
2024,401635535,55,30,30,4,4
2024,401635535,97,35,35,14,11
2024,401635538,221,28,37,8,8
2024,401635538,2132,33,41,7,10
2024,401635540,259,39,21,31,17
2024,401635540,276,22,30,7,18
2024,401635542,52,20,35,7,6
2024,401635542,235,29,43,9,18
2024,401635544,2050,16,36,1,7
2024,401635544,2390,30,39,4,10
2024,401635546,152,32,33,21,22
2024,401635546,2348,18,37,14,21
2024,401635547,221,22,35,14,25
2024,401635547,277,43,32,29,20
2024,401635548,259,51,26,20,18
2024,401635548,295,33,19,11,9
2024,401635551,25,29,44,17,28
2024,401635551,52,33,29,27,17
2024,401635552,152,35,33,4,2
2024,401635552,228,30,35,3,6
2024,401635553,150,31,21,6,4
2024,401635553,2393,33,41,8,9
2024,401635554,59,35,32,20,12
2024,401635554,97,24,19,21,18
2024,401635555,58,28,47,18,20
2024,401635555,2390,27,33,14,22
2024,401635556,153,27,51,4,6
2024,401635556,256,36,35,12,14
2024,401635557,2567,39,19,13,10
2024,401635557,2628,30,45,3,3
2024,401635558,258,54,25,13,9
2024,401635558,324,23,33,5,9
2024,401635560,98,36,42,13,14
2024,401635560,103,31,34,5,6
2024,401635561,24,40,31,8,5
2024,401635561,228,29,32,3,4
2024,401635562,150,36,36,4,5
2024,401635562,153,38,41,9,9
2024,401635563,52,24,33,12,15
2024,401635563,2567,43,26,17,17
2024,401635564,152,22,22,14,11
2024,401635564,2459,36,21,14,8
2024,401635567,103,25,33,13,19
2024,401635567,258,32,30,11,17
2024,401635568,25,22,26,7,10
2024,401635568,2390,29,56,15,13
2024,401635569,52,21,43,1,5
2024,401635569,228,38,35,7,8
2024,401635570,59,47,32,24,26
2024,401635570,150,19,32,9,15
2024,401635571,97,29,37,12,20
2024,401635571,2567,31,27,17,16
2024,401635572,153,34,45,25,34
2024,401635572,221,32,42,20,28
2024,401635573,24,36,31,19,10
2024,401635573,259,35,20,15,9
2024,401635574,152,19,25,11,12
2024,401635574,183,30,45,18,30
2024,401635575,25,33,43,17,24
2024,401635575,221,25,30,20,25
2024,401635576,154,25,32,12,12
2024,401635576,228,39,45,18,19
2024,401635577,59,48,23,30,17
2024,401635577,153,31,37,13,19
2024,401635578,97,28,31,14,18
2024,401635578,258,33,49,26,27
2024,401635580,103,39,35,12,8
2024,401635580,2567,28,34,21,25
2024,401635581,25,19,37,2,4
2024,401635581,183,33,45,17,19
2024,401635582,221,25,62,9,20
2024,401635582,228,22,46,11,23
2024,401635583,153,45,26,32,17
2024,401635583,154,29,38,25,20
2024,401635587,25,25,46,19,23
2024,401635587,152,22,42,16,27
2024,401635588,228,35,36,18,22
2024,401635588,258,25,37,14,14
2024,401635589,97,17,53,9,15
2024,401635589,2390,34,35,24,26
2024,401635590,24,28,41,8,5
2024,401635590,2567,34,30,5,6
2024,401635594,25,31,36,3,8
2024,401635594,204,26,29,0,3
2024,401635595,150,27,49,12,29
2024,401635595,2567,48,24,36,18
2024,401635596,52,25,35,4,6
2024,401635596,2390,35,39,17,16
2024,401635597,59,32,47,20,20
2024,401635597,259,28,30,19,21
2024,401635598,153,38,30,17,15
2024,401635598,258,19,52,13,16
2024,401635599,24,25,41,10,13
2024,401635599,154,38,32,33,26
2024,401635600,97,27,32,8,19
2024,401635600,228,43,58,16,18
2024,401635601,150,26,42,12,22
2024,401635601,2390,28,43,19,24
2024,401635602,52,21,25,12,7
2024,401635602,153,54,18,21,14
2024,401635604,183,31,36,3,6
2024,401635604,259,43,26,11,10
2024,401635606,103,43,15,34,11
2024,401635606,183,21,52,15,20
2024,401635607,228,39,37,29,28
2024,401635607,259,20,38,12,18
2024,401635608,150,23,31,12,18
2024,401635608,152,26,36,16,11
2024,401635609,59,46,16,33,9
2024,401635609,2390,21,42,18,15
2024,401635610,221,28,38,20,24
2024,401635610,258,36,31,24,22
2024,401635612,103,49,26,12,12
2024,401635612,153,18,36,2,3
2024,401635613,24,36,31,25,17
2024,401635613,25,20,44,6,9
2024,401635615,150,21,33,4,19
2024,401635615,259,45,40,24,11
2024,401635617,97,40,29,6,8
2024,401635617,221,25,37,6,8
2024,401635618,154,35,22,25,16
2024,401635618,2390,31,39,19,24
2024,401635619,258,29,36,14,12
2024,401635619,2567,34,34,15,14
2024,401635620,103,32,31,20,16
2024,401635620,221,19,49,9,13
2024,401635621,25,29,30,3,3
2024,401635621,2567,29,33,10,8
2024,401635622,150,25,35,12,18
2024,401635622,154,38,35,25,19
2024,401635623,183,32,39,9,13
2024,401635623,2390,29,38,18,20
2024,401635624,152,41,24,28,15
2024,401635624,153,25,37,18,26
2024,401635625,23,17,51,10,24
2024,401635625,24,30,40,15,12
2024,401635627,221,28,61,4,9
2024,401635627,2567,33,32,13,12
2024,401635638,152,27,48,20,29
2024,401635638,154,25,35,10,24
2024,401635639,154,34,49,22,23
2024,401635639,258,27,43,8,11
2024,401635640,258,27,39,0,3
2024,401635640,259,35,22,17,6
2024,401635659,154,36,35,18,14
2024,401635659,309,32,29,14,19
2024,401636608,12,25,31,9,20
2024,401636608,167,38,42,18,23
2024,401636609,9,47,24,3,3
2024,401636609,2751,27,23,5,4
2024,401636611,248,20,42,4,8
2024,401636611,2439,44,15,14,9
2024,401636616,2306,32,23,13,12
2024,401636616,2655,31,33,21,18
2024,401636617,2116,55,19,17,5
2024,401636617,2534,27,24,1,2
2024,401636618,239,37,24,2,2
2024,401636618,254,32,25,3,7
2024,401636859,265,44,20,13,9
2024,401636859,2641,26,59,14,20
2024,401636860,239,36,25,11,10
2024,401636860,2005,56,8,36,4
2024,401636861,36,29,38,15,6
2024,401636861,38,17,49,8,22
2024,401636862,242,23,27,3,6
2024,401636862,248,39,23,7,4
2024,401636863,2305,35,26,27,17
2024,401636863,2439,42,21,14,12
2024,401636864,12,18,43,12,21
2024,401636864,2306,34,26,15,16
2024,401636865,193,18,41,12,17
2024,401636865,2132,30,36,19,30
2024,401636866,2116,93,33,13,9
2024,401636866,2628,27,85,13,40
2024,401636868,249,33,30,0,6
2024,401636868,2641,36,34,14,9
2024,401636869,197,34,39,13,16
2024,401636869,202,30,39,7,3
2024,401636870,254,38,34,20,25
2024,401636870,328,31,38,16,24
2024,401636871,252,28,39,11,26
2024,401636871,2751,31,32,11,7
2024,401636872,252,23,23,8,17
2024,401636872,2306,41,30,15,10
2024,401636873,248,32,22,9,3
2024,401636873,2132,34,21,6,4
2024,401636874,38,33,49,18,25
2024,401636874,239,40,22,23,13
2024,401636875,66,46,26,15,9
2024,401636875,2032,30,27,5,7
2024,401636876,197,14,45,9,26
2024,401636876,254,48,31,28,22
2024,401636877,9,29,38,2,4
2024,401636877,2641,34,43,13,22
2024,401636879,277,28,33,17,16
2024,401636879,2305,43,27,31,19
2024,401636880,239,25,50,0,1
2024,401636880,252,34,33,6,5
2024,401636881,66,37,29,24,26
2024,401636881,248,27,17,21,8
2024,401636882,2305,32,34,27,21
2024,401636882,2628,32,38,18,28
2024,401636883,197,30,50,16,23
2024,401636883,2306,34,31,12,19
2024,401636884,2132,31,46,22,19
2024,401636884,2641,36,29,23,19
2024,401636885,38,27,35,12,25
2024,401636885,2116,38,39,11,9
2024,401636886,12,25,31,12,19
2024,401636886,254,26,43,18,17
2024,401636887,12,28,50,12,15
2024,401636887,2641,25,30,13,15
2024,401636888,9,45,25,29,17
2024,401636888,2305,31,31,19,23
2024,401636889,66,44,25,25,17
2024,401636889,239,20,44,15,37
2024,401636890,197,18,26,5,1
2024,401636890,277,61,18,14,6
2024,401636891,248,39,23,11,11
2024,401636891,2628,19,40,4,7
2024,401636892,9,36,21,22,19
2024,401636892,254,30,39,23,20
2024,401636893,12,29,52,11,16
2024,401636893,252,26,33,12,18
2024,401636894,38,13,44,9,15
2024,401636894,2306,36,29,30,19
2024,401636895,2116,34,29,18,13
2024,401636895,2132,30,40,17,15
2024,401636896,66,41,28,22,23
2024,401636896,277,32,31,24,18
2024,401636897,12,26,33,1,2
2024,401636897,38,35,35,12,13
2024,401636898,197,36,30,24,17
2024,401636898,252,35,29,27,15
2024,401636899,9,37,25,10,6
2024,401636899,2132,35,30,10,10
2024,401636900,66,45,50,24,23
2024,401636900,2116,39,20,28,12
2024,401636901,248,26,39,3,3
2024,401636901,2305,30,21,10,6
2024,401636902,239,33,32,14,13
2024,401636902,2641,32,51,11,14
2024,401636903,254,22,37,10,14
2024,401636903,2628,29,41,15,27
2024,401636904,277,38,33,13,12
2024,401636904,2306,24,29,11,18
2024,401636905,12,23,36,3,1
2024,401636905,277,36,23,18,11
2024,401636906,197,31,44,22,20
2024,401636906,239,35,20,23,16
2024,401636907,38,37,30,17,16
2024,401636907,2132,31,30,12,10
2024,401636908,248,51,13,30,10
2024,401636908,254,23,38,19,24
2024,401636909,2305,31,31,14,10
2024,401636909,2306,33,36,24,21
2024,401636910,2628,24,35,13,19
2024,401636910,2641,48,40,13,17
2024,401636911,252,45,27,14,11
2024,401636911,2116,26,28,4,1
2024,401636912,239,42,36,25,21
2024,401636912,2628,30,35,23,23
2024,401636913,248,35,16,19,13
2024,401636913,2306,34,40,24,21
2024,401636914,66,36,40,25,24
2024,401636914,2641,31,43,16,26
2024,401636915,9,46,31,24,24
2024,401636915,197,23,32,12,23
2024,401636916,12,21,37,3,2
2024,401636916,2116,41,25,11,10
2024,401636917,9,30,26,16,12
2024,401636917,2116,34,34,27,26
2024,401636918,277,25,17,11,10
2024,401636918,2132,40,38,19,13
2024,401636919,66,21,40,7,9
2024,401636919,2305,42,24,10,9
2024,401636920,197,33,36,4,5
2024,401636920,2628,27,38,8,14
2024,401636921,38,24,45,10,20
2024,401636921,2641,39,46,15,16
2024,401636922,252,29,36,11,15
2024,401636922,254,30,22,22,12
2024,401636923,12,29,40,15,24
2024,401636923,248,30,29,20,13
2024,401636924,252,32,31,21,18
2024,401636924,2305,29,20,20,13
2024,401636925,38,17,44,2,12
2024,401636925,254,26,45,5,4
2024,401636926,66,33,36,18,19
2024,401636926,2132,38,18,23,14
2024,401636927,9,36,35,11,9
2024,401636927,2306,24,40,6,6
2024,401636929,239,31,37,19,23
2024,401636929,277,45,43,34,17
2024,401636930,9,42,24,18,9
2024,401636930,252,22,39,10,11
2024,401636931,239,45,25,26,17
2024,401636931,248,25,26,10,7
2024,401636932,38,11,30,0,3
2024,401636932,2305,54,21,21,6
2024,401636933,2132,25,44,4,5
2024,401636933,2306,39,23,8,4
2024,401636934,197,28,38,20,19
2024,401636934,2641,35,56,23,36
2024,401636935,12,19,47,9,22
2024,401636935,2628,31,30,14,14
2024,401636936,66,38,38,27,26
2024,401636936,254,25,18,12,7
2024,401636937,277,48,24,20,8
2024,401636937,2116,33,21,9,5
2024,401636938,38,23,48,7,7
2024,401636938,197,28,37,2,4
2024,401636939,254,29,22,20,14
2024,401636939,2116,38,46,18,23
2024,401636940,9,34,25,9,5
2024,401636940,12,25,33,1,3
2024,401636941,239,46,34,12,11
2024,401636941,2305,30,22,18,10
2024,401636942,248,34,27,15,12
2024,401636942,252,38,20,16,9
2024,401636943,2132,38,36,6,4
2024,401636943,2628,32,35,14,15
2024,401636944,66,39,37,18,23
2024,401636944,2306,30,29,14,10
2024,401636945,277,31,44,11,10
2024,401636945,2641,32,41,7,14
2024,401640959,87,28,18,15,6
2024,401640959,349,57,10,7,2
2024,401640979,2117,38,45,12,13
2024,401640979,2229,31,19,10,6
2024,401640980,2226,51,25,20,9
2024,401640980,2229,23,36,9,14
2024,401640981,2229,28,34,15,24
2024,401640981,2348,26,39,19,22
2024,401640982,2229,31,30,18,21
2024,401640982,2335,48,18,29,10
2024,401640983,2229,30,30,26,21
2024,401640983,2638,44,24,22,20
2024,401640984,2229,33,23,27,14
2024,401640984,2534,41,21,28,16
2024,401640985,166,40,21,27,10
2024,401640985,2229,32,26,15,13
2024,401640986,55,42,32,25,21
2024,401640986,2229,33,34,23,29
2024,401640987,338,34,32,18,10
2024,401640987,2229,35,25,18,7
2024,401640988,2229,37,27,18,12
2024,401640988,2393,27,34,1,2
2024,401640989,166,37,23,21,13
2024,401640989,2335,33,32,10,11
2024,401640990,2335,39,21,25,8
2024,401640990,2638,27,46,5,17
2024,401640991,151,30,37,18,17
2024,401640991,2335,42,33,11,10
2024,401640993,338,41,21,27,15
2024,401640993,2335,29,40,21,19
2024,401640994,55,46,11,33,9
2024,401640994,2335,50,26,34,9
2024,401640995,2335,46,16,28,8
2024,401640995,2393,20,37,5,15
2024,401640996,98,26,34,11,14
2024,401640996,2335,61,13,36,8
2024,401640997,2335,32,36,17,11
2024,401640997,2534,40,36,21,23
2024,401640998,55,27,29,5,4
2024,401640998,324,55,20,13,7
2024,401640999,55,32,33,20,16
2024,401640999,2199,46,44,26,33
2024,401641000,55,44,18,11,10
2024,401641000,2572,35,25,7,5
2024,401641001,55,51,25,22,10
2024,401641001,338,43,17,12,8
2024,401641002,55,48,19,17,11
2024,401641002,166,38,28,8,4
2024,401641003,55,51,20,32,14
2024,401641003,2393,19,37,12,17
2024,401641004,55,56,29,44,14
2024,401641004,2348,44,25,18,16
2024,401641005,55,55,13,36,9
2024,401641005,2534,37,29,15,10
2024,401641006,55,42,17,30,13
2024,401641006,98,34,50,25,32
2024,401641008,202,28,37,17,25
2024,401641008,2348,35,35,25,23
2024,401641009,2348,37,31,10,11
2024,401641009,2393,18,40,5,14
2024,401641010,166,35,26,23,16
2024,401641010,2348,36,44,18,30
2024,401641011,2348,23,35,14,27
2024,401641011,2638,45,16,32,11
2024,401641012,2348,34,44,20,26
2024,401641012,2534,28,26,23,19
2024,401641013,98,19,28,16,21
2024,401641013,2348,45,17,27,15
2024,401641014,338,28,28,6,6
2024,401641014,2348,37,33,11,9
2024,401641015,338,34,30,7,3
2024,401641015,2636,28,43,9,10
2024,401641016,309,35,21,14,10
2024,401641016,338,36,13,20,8
2024,401641017,23,21,40,5,23
2024,401641017,338,35,26,20,7
2024,401641019,338,33,27,26,9
2024,401641019,2393,27,38,13,24
2024,401641020,98,31,24,13,8
2024,401641020,338,37,29,8,4
2024,401641021,338,39,27,21,14
2024,401641021,2638,44,35,32,21
2024,401641022,338,32,23,25,9
2024,401641022,2534,39,34,24,26
2024,401641024,98,30,39,5,12
2024,401641024,2393,19,34,5,7
2024,401641025,235,31,41,18,26
2024,401641025,2393,21,34,6,8
2024,401641026,2393,26,36,17,26
2024,401641026,2638,37,37,28,24
2024,401641027,166,34,20,19,13
2024,401641027,2393,28,45,11,10
2024,401641028,36,39,24,21,13
2024,401641028,2638,22,47,8,14
2024,401641029,2534,46,34,17,19
2024,401641029,2638,30,32,14,13
2024,401641030,98,38,28,15,12
2024,401641030,2638,38,27,8,8
2024,401641031,166,46,58,20,18
2024,401641031,2638,27,27,10,14
2024,401641033,166,27,32,4,5
2024,401641033,278,41,26,3,1
2024,401641035,166,32,31,15,11
2024,401641035,167,45,28,19,15
2024,401641036,98,33,29,14,12
2024,401641036,166,55,22,0,1
2024,401641037,98,28,31,11,10
2024,401641037,2649,39,34,27,19
2024,401641038,98,37,34,20,19
2024,401641038,2534,35,35,22,16
2024,401641039,242,16,46,3,5
2024,401641039,2534,37,34,1,3
2024,401641040,62,18,43,5,11
2024,401641040,2534,45,23,25,16
2024,401641041,326,28,39,10,8
2024,401641041,2534,50,21,1,3
2024,401643696,2440,46,32,35,17
2024,401643696,2567,31,35,16,21
2024,401643700,68,32,29,17,22
2024,401643700,290,30,54,8,19
2024,401643701,2440,33,21,27,9
2024,401643701,2653,32,31,21,21
2024,401643705,23,29,33,18,24
2024,401643705,2005,46,19,36,9
2024,401643708,290,18,37,11,27
2024,401643708,2440,39,36,27,24
2024,401643709,21,26,25,17,16
2024,401643709,204,51,26,36,19
2024,401643711,167,28,53,8,8
2024,401643711,278,29,35,10,13
2024,401643714,23,19,55,10,23
2024,401643714,265,45,49,23,26
2024,401643715,218,39,28,19,15
2024,401643715,328,33,46,29,32
2024,401643716,249,30,43,9,20
2024,401643716,2751,29,29,12,12
2024,401643717,204,53,20,22,7
2024,401643717,2509,30,17,6,5
2024,401643718,2005,44,14,37,9
2024,401643718,2751,38,22,24,19
2024,401643719,68,34,21,22,18
2024,401643719,265,32,44,22,20
2024,401643720,278,27,48,6,11
2024,401643720,2439,38,16,5,6
2024,401643721,21,39,26,25,19
2024,401643721,2117,39,49,26,25
2024,401643722,2005,44,11,9,2
2024,401643722,2426,48,15,22,6
2024,401643723,68,39,34,7,5
2024,401643723,328,33,41,7,7
2024,401643724,36,38,31,18,12
2024,401643724,204,46,28,31,13
2024,401643725,21,31,35,23,23
2024,401643725,62,23,49,9,23
2024,401643726,23,26,41,25,22
2024,401643726,2440,33,33,21,16
2024,401643727,167,36,20,12,10
2024,401643727,2005,60,12,18,1
2024,401643728,62,14,45,4,16
2024,401643728,68,36,27,18,13
2024,401643729,23,20,44,16,26
2024,401643729,36,33,31,22,17
2024,401643731,204,40,44,25,17
2024,401643731,2440,42,13,25,8
2024,401643732,21,33,29,23,19
2024,401643732,2751,33,35,24,25
2024,401643733,328,29,60,4,4
2024,401643733,2439,40,24,11,11
2024,401643734,36,36,22,23,9
2024,401643734,2005,50,30,15,1
2024,401643735,278,36,22,21,19
2024,401643735,2440,32,28,23,18
2024,401643736,62,19,33,7,11
2024,401643736,265,32,29,10,13
2024,401643738,23,23,39,9,18
2024,401643738,2751,35,39,25,11
2024,401643739,204,30,43,23,13
2024,401643739,2439,39,28,27,18
2024,401643740,68,37,32,21,25
2024,401643740,2439,29,26,18,18
2024,401643741,36,35,20,11,12
2024,401643741,167,33,41,11,7
2024,401643742,23,16,52,3,10
2024,401643742,278,35,43,12,16
2024,401643743,62,33,29,12,6
2024,401643743,2440,25,40,4,5
2024,401643744,21,25,45,16,30
2024,401643744,265,35,30,24,22
2024,401643745,328,29,42,21,26
2024,401643745,2751,37,33,25,22
2024,401643746,349,41,10,28,4
2024,401643746,2005,33,22,16,9
2024,401643747,21,23,33,3,7
2024,401643747,68,44,35,9,9
2024,401643748,36,36,16,10,4
2024,401643748,2440,37,29,4,3
2024,401643749,62,34,54,20,26
2024,401643749,278,17,34,12,22
2024,401643750,167,28,32,23,24
2024,401643750,2751,50,28,31,19
2024,401643751,278,10,27,9,11
2024,401643751,2005,79,6,56,1
2024,401643752,68,44,20,30,16
2024,401643752,2440,28,29,18,14
2024,401643753,62,24,40,21,25
2024,401643753,2439,43,31,27,19
2024,401643754,21,44,42,30,28
2024,401643754,167,32,24,17,17
2024,401643755,23,16,34,9,27
2024,401643755,204,41,39,33,20
2024,401643756,265,40,26,17,14
2024,401643756,328,26,46,9,13
2024,401643757,204,19,26,9,5
2024,401643757,2005,64,7,26,4
2024,401643758,23,20,49,14,27
2024,401643758,68,38,31,17,18
2024,401643759,36,42,18,13,3
2024,401643759,2751,26,30,5,4
2024,401643760,62,24,42,3,3
2024,401643760,328,41,38,5,12
2024,401643761,167,49,25,19,9
2024,401643761,265,30,37,22,20
2024,401643762,21,32,24,6,5
2024,401643762,2439,45,33,11,12
2024,401643763,2005,66,2,41,2
2024,401643763,2440,23,37,16,24
2024,401643764,68,28,27,16,17
2024,401643764,2751,34,28,27,16
2024,401643765,36,30,50,17,10
2024,401643765,278,30,30,15,14
2024,401643766,21,34,43,21,22
2024,401643766,328,48,27,26,16
2024,401643767,23,24,21,21,18
2024,401643767,2439,59,22,38,19
2024,401643768,21,32,35,13,16
2024,401643768,2005,50,2,30,2
2024,401643769,68,47,33,17,8
2024,401643769,204,17,39,1,2
2024,401643770,36,27,43,9,11
2024,401643770,328,44,31,23,14
2024,401643771,62,24,58,8,23
2024,401643771,167,48,30,23,16
2024,401643772,2439,40,22,12,8
2024,401643772,2440,20,44,1,11
2024,401643773,265,29,25,18,16
2024,401643773,2751,32,40,16,16
2024,401643774,256,38,19,15,10
2024,401643774,2429,29,47,17,14
2024,401643775,6,31,50,17,22
2024,401643775,249,32,41,20,30
2024,401643778,151,48,41,36,30
2024,401643778,295,35,37,19,16
2024,401643779,202,32,28,27,18
2024,401643779,2032,38,31,20,26
2024,401643780,5,28,36,19,15
2024,401643780,2433,46,16,22,11
2024,401643781,6,26,36,13,15
2024,401643781,195,34,30,17,17
2024,401643784,235,28,29,12,17
2024,401643784,2653,32,26,14,10
2024,401643785,151,26,32,19,21
2024,401643785,2026,33,48,19,20
2024,401643786,218,34,27,9,4
2024,401643786,324,41,22,21,3
2024,401643789,58,46,34,24,19
2024,401643789,2572,25,36,10,16
2024,401643790,6,39,25,6,6
2024,401643790,2026,26,42,1,4
2024,401643791,309,25,37,12,9
2024,401643791,2655,44,16,34,11
2024,401643792,290,40,42,16,23
2024,401643792,2247,14,46,5,9
2024,401643793,256,30,32,7,17
2024,401643793,2050,28,43,2,2
2024,401643794,276,37,26,30,21
2024,401643794,2711,39,28,7,12
2024,401643795,189,32,37,23,28
2024,401643795,295,32,30,12,21
2024,401643796,2433,36,11,18,9
2024,401643796,2653,41,12,34,9
2024,401643797,326,37,30,12,10
2024,401643797,2653,26,38,6,6
2024,401643798,295,33,39,15,14
2024,401643798,324,36,26,13,10
2024,401643799,276,34,14,7,4
2024,401643799,2026,33,48,12,14
2024,401643800,6,31,37,23,23
2024,401643800,2032,28,40,20,23
2024,401643801,256,30,50,14,18
2024,401643801,2433,28,31,8,12
2024,401643802,309,41,30,25,21
2024,401643802,2572,13,25,5,10
2024,401643803,256,39,29,11,11
2024,401643803,324,25,26,9,9
2024,401643804,276,39,29,18,18
2024,401643804,290,27,45,5,12
2024,401643805,295,40,23,28,22
2024,401643805,2247,25,49,16,30
2024,401643806,309,34,22,21,15
2024,401643806,2026,33,43,24,23
2024,401643807,2433,41,19,18,9
2024,401643807,2572,36,28,13,5
2024,401643808,326,38,28,18,16
2024,401643808,2032,28,42,6,5
2024,401643809,6,35,23,17,9
2024,401643809,2653,19,39,7,6
2024,401643810,276,35,19,17,8
2024,401643810,2247,34,37,7,4
2024,401643811,309,35,37,24,25
2024,401643811,324,24,36,12,13
2024,401643812,256,26,47,10,11
2024,401643812,290,37,32,16,18
2024,401643814,2032,37,31,18,19
2024,401643814,2572,38,28,1,4
2024,401643815,290,22,36,2,5
2024,401643815,295,40,28,12,13
2024,401643816,2026,36,28,26,14
2024,401643816,2247,30,24,17,15
2024,401643817,256,34,29,15,13
2024,401643817,2572,34,41,10,15
2024,401643818,2032,39,41,18,17
2024,401643818,2653,38,32,6,5
2024,401643819,6,46,30,34,25
2024,401643819,2433,34,26,19,14
2024,401643820,309,32,29,18,24
2024,401643820,326,37,35,29,21
2024,401643821,295,31,43,24,28
2024,401643821,2026,33,24,15,14
2024,401643822,276,39,21,29,18
2024,401643822,2433,42,15,32,8
2024,401643823,6,33,34,10,20
2024,401643823,290,33,35,19,22
2024,401643824,324,25,36,10,9
2024,401643824,2653,52,16,23,8
2024,401643825,324,38,18,21,12
2024,401643825,2026,36,33,7,3
2024,401643826,256,35,32,9,12
2024,401643826,2247,22,40,9,6
2024,401643827,309,28,32,7,8
2024,401643827,2032,35,41,6,11
2024,401643828,326,52,14,14,3
2024,401643828,2433,37,27,7,2
2024,401643829,276,45,26,19,11
2024,401643829,2572,35,23,7,7
2024,401643830,290,19,27,15,17
2024,401643830,2653,39,33,23,22
2024,401643831,2032,42,21,29,15
2024,401643831,2247,20,50,16,29
2024,401643832,276,30,33,12,11
2024,401643832,324,32,41,15,11
2024,401643833,256,43,29,29,20
2024,401643833,295,32,25,22,10
2024,401643834,6,28,33,7,7
2024,401643834,309,32,31,9,8
2024,401643835,326,31,34,7,12
2024,401643835,2572,46,22,3,1
2024,401643836,256,34,40,22,18
2024,401643836,2026,33,25,17,16
2024,401643837,290,35,41,25,31
2024,401643837,324,23,32,9,9
2024,401643838,276,40,25,28,19
2024,401643838,295,45,32,23,14
2024,401643839,2032,34,28,28,23
2024,401643839,2433,35,23,21,16
2024,401643840,309,28,25,8,13
2024,401643840,2653,32,46,11,16
2024,401643841,6,24,26,13,14
2024,401643841,2572,37,39,18,14
2024,401643842,326,35,47,14,18
2024,401643842,2247,40,25,15,15
2024,401643843,6,25,29,13,18
2024,401643843,326,52,29,41,21
2024,401643844,290,38,22,20,18
2024,401643844,2026,39,35,14,7
2024,401643845,324,51,20,27,7
2024,401643845,2247,26,37,17,15
2024,401643846,256,45,19,15,8
2024,401643846,276,30,25,1,2
2024,401643847,295,47,14,25,11
2024,401643847,2032,32,42,6,9
2024,401643848,309,40,28,23,22
2024,401643848,2433,33,33,24,21
2024,401643849,2572,26,34,8,6
2024,401643849,2653,42,27,20,11
2024,401644683,77,30,30,23,23
2024,401644683,193,19,39,12,21
2024,401644684,193,21,47,4,1
2024,401644684,2649,25,33,0,0
2024,401644685,193,31,12,15,9
2024,401644685,2199,34,43,11,15
2024,401644686,193,30,21,12,14
2024,401644686,195,29,44,4,7
2024,401644687,193,34,28,11,14
2024,401644687,2117,32,18,17,7
2024,401644688,193,25,34,16,21
2024,401644688,2050,20,39,18,23
2024,401644690,193,21,27,6,14
2024,401644690,2459,36,38,6,9
2024,401644691,189,20,46,10,18
2024,401644691,193,23,28,10,14
2024,401644735,2050,33,42,25,20
2024,401644735,2117,32,22,13,9
2024,401644736,2084,29,20,15,13
2024,401644736,2459,38,41,23,21
2024,401644738,195,47,20,32,15
2024,401644738,2006,15,41,10,26
2024,401644739,2199,47,38,30,30
2024,401644739,2309,31,34,19,16
2024,401644740,189,33,34,22,24
2024,401644740,2006,19,34,8,23
2024,401644741,2050,27,36,20,17
2024,401644741,2711,35,31,24,22
2024,401644742,2006,26,39,13,21
2024,401644742,2711,35,26,11,13
2024,401644743,2050,36,36,20,11
2024,401644743,2309,22,43,4,5
2024,401644744,189,27,28,17,16
2024,401644744,2459,46,23,33,16
2024,401644745,2084,47,21,21,17
2024,401644745,2649,22,54,14,19
2024,401644746,195,33,24,11,13
2024,401644746,2117,37,23,7,6
2024,401644748,189,43,28,16,9
2024,401644748,2309,22,30,7,8
2024,401644749,2084,35,36,14,7
2024,401644749,2711,38,33,12,15
2024,401644750,2117,40,16,17,6
2024,401644750,2199,36,42,13,18
2024,401644751,2459,44,47,32,20
2024,401644751,2649,33,29,20,20
2024,401644752,2006,32,28,7,11
2024,401644752,2199,32,51,8,9
2024,401644753,2050,39,35,28,22
2024,401644753,2459,23,44,17,12
2024,401644754,189,34,30,20,23
2024,401644754,2649,27,46,15,19
2024,401644755,195,41,18,17,10
2024,401644755,2084,29,41,12,14
2024,401644756,2309,33,28,4,2
2024,401644756,2711,35,25,7,5
2024,401644757,2006,23,49,6,7
2024,401644757,2084,43,28,16,8
2024,401644758,2199,37,48,28,26
2024,401644758,2649,30,35,16,22
2024,401644760,189,32,32,17,23
2024,401644760,2117,35,15,11,8
2024,401644761,195,42,26,9,6
2024,401644761,2309,29,22,3,3
2024,401644762,2459,40,17,21,6
2024,401644762,2711,35,28,25,12
2024,401644763,2050,34,37,23,19
2024,401644763,2084,39,40,30,17
2024,401644764,189,30,23,11,13
2024,401644764,2711,31,37,13,10
2024,401644765,2117,31,31,11,6
2024,401644765,2649,34,24,20,11
2024,401644766,2006,19,55,10,25
2024,401644766,2459,38,18,23,11
2024,401644767,195,30,32,17,20
2024,401644767,2199,31,33,20,23
2024,401644769,2006,44,32,14,15
2024,401644769,2309,23,21,7,3
2024,401644770,2117,43,17,15,12
2024,401644770,2711,23,28,13,13
2024,401644772,2084,38,30,10,15
2024,401644772,2199,25,43,8,14
2024,401644773,195,52,19,33,16
2024,401644773,2649,21,28,14,17
2024,401644774,189,36,32,22,25
2024,401644774,2050,20,42,10,17
2024,401644775,2006,31,25,19,19
2024,401644775,2649,41,46,24,25
2024,401644776,2084,51,28,11,9
2024,401644776,2309,29,24,2,2
2024,401644777,195,39,16,5,3
2024,401644777,2050,22,50,2,5
2024,401644779,2117,29,27,5,6
2024,401644779,2459,39,31,19,14
2024,401645323,349,54,4,15,1
2024,401645323,2226,17,37,6,8
2024,401645324,218,18,47,5,3
2024,401645324,2426,50,9,15,5
2024,401645328,242,12,41,1,4
2024,401645328,349,49,10,18,2
2024,401645329,235,36,57,16,17
2024,401645329,2426,36,16,19,8
2024,401645331,218,15,37,5,10
2024,401645331,349,56,7,15,1
2024,401645332,5,39,26,5,3
2024,401645332,2426,40,11,5,1
2024,401645333,242,31,39,18,25
2024,401645333,2429,26,39,14,24
2024,401645334,151,34,37,18,26
2024,401645334,2636,35,50,24,32
2024,401645336,202,43,45,18,23
2024,401645336,249,23,36,9,17
2024,401645337,58,19,34,3,5
2024,401645337,2655,45,23,7,6
2024,401645338,5,18,44,4,9
2024,401645338,2655,49,18,7,2
2024,401645339,202,41,29,19,18
2024,401645339,349,39,7,13,4
2024,401645340,151,23,38,1,5
2024,401645340,2429,44,25,18,14
2024,401645341,58,18,42,1,4
2024,401645341,235,28,41,6,9
2024,401645342,5,32,63,4,23
2024,401645342,349,73,10,16,0
2024,401645343,249,24,46,10,18
2024,401645343,2226,39,34,25,14
2024,401645344,242,19,40,12,15
2024,401645344,2636,33,43,19,23
2024,401645345,5,30,60,19,35
2024,401645345,58,35,35,16,23
2024,401645346,151,20,38,4,4
2024,401645346,349,53,10,14,4
2024,401645347,2426,41,13,7,2
2024,401645347,2429,44,26,3,1
2024,401645348,2226,26,28,23,16
2024,401645348,2636,39,49,26,35
2024,401645349,235,30,40,18,31
2024,401645349,249,31,66,21,36
2024,401645350,242,16,46,14,24
2024,401645350,2655,36,27,23,19
2024,401645351,202,27,29,8,5
2024,401645351,218,27,47,12,15
2024,401645352,151,34,27,21,23
2024,401645352,218,33,40,15,15
2024,401645353,235,43,34,30,21
2024,401645353,2429,26,23,13,13
2024,401645354,249,24,56,2,9
2024,401645354,2655,45,13,12,4
2024,401645355,202,28,50,4,10
2024,401645355,2636,38,52,9,11
2024,401645356,2429,19,25,5,10
2024,401645356,2655,47,31,23,21
2024,401645357,58,41,32,27,26
2024,401645357,2226,31,48,27,29
2024,401645358,5,20,39,5,5
2024,401645358,202,45,44,1,2
2024,401645359,235,17,55,14,25
2024,401645359,2636,33,38,12,22
2024,401645360,242,22,41,5,13
2024,401645360,2426,38,23,3,2
2024,401645361,151,31,23,3,3
2024,401645361,2226,31,44,2,1
2024,401645362,235,37,32,19,25
2024,401645362,242,22,45,19,29
2024,401645363,58,21,47,5,3
2024,401645363,2426,56,13,15,2
2024,401645364,218,16,28,5,6
2024,401645364,2655,51,21,16,5
2024,401645365,151,40,35,25,16
2024,401645365,202,34,32,21,17
2024,401645366,249,24,37,3,7
2024,401645366,2636,44,45,16,16
2024,401645367,5,17,47,3,4
2024,401645367,235,40,34,8,8
2024,401645368,58,46,16,25,9
2024,401645368,2429,29,43,20,21
2024,401645369,218,34,42,18,30
2024,401645369,2226,26,34,22,21
2024,401645370,2426,32,13,20,7
2024,401645370,2655,45,15,14,7
2024,401645371,2226,49,23,13,11
2024,401645371,2429,20,31,16,21
2024,401645372,151,54,25,19,10
2024,401645372,249,32,49,14,17
2024,401645373,5,31,22,16,16
2024,401645373,242,24,50,8,16
2024,401645374,218,29,37,7,12
2024,401645374,2636,36,28,15,11
2024,401645375,58,51,39,7,6
2024,401645375,202,45,36,0,3
2024,401645376,235,44,33,19,17
2024,401645376,2655,16,35,10,16
2024,401645377,5,33,43,26,23
2024,401645377,2429,33,27,22,17
2024,401645378,349,56,19,35,13
2024,401645378,2636,25,29,18,17
2024,401645379,151,31,38,20,18
2024,401645379,2426,48,20,37,17
2024,401645380,202,24,56,6,12
2024,401645380,2226,40,27,13,7
2024,401645381,218,27,47,8,9
2024,401645381,249,38,40,15,17
2024,401645382,58,26,45,11,5
2024,401645382,242,37,42,8,11
2024,401645383,349,38,16,20,6
2024,401645383,2426,41,10,22,6
2024,401673462,349,54,2,14,0
2024,401673462,2655,28,25,13,6
2024,401673463,228,29,45,7,7
2024,401673463,2567,32,53,3,3
2024,401673464,213,34,40,9,8
2024,401673464,2483,41,33,15,16
2024,401673465,9,36,19,13,9
2024,401673465,66,32,38,16,16
2024,401673466,55,55,15,6,6
2024,401673466,98,23,32,6,5
2024,401673467,193,21,26,6,9
2024,401673467,195,44,28,20,9
2024,401673468,68,34,28,14,15
2024,401673468,2439,29,34,10,9
2024,401673469,61,34,33,21,17
2024,401673469,251,21,52,14,32
2024,401673470,276,43,26,19,16
2024,401673470,309,26,34,11,9
2025,401752665,52,47,15,15,8
2025,401752665,333,26,46,15,12
2025,401752667,2,49,18,28,11
2025,401752667,239,19,52,11,14
2025,401752669,61,44,32,13,6
2025,401752669,276,30,20,3,3
2025,401752670,96,40,22,29,18
2025,401752670,2649,26,42,18,19
2025,401752671,99,28,40,21,26
2025,401752671,228,17,40,17,22
2025,401752672,145,43,38,7,9
2025,401752672,2247,33,24,14,8
2025,401752673,344,39,34,20,17
2025,401752673,2572,33,38,19,25
2025,401752676,183,40,44,2,2
2025,401752676,2633,39,28,8,12
2025,401752677,194,32,20,23,16
2025,401752677,251,35,31,26,14
2025,401752678,245,22,35,13,19
2025,401752678,2636,32,35,10,13
2025,401752680,259,35,37,25,22
2025,401752680,2579,31,23,20,22
2025,401752681,333,36,33,5,5
2025,401752681,2433,32,18,2,1
2025,401752682,8,28,29,4,6
2025,401752682,2032,36,38,0,4
2025,401752683,2,26,38,3,10
2025,401752683,2050,27,21,6,6
2025,401752684,57,29,34,18,28
2025,401752684,58,27,37,18,21
2025,401752686,96,34,35,21,24
2025,401752686,145,46,24,31,19
2025,401752687,99,30,44,11,23
2025,401752687,2348,24,28,6,9
2025,401752688,9,49,25,11,11
2025,401752688,344,27,36,18,18
2025,401752689,142,42,43,21,25
2025,401752689,2305,16,33,12,15
2025,401752690,130,30,25,17,12
2025,401752690,201,37,36,19,19
2025,401752693,23,27,45,8,10
2025,401752693,251,31,33,8,8
2025,401752694,245,41,36,13,12
2025,401752694,328,27,38,7,10
2025,401752695,238,35,17,8,4
2025,401752695,259,28,30,21,19
2025,401752696,275,30,21,4,8
2025,401752696,333,21,31,9,10
2025,401752697,2,36,25,11,9
2025,401752697,6,40,27,8,6
2025,401752698,96,44,21,7,6
2025,401752698,2199,28,44,4,5
2025,401752699,57,24,52,15,27
2025,401752699,99,23,27,11,18
2025,401752700,8,37,35,22,18
2025,401752700,145,36,31,26,20
2025,401752702,142,59,26,14,4
2025,401752702,309,19,15,2,3
2025,401752703,201,39,38,6,11
2025,401752703,218,22,30,4,2
2025,401752704,238,33,27,17,16
2025,401752704,2579,27,34,13,8
2025,401752705,61,50,36,33,13
2025,401752705,2633,32,37,17,26
2025,401752706,251,55,24,24,12
2025,401752706,2638,21,37,9,14
2025,401752707,87,37,34,28,21
2025,401752707,245,32,37,10,16
2025,401752708,8,30,35,15,16
2025,401752708,235,38,34,14,15
2025,401752709,57,25,27,6,7
2025,401752709,2390,44,31,12,11
2025,401752711,145,41,28,11,11
2025,401752711,2655,39,29,2,4
2025,401752712,344,47,22,20,14
2025,401752712,2459,24,25,16,12
2025,401752713,142,42,28,24,18
2025,401752713,2579,16,33,11,21
2025,401752714,2,26,43,14,30
2025,401752714,201,23,37,20,30
2025,401752715,5,16,53,1,2
2025,401752715,2633,39,30,3,5
2025,401752716,238,33,34,5,7
2025,401752716,2247,17,48,5,5
2025,401752717,8,26,35,3,6
2025,401752717,87,38,33,13,9
2025,401752718,61,31,21,10,7
2025,401752718,333,35,40,19,24
2025,401752719,99,20,35,9,19
2025,401752719,145,42,39,23,27
2025,401752720,344,45,31,34,23
2025,401752720,2633,28,39,16,24
2025,401752721,113,15,36,7,11
2025,401752721,142,48,35,22,14
2025,401752722,96,35,23,15,7
2025,401752722,2579,44,17,9,7
2025,401752723,251,39,29,11,10
2025,401752723,2534,21,29,2,4
2025,401752724,2,19,36,9,15
2025,401752724,245,41,28,17,13
2025,401752725,238,27,35,12,14
2025,401752725,328,22,41,10,16
2025,401752726,238,17,36,12,19
2025,401752726,333,34,35,20,24
2025,401752727,57,37,28,21,16
2025,401752727,251,19,38,3,4
2025,401752728,61,42,27,23,19
2025,401752728,96,20,44,5,6
2025,401752729,201,38,29,4,5
2025,401752729,2309,28,23,4,5
2025,401752730,245,53,24,29,19
2025,401752730,344,27,26,23,14
2025,401752731,2,33,32,18,17
2025,401752731,61,29,40,10,18
2025,401752732,99,28,33,21,25
2025,401752732,2579,40,30,27,15
2025,401752733,145,37,32,27,24
2025,401752733,265,23,34,16,18
2025,401752734,142,26,30,14,8
2025,401752734,333,39,35,29,21
2025,401752735,8,38,34,30,18
2025,401752735,2633,38,25,25,21
2025,401752736,201,24,44,15,23
2025,401752736,251,32,28,23,27
2025,401752737,57,21,38,13,24
2025,401752737,245,43,26,23,22
2025,401752738,333,32,29,11,16
2025,401752738,2633,30,48,8,17
2025,401752739,8,27,37,9,6
2025,401752739,245,34,32,26,24
2025,401752740,2,33,30,23,17
2025,401752740,142,35,38,27,21
2025,401752741,57,30,36,17,29
2025,401752741,344,39,40,28,21
2025,401752742,61,46,32,17,19
2025,401752742,145,24,36,23,26
2025,401752743,96,37,44,24,27
2025,401752743,251,22,28,15,21
2025,401752744,201,38,27,22,19
2025,401752744,2579,28,38,14,5
2025,401752745,99,19,29,9,15
2025,401752745,238,41,23,32,13
2025,401752746,2,45,23,24,15
2025,401752746,8,21,24,12,14
2025,401752747,96,35,37,5,8
2025,401752747,2633,30,26,5,9
2025,401752748,99,20,46,11,21
2025,401752748,245,37,21,20,17
2025,401752749,251,27,52,15,15
2025,401752749,344,36,50,22,21
2025,401752750,145,40,47,20,28
2025,401752750,201,25,35,14,13
2025,401752751,333,20,45,10,22
2025,401752751,2579,36,34,27,27
2025,401752752,142,40,38,28,20
2025,401752752,238,23,21,14,18
2025,401752753,8,40,34,33,20
2025,401752753,344,35,34,20,19
2025,401752754,2,32,38,23,15
2025,401752754,96,29,31,22,19
2025,401752755,57,31,24,20,16
2025,401752755,61,35,30,24,19
2025,401752756,145,41,21,27,17
2025,401752756,2579,26,36,11,16
2025,401752757,201,30,32,20,24
2025,401752757,2633,31,49,25,31
2025,401752758,238,17,44,2,2
2025,401752758,251,26,33,0,5
2025,401752759,99,21,35,10,13
2025,401752759,333,22,37,12,18
2025,401752760,57,29,37,15,12
2025,401752760,96,42,24,16,14
2025,401752762,61,42,30,17,12
2025,401752762,344,39,28,20,10
2025,401752763,142,32,24,10,9
2025,401752763,245,38,30,13,21
2025,401752764,2,32,46,19,19
2025,401752764,238,35,34,14,13
2025,401752765,201,23,25,17,21
2025,401752765,333,29,47,13,19
2025,401752766,61,33,31,8,17
2025,401752766,251,14,45,8,7
2025,401752768,8,31,23,23,16
2025,401752768,99,30,36,12,21
2025,401752769,57,24,32,11,9
2025,401752769,145,41,39,31,31
2025,401752770,142,35,18,18,10
2025,401752770,344,45,43,17,13
2025,401752771,166,27,55,4,11
2025,401752771,2633,39,27,6,6
2025,401752772,245,25,40,5,5
2025,401752772,2579,29,35,10,12
2025,401752775,57,28,19,1,2
2025,401752775,2633,50,23,11,5
2025,401752776,61,39,35,14,8
2025,401752776,2429,15,29,3,3
2025,401752777,98,18,46,15,35
2025,401752777,99,32,44,18,30
2025,401752778,142,31,40,19,13
2025,401752778,201,30,31,9,20
2025,401752779,324,28,37,2,3
2025,401752779,2579,38,33,5,2
2025,401752780,8,31,50,17,15
2025,401752780,251,27,31,15,18
2025,401752782,96,17,50,6,3
2025,401752782,238,21,47,7,10
2025,401752783,8,21,34,17,23
2025,401752783,142,53,9,33,8
2025,401752784,2,35,40,7,13
2025,401752784,333,33,38,11,16
2025,401752785,52,33,32,11,4
2025,401752785,57,42,26,21,16
2025,401752786,59,21,28,8,12
2025,401752786,61,44,23,29,11
2025,401752787,96,20,31,7,14
2025,401752787,97,49,21,5,8
2025,401752788,145,38,35,24,20
2025,401752788,344,39,34,21,9
2025,401752789,99,29,26,21,15
2025,401752789,201,27,40,23,31
2025,401752790,228,39,40,26,28
2025,401752790,2579,14,47,9,24
2025,401752791,238,37,30,25,23
2025,401752791,2633,25,48,17,23
2025,401752792,245,32,32,24,18
2025,401752792,251,32,32,20,24
2025,401752793,135,41,37,20,25
2025,401752793,2084,22,21,15,12
2025,401752794,164,40,33,26,28
2025,401752794,195,38,42,16,16
2025,401752796,158,31,45,21,23
2025,401752796,2132,29,25,11,10
2025,401752797,120,29,47,7,20
2025,401752797,2226,29,62,11,23
2025,401752798,30,29,27,9,8
2025,401752798,2623,23,31,4,7
2025,401752800,26,24,26,3,7
2025,401752800,254,55,27,15,6
2025,401752801,2050,32,19,1,2
2025,401752801,2509,28,29,4,4
2025,401752802,127,40,29,11,11
2025,401752802,2711,19,38,7,6
2025,401752803,77,24,38,10,9
2025,401752803,2655,38,33,12,18
2025,401752805,36,25,35,19,12
2025,401752805,264,47,27,32,21
2025,401752806,84,56,33,21,12
2025,401752806,295,22,21,15,8
2025,401752807,213,35,36,11,5
2025,401752807,2440,27,23,5,4
2025,401752808,130,29,33,13,6
2025,401752808,167,24,51,2,1
2025,401752810,158,31,40,6,6
2025,401752810,2006,33,25,6,1
2025,401752811,213,29,34,18,14
2025,401752811,2229,37,35,13,16
2025,401752812,84,38,28,9,8
2025,401752812,338,30,23,4,2
2025,401752814,30,33,30,12,10
2025,401752814,290,27,49,4,9
2025,401752816,103,25,45,20,25
2025,401752816,127,29,31,19,14
2025,401752818,164,38,39,15,23
2025,401752818,193,20,24,5,8
2025,401752820,275,31,26,17,15
2025,401752820,2393,22,36,16,16
2025,401752822,66,28,27,20,19
2025,401752822,2294,36,27,21,15
2025,401752823,26,28,42,2,2
2025,401752823,2439,27,22,10,5
2025,401752824,197,40,21,1,2
2025,401752824,2483,37,24,1,2
2025,401752825,150,22,41,14,18
2025,401752825,356,36,35,18,28
2025,401752826,120,26,36,21,20
2025,401752826,2459,44,25,18,11
2025,401752827,194,28,33,20,22
2025,401752827,195,30,24,9,11
2025,401752829,356,32,28,13,12
2025,401752829,2711,31,27,4,5
2025,401752830,113,22,27,2,1
2025,401752830,2294,38,33,4,6
2025,401752831,77,34,24,9,6
2025,401752831,2483,29,26,11,12
2025,401752832,30,37,28,17,12
2025,401752832,2509,22,44,7,9
2025,401752837,26,21,33,13,11
2025,401752837,167,46,17,29,15
2025,401752839,130,50,25,7,9
2025,401752839,2117,28,23,0,3
2025,401752840,25,21,44,7,35
2025,401752840,135,35,35,24,21
2025,401752841,204,26,22,19,7
2025,401752841,2483,44,32,13,16
2025,401752842,264,29,22,19,10
2025,401752842,265,24,40,4,4
2025,401752843,84,47,25,10,10
2025,401752843,356,13,32,6,11
2025,401752844,164,27,43,20,29
2025,401752844,2294,34,20,22,12
2025,401752845,120,22,35,6,11
2025,401752845,275,34,41,11,8
2025,401752846,130,29,24,13,16
2025,401752846,158,24,47,16,16
2025,401752847,30,40,26,15,14
2025,401752847,127,30,25,6,6
2025,401752848,87,38,20,16,4
2025,401752848,2509,25,42,8,12
2025,401752849,135,16,44,11,32
2025,401752849,164,33,41,19,23
2025,401752850,30,33,43,19,21
2025,401752850,356,32,27,18,21
2025,401752851,26,26,30,2,7
2025,401752851,77,40,22,17,9
2025,401752852,194,32,29,17,23
2025,401752852,264,24,28,15,13
2025,401752853,84,32,24,22,14
2025,401752853,2294,30,39,18,24
2025,401752854,213,33,28,17,14
2025,401752854,2483,38,39,28,21
2025,401752855,26,49,29,24,17
2025,401752855,213,29,28,0,0
2025,401752856,130,33,29,18,20
2025,401752856,275,27,30,21,14
2025,401752857,120,20,48,9,10
2025,401752857,264,32,41,5,4
2025,401752858,77,38,34,14,17
2025,401752858,2433,27,27,13,8
2025,401752859,135,23,27,3,15
2025,401752859,194,27,28,9,12
2025,401752860,127,33,33,17,13
2025,401752860,158,23,28,20,15
2025,401752861,356,37,24,13,11
2025,401752861,2509,23,52,11,17
2025,401752862,164,23,54,11,20
2025,401752862,264,28,28,17,16
2025,401752863,26,40,27,12,13
2025,401752863,127,24,36,9,8
2025,401752864,135,16,47,6,26
2025,401752864,2509,40,41,34,24
2025,401752865,194,35,27,10,7
2025,401752865,356,23,48,2,4
2025,401752866,77,43,29,24,15
2025,401752866,213,31,19,23,15
2025,401752867,120,28,37,18,14
2025,401752867,158,27,30,20,16
2025,401752868,30,35,32,18,17
2025,401752868,130,28,29,18,13
2025,401752869,275,35,21,4,4
2025,401752869,2294,36,24,9,6
2025,401752870,84,32,32,18,21
2025,401752870,2483,23,38,21,26
2025,401752871,30,27,42,19,29
2025,401752871,87,41,27,25,19
2025,401752872,135,34,21,20,16
2025,401752872,158,20,33,15,19
2025,401752873,130,38,29,21,23
2025,401752873,264,21,34,16,29
2025,401752874,77,47,26,18,9
2025,401752874,2509,24,32,1,2
2025,401752875,213,45,28,27,17
2025,401752875,2294,31,16,15,11
2025,401752876,164,39,29,1,5
2025,401752876,2483,34,24,8,8
2025,401752877,194,25,42,2,12
2025,401752877,275,28,18,3,3
2025,401752878,84,27,28,6,11
2025,401752878,127,20,41,12,18
2025,401752879,26,33,38,21,19
2025,401752879,120,26,49,18,29
2025,401752880,264,29,34,16,16
2025,401752880,356,28,34,8,14
2025,401752881,127,34,38,4,8
2025,401752881,130,47,18,24,12
2025,401752882,135,21,32,1,2
2025,401752882,2294,33,22,11,7
2025,401752883,77,29,29,18,17
2025,401752883,158,37,23,25,12
2025,401752884,164,43,32,8,8
2025,401752884,2509,27,23,18,10
2025,401752885,26,22,31,4,7
2025,401752885,84,46,29,8,7
2025,401752886,275,28,22,16,9
2025,401752886,2483,38,23,20,16
2025,401752887,84,48,24,23,12
2025,401752887,120,16,32,3,11
2025,401752888,127,33,34,17,19
2025,401752888,135,22,40,11,16
2025,401752889,194,30,23,16,16
2025,401752889,213,27,33,5,2
2025,401752890,130,35,24,16,19
2025,401752890,2509,35,29,27,24
2025,401752891,164,25,47,12,20
2025,401752891,356,37,32,12,16
2025,401752892,30,32,26,23,14
2025,401752892,158,39,23,26,18
2025,401752893,84,28,33,14,12
2025,401752893,213,32,33,15,8
2025,401752894,120,29,28,16,11
2025,401752894,164,47,21,22,13
2025,401752895,26,34,28,21,8
2025,401752895,158,35,15,13,6
2025,401752896,30,28,35,15,25
2025,401752896,77,23,32,14,14
2025,401752897,194,41,35,12,12
2025,401752897,2509,21,22,9,12
2025,401752898,2294,42,20,25,10
2025,401752898,2483,36,21,24,10
2025,401752899,264,32,35,17,24
2025,401752899,275,43,19,35,14
2025,401752900,26,25,23,4,4
2025,401752900,194,32,35,8,10
2025,401752901,84,32,30,16,15
2025,401752901,275,28,17,15,13
2025,401752902,264,36,23,17,10
2025,401752902,2509,27,36,8,8
2025,401752903,127,17,32,15,17
2025,401752903,213,45,15,30,12
2025,401752904,135,23,34,1,2
2025,401752904,2483,32,34,8,5
2025,401752905,77,25,28,17,16
2025,401752905,130,41,35,23,23
2025,401752906,120,17,47,10,21
2025,401752906,356,45,26,21,13
2025,401752907,30,27,34,9,14
2025,401752907,2294,33,20,23,14
2025,401752908,158,29,39,9,6
2025,401752908,213,37,12,16,6
2025,401752909,77,38,32,19,20
2025,401752909,135,16,31,10,15
2025,401752910,26,21,38,4,9
2025,401752910,264,37,29,13,10
2025,401752911,30,27,45,11,21
2025,401752911,2483,39,28,19,20
2025,401752912,164,31,24,12,12
2025,401752912,194,36,23,16,13
2025,401752913,127,25,43,21,27
2025,401752913,2294,36,25,21,8
2025,401752914,120,22,46,8,11
2025,401752914,130,48,25,11,11
2025,401752915,275,36,20,20,11
2025,401752915,356,24,40,14,16
2025,401752916,158,35,24,22,12
2025,401752916,2294,45,16,18,8
2025,401752917,264,29,34,8,8
2025,401752917,2483,37,31,18,18
2025,401752918,135,28,25,18,21
2025,401752918,275,27,28,15,14
2025,401752919,26,22,42,17,19
2025,401752919,30,22,30,17,25
2025,401752920,164,38,26,24,17
2025,401752920,213,30,22,22,15
2025,401752921,130,22,18,19,8
2025,401752921,194,47,26,17,22
2025,401752922,77,27,38,17,16
2025,401752922,356,34,17,23,12
2025,401752923,120,13,62,4,26
2025,401752923,127,28,38,17,18
2025,401752924,84,37,17,13,9
2025,401752924,2509,26,48,10,11
2025,401752936,25,32,30,7,6
2025,401752936,204,26,35,1,2
2025,401752937,204,31,51,23,26
2025,401752937,278,26,18,18,11
2025,401752938,204,20,48,4,5
2025,401752938,2641,35,41,6,9
2025,401752939,204,46,33,27,14
2025,401752939,248,23,37,8,10
2025,401752940,204,23,47,2,3
2025,401752940,2026,34,30,20,18
2025,401752942,154,33,38,21,24
2025,401752942,2567,27,40,19,31
2025,401752943,204,37,21,24,16
2025,401752943,265,29,30,19,19
2025,401752944,204,38,45,13,13
2025,401752944,2534,22,25,6,13
2025,401752945,202,45,20,7,2
2025,401752945,204,32,39,2,4
2025,401752946,204,22,47,5,7
2025,401752946,265,34,27,13,16
2025,401752948,21,27,32,12,15
2025,401752948,265,33,42,15,23
2025,401752949,249,28,35,5,6
2025,401752949,265,25,38,1,4
2025,401752950,36,32,32,11,5
2025,401752950,265,29,29,13,13
2025,401752951,258,29,25,10,12
2025,401752951,265,32,28,22,20
2025,401752952,265,39,24,15,13
2025,401752952,2649,23,42,8,13
2025,401752953,265,39,23,10,10
2025,401752953,2348,27,23,5,9
2025,401752954,256,29,19,19,15
2025,401752954,265,37,31,24,22
2025,401754371,25,29,42,19,29
2025,401754371,153,28,36,13,14
2025,401754372,25,24,40,10,21
2025,401754372,259,54,21,23,11
2025,401754373,151,28,46,2,4
2025,401754373,152,30,35,11,14
2025,401754374,154,39,31,24,18
2025,401754374,338,38,35,34,29
2025,401754375,38,29,30,17,14
2025,401754375,59,46,21,35,15
2025,401754516,24,41,34,27,24
2025,401754516,62,19,43,11,17
2025,401754522,87,24,33,13,12
2025,401754522,2390,37,31,23,20
2025,401754523,153,26,23,13,6
2025,401754523,2628,34,37,15,18
2025,401754524,152,33,23,19,15
2025,401754524,258,32,43,23,27
2025,401754525,239,36,49,12,16
2025,401754525,2567,38,23,20,16
2025,401754526,24,20,35,4,6
2025,401754526,252,35,29,11,9
2025,401754527,153,32,24,7,10
2025,401754527,2429,25,43,6,7
2025,401754528,97,27,26,21,18
2025,401754528,256,40,36,27,20
2025,401754529,221,24,32,10,17
2025,401754529,2117,37,30,9,4
2025,401754531,152,41,33,18,19
2025,401754531,154,21,36,17,22
2025,401754533,24,33,22,17,13
2025,401754533,103,21,46,15,28
2025,401754534,150,24,51,4,4
2025,401754534,2655,33,26,13,13
2025,401754535,58,25,43,2,4
2025,401754535,2390,35,29,9,12
2025,401754536,259,30,42,10,5
2025,401754536,295,39,23,14,6
2025,401754537,183,34,40,14,12
2025,401754537,228,21,61,0,0
2025,401754538,150,31,31,15,16
2025,401754538,152,31,40,17,17
2025,401754539,24,25,34,4,7
2025,401754539,258,39,33,6,9
2025,401754540,21,30,20,9,8
2025,401754540,25,26,45,13,15
2025,401754541,52,53,25,11,3
2025,401754541,2309,26,28,1,2
2025,401754542,59,28,20,8,6
2025,401754542,218,42,39,3,5
2025,401754543,52,43,30,28,15
2025,401754543,258,40,36,24,26
2025,401754544,25,38,38,17,19
2025,401754544,103,20,39,13,21
2025,401754545,150,34,29,6,11
2025,401754545,183,26,37,10,13
2025,401754546,59,39,41,14,16
2025,401754546,154,37,30,14,11
2025,401754547,97,30,53,7,11
2025,401754547,221,20,34,13,14
2025,401754548,152,27,38,20,23
2025,401754548,259,28,36,16,29
2025,401754549,23,13,58,6,39
2025,401754549,24,22,47,19,21
2025,401754550,103,21,32,4,6
2025,401754550,221,39,47,8,12
2025,401754551,25,23,37,13,18
2025,401754551,150,34,31,4,5
2025,401754552,153,15,42,3,6
2025,401754552,228,29,38,1,3
2025,401754553,52,36,47,17,8
2025,401754553,2390,29,28,7,9
2025,401754554,97,22,53,15,31
2025,401754554,258,29,31,18,19
2025,401754555,183,31,46,12,7
2025,401754555,2567,24,37,7,12
2025,401754556,154,28,39,18,26
2025,401754556,259,31,29,22,15
2025,401754558,103,26,35,2,1
2025,401754558,228,42,33,16,19
2025,401754559,52,36,25,27,14
2025,401754559,221,34,33,22,22
2025,401754560,59,41,24,13,8
2025,401754560,259,29,24,3,3
2025,401754561,24,26,46,2,8
2025,401754561,2567,21,30,8,17
2025,401754562,87,35,34,23,18
2025,401754562,152,23,34,12,19
2025,401754563,154,24,28,7,5
2025,401754563,204,34,43,4,7
2025,401754564,97,28,38,21,26
2025,401754564,2390,22,34,11,17
2025,401754565,228,26,46,12,10
2025,401754565,2567,27,44,13,25
2025,401754566,59,34,21,16,11
2025,401754566,150,29,44,26,25
2025,401754567,24,38,27,29,21
2025,401754567,52,40,37,21,15
2025,401754568,183,27,36,12,12
2025,401754568,221,33,28,12,14
2025,401754569,41,24,33,13,29
2025,401754569,103,42,36,32,14
2025,401754570,97,28,28,9,14
2025,401754570,103,35,48,28,20
2025,401754571,59,35,31,16,20
2025,401754571,183,32,31,8,8
2025,401754572,24,25,28,16,19
2025,401754572,2390,44,30,25,22
2025,401754573,153,36,39,19,28
2025,401754573,258,27,41,18,26
2025,401754574,152,18,41,2,10
2025,401754574,221,33,49,13,23
2025,401754575,153,42,18,19,9
2025,401754575,183,27,22,13,15
2025,401754576,25,22,34,1,5
2025,401754576,258,42,38,22,21
2025,401754577,150,20,44,11,21
2025,401754577,228,35,37,22,22
2025,401754578,52,36,20,13,8
2025,401754578,154,35,36,17,11
2025,401754579,59,31,37,23,12
2025,401754579,152,32,33,17,21
2025,401754580,97,31,29,11,7
2025,401754580,259,40,24,28,14
2025,401754581,2390,39,38,25,28
2025,401754581,2567,22,47,13,29
2025,401754582,24,22,49,9,15
2025,401754582,221,31,40,13,14
2025,401754583,87,28,25,18,18
2025,401754583,103,27,50,21,28
2025,401754584,103,31,53,5,4
2025,401754584,2567,29,35,3,11
2025,401754585,25,22,52,14,31
2025,401754585,97,28,40,18,23
2025,401754586,52,20,49,7,9
2025,401754586,228,34,29,13,11
2025,401754587,183,36,35,12,13
2025,401754587,2390,29,27,11,18
2025,401754588,24,26,48,20,16
2025,401754588,153,25,27,16,23
2025,401754589,154,40,23,27,13
2025,401754589,258,27,36,21,21
2025,401754590,41,27,43,19,31
2025,401754590,150,32,32,23,15
2025,401754591,97,29,29,21,19
2025,401754591,228,28,35,13,27
2025,401754592,59,41,35,22,18
2025,401754592,103,24,41,20,19
2025,401754593,150,19,38,9,10
2025,401754593,258,41,35,17,20
2025,401754594,52,46,25,26,19
2025,401754594,259,40,19,20,5
2025,401754595,152,18,31,2,7
2025,401754595,2390,36,34,6,9
2025,401754596,153,22,39,17,18
2025,401754596,154,37,26,19,21
2025,401754597,87,35,33,4,2
2025,401754597,221,21,44,2,10
2025,401754598,52,34,32,23,14
2025,401754598,152,36,29,22,14
2025,401754599,24,35,20,21,15
2025,401754599,25,20,55,16,29
2025,401754600,150,39,34,31,21
2025,401754600,153,22,30,11,13
2025,401754601,59,32,42,3,8
2025,401754601,221,30,32,7,8
2025,401754602,97,27,22,8,6
2025,401754602,2567,35,39,15,11
2025,401754603,259,35,32,4,3
2025,401754603,2390,30,33,12,10
2025,401754604,87,21,15,0,0
2025,401754604,183,45,35,2,3
2025,401754606,48,26,48,4,4
2025,401754606,154,33,26,17,12
2025,401754608,103,27,27,19,15
2025,401754608,183,40,19,24,9
2025,401754609,25,36,39,16,16
2025,401754609,2567,28,38,5,6
2025,401754610,150,37,37,15,17
2025,401754610,154,30,45,14,10
2025,401754611,221,17,37,9,17
2025,401754611,2390,36,34,13,15
2025,401754612,152,38,32,20,14
2025,401754612,153,19,40,1,2
2025,401754613,258,44,36,13,12
2025,401754613,259,29,18,16,8
2025,401754614,24,28,41,2,1
2025,401754614,87,37,36,17,5
2025,401754615,2567,30,37,8,11
2025,401754615,2623,22,41,12,17
2025,401754616,258,43,35,18,11
2025,401754616,324,28,37,8,9
2025,401754618,41,32,40,16,20
2025,401754618,183,24,53,15,17
2025,401754623,59,42,28,20,20
2025,401754623,228,35,26,14,15
2025,401754636,2567,25,40,10,11
2025,401754636,2628,32,42,19,29
2025,401754637,228,30,25,10,12
2025,401754637,2653,28,33,13,21
2025,401754638,221,27,39,17,26
2025,401754638,277,49,34,28,16
2025,401754640,153,22,34,1,3
2025,401754640,2116,31,32,8,8
2025,401754642,97,25,35,6,10
2025,401754642,189,29,20,11,6
2025,401756846,66,41,32,25,23
2025,401756846,2306,25,31,23,18
2025,401756847,278,26,32,9,7
2025,401756847,2305,36,22,14,14
2025,401756848,55,36,32,23,14
2025,401756848,2116,35,35,30,21
2025,401756849,12,28,24,7,2
2025,401756849,62,24,51,11,14
2025,401756880,189,29,41,7,10
2025,401756880,2132,27,24,8,8
2025,401756881,38,31,35,8,15
2025,401756881,48,27,37,7,9
2025,401756882,349,70,12,35,3
2025,401756882,2306,17,25,10,12
2025,401756883,195,44,33,34,23
2025,401756883,277,24,33,14,10
2025,401756884,242,49,16,27,6
2025,401756884,248,35,24,21,19
2025,401756885,2309,31,28,2,2
2025,401756885,2641,39,38,6,5
2025,401756888,12,37,36,25,22
2025,401756888,2306,23,30,19,19
2025,401756889,9,35,28,16,9
2025,401756889,326,36,41,11,12
2025,401756890,66,32,28,20,15
2025,401756890,2032,35,37,22,19
2025,401756893,38,20,38,5,9
2025,401756893,248,49,24,30,18
2025,401756895,254,42,39,28,20
2025,401756895,2751,30,25,11,12
2025,401756896,9,46,30,33,22
2025,401756896,239,21,40,13,25
2025,401756897,38,30,30,14,10
2025,401756897,2751,38,28,12,9
2025,401756898,151,33,44,14,16
2025,401756898,252,33,26,15,13
2025,401756899,277,39,32,10,7
2025,401756899,2305,40,26,14,14
2025,401756900,197,32,45,12,8
2025,401756900,202,43,36,16,19
2025,401756901,254,30,42,21,25
2025,401756901,2641,36,36,23,23
2025,401756902,9,36,42,20,19
2025,401756902,2628,18,39,12,20
2025,401756903,38,33,19,17,7
2025,401756903,252,35,29,12,15
2025,401756904,12,23,49,6,9
2025,401756904,66,44,23,14,7
2025,401756905,2132,36,45,26,30
2025,401756905,2305,26,29,13,18
2025,401756906,2116,30,28,8,9
2025,401756906,2306,44,27,22,14
2025,401756907,197,30,47,14,23
2025,401756907,239,39,38,21,20
2025,401756908,254,45,30,13,10
2025,401756908,277,47,15,7,2
2025,401756909,252,41,25,5,5
2025,401756909,277,46,17,12,3
2025,401756910,12,26,48,9,15
2025,401756910,197,28,31,2,6
2025,401756911,239,22,39,16,25
2025,401756911,2306,36,46,24,23
2025,401756912,66,33,49,4,1
2025,401756912,2132,32,24,5,7
2025,401756913,248,28,26,3,0
2025,401756913,2641,46,42,11,14
2025,401756914,38,33,32,24,18
2025,401756914,2628,33,35,21,17
2025,401756915,2116,37,38,20,16
2025,401756915,2305,29,27,12,16
2025,401756916,12,26,39,15,21
2025,401756916,252,45,28,30,14
2025,401756917,2116,39,52,10,9
2025,401756917,2132,27,21,9,10
2025,401756918,38,35,25,22,18
2025,401756918,66,36,32,27,20
2025,401756919,2306,40,28,13,22
2025,401756919,2628,20,48,15,27
2025,401756920,197,29,24,10,15
2025,401756920,248,44,38,15,17
2025,401756921,2305,28,47,7,5
2025,401756921,2641,38,29,12,5
2025,401756922,9,35,45,8,10
2025,401756922,254,42,14,19,9
2025,401756923,9,32,51,18,25
2025,401756923,2641,25,39,15,15
2025,401756924,252,38,26,21,18
2025,401756924,254,34,38,29,23
2025,401756925,12,27,32,14,18
2025,401756925,248,45,25,26,15
2025,401756926,197,48,21,11,6
2025,401756926,2132,29,33,10,11
2025,401756927,239,35,56,16,23
2025,401756927,2628,38,32,15,16
2025,401756928,277,42,33,15,6
2025,401756928,2116,33,40,13,25
2025,401756929,9,17,50,5,5
2025,401756929,248,46,23,12,7
2025,401756930,239,29,27,5,1
2025,401756930,2132,48,21,15,6
2025,401756931,66,30,40,22,16
2025,401756931,252,26,38,14,19
2025,401756932,2305,35,41,14,13
2025,401756932,2306,35,17,14,11
2025,401756933,197,31,32,0,3
2025,401756933,2641,37,32,0,1
2025,401756934,38,31,36,5,4
2025,401756934,254,49,25,9,6
2025,401756935,277,30,42,5,6
2025,401756935,2628,29,40,10,15
2025,401756936,239,37,40,7,10
2025,401756936,2116,22,34,0,3
2025,401756937,12,37,26,4,6
2025,401756937,38,38,38,0,3
2025,401756938,248,28,38,11,17
2025,401756938,277,49,22,28,17
2025,401756939,9,44,24,24,17
2025,401756939,66,30,38,26,19
2025,401756940,197,29,33,14,11
2025,401756940,2305,37,19,20,17
2025,401756941,2306,28,35,15,14
2025,401756941,2641,40,34,27,29
2025,401756942,254,52,31,24,17
2025,401756942,2132,31,33,10,10
2025,401756943,12,24,36,12,18
2025,401756943,2305,40,28,30,17
2025,401756944,66,38,25,20,22
2025,401756944,2628,30,49,24,34
2025,401756945,252,26,39,9,4
2025,401756945,2641,37,36,10,8
2025,401756946,248,46,33,22,20
2025,401756946,2116,29,30,23,26
2025,401756947,38,31,43,7,12
2025,401756947,277,50,30,26,18
2025,401756948,9,35,29,14,16
2025,401756948,277,36,35,18,12
2025,401756949,239,31,60,7,14
2025,401756949,254,39,18,14,9
2025,401756950,252,37,33,8,9
2025,401756950,2628,30,27,1,6
2025,401756951,12,37,34,21,25
2025,401756951,2132,27,29,23,17
2025,401756952,197,27,40,19,26
2025,401756952,2306,27,30,18,20
2025,401756953,2116,25,37,3,0
2025,401756953,2641,33,36,6,4
2025,401756954,12,34,25,22,21
2025,401756954,239,42,36,25,22
2025,401756955,252,47,25,27,20
2025,401756955,2132,22,39,12,10
2025,401756956,9,43,27,24,23
2025,401756956,38,26,43,22,25
2025,401756957,248,38,29,22,11
2025,401756957,2628,33,32,17,25
2025,401756958,66,48,24,14,8
2025,401756958,2305,21,29,2,4
2025,401756959,197,28,30,19,25
2025,401756959,2116,32,26,21,17
2025,401756960,254,45,38,29,19
2025,401756960,2306,38,26,25,19
2025,401756961,9,26,25,19,15
2025,401756961,12,40,46,26,33
2025,401756962,239,25,47,7,13
2025,401756962,248,46,32,27,18
2025,401756963,252,34,29,15,10
2025,401756963,2116,16,42,9,17
2025,401756964,254,28,25,19,16
2025,401756964,2305,50,28,38,14
2025,401756965,38,44,28,32,13
2025,401756965,2306,42,17,27,12
2025,401756966,66,46,21,28,14
2025,401756966,197,20,37,6,15
2025,401756967,2132,16,36,3,4
2025,401756967,2628,50,23,17,14
2025,401756968,277,18,35,2,4
2025,401756968,2641,47,43,9,15
2025,401757165,68,30,43,18,15
2025,401757165,87,28,23,20,18
2025,401757166,87,35,19,14,9
2025,401757166,2426,43,12,23,2
2025,401757168,41,29,37,14,23
2025,401757168,48,36,37,29,26
2025,401757169,41,34,30,23,26
2025,401757169,2050,33,29,18,9
2025,401757170,41,30,32,25,17
2025,401757170,2084,42,29,28,18
2025,401757171,41,30,37,9,9
2025,401757171,2229,30,41,5,3
2025,401757172,41,25,48,14,27
2025,401757172,242,54,23,30,12
2025,401757173,5,29,41,1,1
2025,401757173,41,26,32,6,4
2025,401757174,41,29,23,15,14
2025,401757174,2005,57,11,36,3
2025,401757175,41,29,48,14,20
2025,401757175,2226,31,56,8,18
2025,401757218,98,32,51,17,38
2025,401757218,2534,29,32,16,15
2025,401757224,2439,31,25,12,16
2025,401757224,2534,30,48,6,9
2025,401757225,328,27,35,10,18
2025,401757225,2638,34,42,10,6
2025,401757227,55,48,12,33,6
2025,401757227,2335,33,33,18,12
2025,401757228,276,31,25,20,16
2025,401757228,2623,28,37,15,18
2025,401757229,166,24,47,17,30
2025,401757229,202,37,40,25,25
2025,401757230,62,30,46,13,19
2025,401757230,2534,26,30,14,9
2025,401757232,98,26,41,1,4
2025,401757232,2649,42,21,8,4
2025,401757233,2226,29,52,18,18
2025,401757233,2229,38,25,23,16
2025,401757234,55,41,24,25,12
2025,401757234,290,42,24,23,16
2025,401757256,189,31,32,18,18
2025,401757256,2335,32,28,15,13
2025,401757257,166,15,32,5,8
2025,401757257,2348,61,21,7,4
2025,401757258,2393,26,49,9,11
2025,401757258,2440,32,28,10,9
2025,401757259,48,30,35,15,20
2025,401757259,2229,31,36,10,10
2025,401757261,338,47,35,12,6
2025,401757261,2032,27,45,3,4
2025,401757262,256,37,25,23,19
2025,401757262,2335,38,24,29,11
2025,401757263,2348,35,22,12,5
2025,401757263,2572,33,48,10,11
2025,401757264,276,44,24,31,16
2025,401757264,2393,12,36,10,24
2025,401757267,2433,39,14,9,5
2025,401757267,2638,26,53,10,18
2025,401757268,98,30,34,16,24
2025,401757268,2440,38,32,26,12
2025,401757269,55,49,28,6,3
2025,401757269,2572,47,24,9,4
2025,401757270,338,29,20,4,4
2025,401757270,2393,35,43,4,2
2025,401757271,295,40,27,18,16
2025,401757271,2335,37,15,26,8
2025,401757272,2348,36,31,24,24
2025,401757272,2638,29,44,13,23
2025,401757273,98,25,41,16,30
2025,401757273,2623,30,33,19,25
2025,401757274,166,21,47,15,29
2025,401757274,167,36,29,19,15
2025,401757275,166,29,27,21,19
2025,401757275,2534,25,41,14,19
2025,401757276,48,34,48,21,24
2025,401757276,98,25,32,17,29
2025,401757277,2335,45,32,13,9
2025,401757277,2638,22,30,4,5
2025,401757278,2393,25,45,15,28
2025,401757278,2623,31,35,23,27
2025,401757279,55,62,17,45,7
2025,401757279,2534,28,23,10,13
2025,401757280,338,27,37,14,21
2025,401757280,2348,37,38,20,20
2025,401757281,98,22,41,6,12
2025,401757281,2229,36,33,12,18
2025,401757282,166,36,38,20,16
2025,401757282,2335,28,32,15,12
2025,401757283,48,19,51,9,13
2025,401757283,55,46,26,15,5
2025,401757284,2534,37,40,23,22
2025,401757284,2638,32,27,26,22
2025,401757285,338,41,17,16,8
2025,401757285,2229,35,39,8,10
2025,401757286,98,37,35,19,18
2025,401757286,2348,37,47,15,21
2025,401757287,48,32,45,14,36
2025,401757287,2393,21,49,10,17
2025,401757288,166,23,36,19,18
2025,401757288,2623,26,48,12,23
2025,401757289,338,37,33,17,12
2025,401757289,2638,36,33,23,15
2025,401757290,2348,39,21,9,3
2025,401757290,2534,31,44,2,4
2025,401757291,2229,33,38,24,21
2025,401757291,2623,31,30,19,21
2025,401757292,55,46,22,34,14
2025,401757292,2393,21,46,18,21
2025,401757293,48,24,51,10,19
2025,401757293,2335,40,23,19,10
2025,401757294,98,31,42,16,24
2025,401757294,166,22,44,13,28
2025,401757295,48,23,52,18,29
2025,401757295,2348,31,26,18,18
2025,401757296,2229,33,30,21,20
2025,401757296,2393,21,57,8,18
2025,401757297,55,37,31,23,26
2025,401757297,2638,36,32,24,14
2025,401757298,166,30,52,0,3
2025,401757298,338,43,30,9,4
2025,401757299,2335,42,36,20,16
2025,401757299,2623,19,37,10,14
2025,401757300,48,31,44,17,20
2025,401757300,2534,25,41,7,19
2025,401757301,2229,39,34,29,25
2025,401757301,2335,38,34,22,14
2025,401757302,55,41,15,13,7
2025,401757302,338,43,46,26,18
2025,401757303,98,35,43,22,33
2025,401757303,2393,24,47,8,17
2025,401757304,2623,30,44,7,18
2025,401757304,2638,26,32,5,7
2025,401757305,55,43,34,31,21
2025,401757305,2229,37,29,25,17
2025,401757306,338,39,39,29,17
2025,401757306,2623,26,31,10,12
2025,401757307,2335,43,21,25,10
2025,401757307,2348,54,21,20,6
2025,401757308,2393,29,35,11,16
2025,401757308,2534,22,43,15,19
2025,401757309,166,36,45,10,17
2025,401757309,2638,33,30,20,13
2025,401757310,48,34,38,14,17
2025,401757310,2638,28,48,10,7
2025,401757311,2229,39,24,6,10
2025,401757311,2534,34,37,7,9
2025,401757312,55,46,22,17,6
2025,401757312,98,35,25,27,20
2025,401757313,338,42,24,24,13
2025,401757313,2335,54,24,34,12
2025,401757314,2348,47,13,26,9
2025,401757314,2623,23,35,8,15
2025,401757315,166,24,48,10,25
2025,401757315,2393,31,43,26,21
2025,401760358,23,22,46,13,10
2025,401760358,2117,51,13,24,10
2025,401760361,278,44,27,26,22
2025,401760361,290,21,27,13,14
2025,401760368,328,31,26,14,15
2025,401760368,2005,60,24,23,5
2025,401760372,68,28,26,17,20
2025,401760372,2005,53,21,29,7
2025,401760373,36,34,40,24,17
2025,401760373,2636,32,26,27,21
2025,401760374,62,23,51,11,30
2025,401760374,278,27,29,21,18
2025,401760376,193,22,34,9,14
2025,401760376,2439,53,65,8,16
2025,401760378,62,27,47,18,34
2025,401760378,2005,31,14,13,5
2025,401760379,68,39,39,9,7
2025,401760379,2026,23,31,6,8
2025,401760380,21,42,23,24,19
2025,401760380,2459,37,18,27,10
2025,401760381,2005,43,22,35,13
2025,401760381,2426,27,26,18,14
2025,401760382,21,47,17,19,12
2025,401760382,36,30,34,6,6
2025,401760383,278,29,29,17,11
2025,401760383,2440,34,21,14,5
2025,401760384,23,33,30,20,15
2025,401760384,167,23,44,5,7
2025,401760385,2439,36,22,6,1
2025,401760385,2751,26,45,3,4
2025,401760386,2005,65,17,41,9
2025,401760386,2439,25,32,12,20
2025,401760387,68,47,35,34,24
2025,401760387,167,18,32,12,14
2025,401760388,36,33,18,5,3
2025,401760388,278,23,55,4,7
2025,401760389,62,21,59,12,41
2025,401760389,328,25,37,20,22
2025,401760390,21,38,19,5,2
2025,401760390,2440,29,34,5,6
2025,401760391,23,25,56,8,16
2025,401760391,2751,23,42,3,6
2025,401760392,2005,55,10,39,9
2025,401760392,2751,34,30,21,16
2025,401760393,68,30,25,11,14
2025,401760393,2439,36,32,10,9
2025,401760394,36,28,35,12,10
2025,401760394,62,26,38,16,23
2025,401760395,167,38,24,30,14
2025,401760395,2440,27,30,8,7
2025,401760396,23,27,51,25,30
2025,401760396,328,34,36,21,22
2025,401760397,68,47,33,31,23
2025,401760397,2440,22,34,15,24
2025,401760398,36,26,35,3,2
2025,401760398,2751,33,25,14,11
2025,401760399,21,42,20,12,9
2025,401760399,278,22,43,5,9
2025,401760400,167,41,22,13,8
2025,401760400,328,21,26,5,5
2025,401760401,349,44,9,19,5
2025,401760401,2005,48,19,40,11
2025,401760402,68,25,37,18,15
2025,401760402,278,44,21,20,10
2025,401760403,23,25,40,12,24
2025,401760403,62,24,48,10,16
2025,401760404,167,24,30,12,13
2025,401760404,2439,28,48,10,10
2025,401760405,21,37,22,14,13
2025,401760405,2751,32,30,17,12
2025,401760406,23,17,42,6,9
2025,401760406,2005,61,10,27,2
2025,401760407,36,32,32,21,12
2025,401760407,2439,39,24,13,15
2025,401760408,21,30,30,5,4
2025,401760408,62,31,35,8,16
2025,401760409,328,38,35,5,7
2025,401760409,2440,28,28,2,1
2025,401760410,21,42,10,24,9
2025,401760410,68,40,18,34,7
2025,401760411,36,21,50,15,25
2025,401760411,167,35,29,17,19
2025,401760412,278,44,27,33,17
2025,401760412,2751,31,30,19,16
2025,401760413,23,25,33,3,8
2025,401760413,2440,42,19,5,3
2025,401760414,328,30,45,18,33
2025,401760414,2439,29,47,13,24
2025,401760415,167,37,18,16,8
2025,401760415,2005,44,15,4,2
2025,401760416,36,15,45,5,13
2025,401760416,68,49,37,23,17
2025,401760417,278,25,37,21,14
2025,401760417,328,43,35,16,21
2025,401760418,62,23,26,3,5
2025,401760418,2439,40,27,10,12
2025,401760419,2440,39,18,23,13
2025,401760419,2751,23,40,12,10
2025,401760420,21,39,17,16,8
2025,401760420,23,32,42,11,14
2025,401760421,36,7,38,1,2
2025,401760421,2005,66,5,36,2
2025,401760422,68,44,51,25,29
2025,401760422,328,30,34,21,26
2025,401760423,23,26,35,7,11
2025,401760423,278,52,21,23,10
2025,401760424,62,27,25,15,11
2025,401760424,2751,24,40,9,11
2025,401760425,2439,31,22,9,6
2025,401760425,2440,30,37,7,6
2025,401760426,21,38,28,20,11
2025,401760426,167,28,31,17,18
2025,401761589,2026,37,50,12,23
2025,401761589,2429,29,28,19,12
2025,401761592,242,49,11,36,8
2025,401761592,309,28,30,17,15
2025,401761594,326,38,28,19,17
2025,401761594,2199,31,34,9,6
2025,401761598,235,39,19,27,12
2025,401761598,2247,22,43,19,25
2025,401761601,6,40,25,16,10
2025,401761601,2655,43,28,18,11
2025,401761603,326,43,21,35,13
2025,401761603,2636,32,43,16,18
2025,401761604,151,47,37,8,15
2025,401761604,324,21,43,3,6
2025,401761607,2026,32,56,12,15
2025,401761607,2572,22,30,8,12
2025,401761608,235,41,29,21,16
2025,401761608,2653,19,36,7,11
2025,401761610,309,29,35,23,15
2025,401761610,2199,35,32,24,22
2025,401761611,6,41,37,34,21
2025,401761611,324,27,25,18,20
2025,401761613,2084,34,28,19,15
2025,401761613,2653,40,43,22,14
2025,401761614,256,49,22,18,8
2025,401761614,290,19,31,6,13
2025,401761615,276,41,28,19,12
2025,401761615,309,41,28,18,15
2025,401761616,2032,21,54,13,20
2025,401761616,2433,33,24,13,10
2025,401761617,6,43,34,22,14
2025,401761617,249,35,27,23,22
2025,401761618,256,38,23,25,17
2025,401761618,2247,19,34,14,20
2025,401761619,295,40,36,11,10
2025,401761619,324,32,32,5,3
2025,401761620,326,46,25,31,20
2025,401761620,2032,29,41,19,24
2025,401761621,6,46,17,32,11
2025,401761621,2653,43,20,32,10
2025,401761622,290,29,47,9,18
2025,401761622,2572,46,29,19,10
2025,401761623,324,47,19,26,12
2025,401761623,2433,30,27,9,4
2025,401761624,2026,32,39,15,20
2025,401761624,2247,19,63,8,19
2025,401761625,256,38,39,30,28
2025,401761625,309,25,31,17,15
2025,401761626,276,48,28,18,19
2025,401761626,295,36,32,11,8
2025,401761627,326,47,23,17,4
2025,401761627,2653,24,43,3,5
2025,401761628,6,34,28,21,23
2025,401761628,2032,31,46,19,25
2025,401761629,324,38,24,5,7
2025,401761629,2026,31,44,25,22
2025,401761630,290,41,26,26,18
2025,401761630,2247,33,38,27,17
2025,401761631,256,48,29,25,20
2025,401761631,295,26,22,14,14
2025,401761632,276,71,55,53,33
2025,401761632,326,65,58,42,42
2025,401761633,2433,25,43,8,7
2025,401761633,2653,29,21,20,19
2025,401761634,6,43,24,18,12
2025,401761634,2247,36,33,8,9
2025,401761635,295,43,37,24,14
2025,401761635,2026,17,55,11,20
2025,401761636,290,35,28,22,18
2025,401761636,2032,46,40,24,25
2025,401761637,2433,40,26,16,8
2025,401761637,2572,35,26,20,14
2025,401761638,309,38,27,19,7
2025,401761638,2653,34,27,29,19
2025,401761639,256,40,20,11,11
2025,401761639,326,37,36,9,7
2025,401761640,276,44,37,27,20
2025,401761640,324,44,21,18,11
2025,401761641,295,39,26,6,7
2025,401761641,2433,41,27,9,3
2025,401761642,6,35,34,3,6
2025,401761642,309,41,17,21,8
2025,401761643,2032,31,28,5,4
2025,401761643,2653,25,43,4,3
2025,401761644,290,34,39,8,7
2025,401761644,2026,20,55,3,6
2025,401761645,324,45,20,18,10
2025,401761645,2247,35,40,17,14
2025,401761646,256,31,25,16,15
2025,401761646,276,49,37,23,12
2025,401761647,2032,33,52,6,13
2025,401761647,2572,39,38,10,11
2025,401761648,309,50,26,17,13
2025,401761648,326,21,37,9,9
2025,401761649,295,46,22,14,6
2025,401761649,2653,25,32,3,2
2025,401761650,290,36,37,16,16
2025,401761650,324,37,37,15,17
2025,401761651,276,32,29,21,20
2025,401761651,2247,33,42,26,21
2025,401761652,256,49,38,14,15
2025,401761652,2026,13,39,8,7
2025,401761653,6,50,24,19,16
2025,401761653,2433,22,21,17,11
2025,401761654,326,47,19,16,8
2025,401761654,2572,29,44,5,4
2025,401761655,309,40,29,29,20
2025,401761655,2032,34,44,18,19
2025,401761656,276,38,31,26,19
2025,401761656,2026,37,29,22,19
2025,401761657,290,17,44,2,5
2025,401761657,295,55,24,7,2
2025,401761658,6,48,27,23,15
2025,401761658,2572,21,53,4,6
2025,401761659,326,41,34,23,28
2025,401761659,2433,34,27,14,12
2025,401761660,2247,33,51,17,17
2025,401761660,2653,27,47,16,34
2025,401761661,2026,35,40,18,16
2025,401761661,2032,31,50,22,21
2025,401761662,256,45,23,7,5
2025,401761662,324,21,42,3,3
2025,401761663,276,16,35,4,5
2025,401761663,290,44,40,16,16
2025,401761664,295,50,23,21,15
2025,401761664,2247,29,38,27,22
2025,401761665,309,38,30,24,18
2025,401761665,2433,40,36,27,22
2025,401761666,2572,25,38,16,10
2025,401761666,2653,35,37,20,20
2025,401761667,6,37,33,18,9
2025,401761667,326,43,25,22,14
2025,401761668,309,45,29,33,13
2025,401761668,2572,38,18,24,16
2025,401762441,349,47,12,31,5
2025,401762441,2636,22,43,14,18
2025,401762442,218,37,33,16,11
2025,401762442,249,37,24,7,7
2025,401762443,2636,31,33,7,11
2025,401762443,2655,24,37,14,7
2025,401762456,113,20,41,15,16
2025,401762456,218,35,29,11,12
2025,401762458,5,26,32,20,15
2025,401762458,2426,48,8,38,8
2025,401762461,249,27,35,15,23
2025,401762461,2711,56,15,37,10
2025,401762463,5,26,45,12,26
2025,401762463,2006,36,39,16,15
2025,401762465,202,29,39,16,21
2025,401762465,2426,61,11,21,5
2025,401762468,242,46,12,20,6
2025,401762468,2429,26,50,17,18
2025,401762469,249,39,33,13,17
2025,401762469,349,62,13,6,0
2025,401762471,151,49,23,10,5
2025,401762471,349,52,13,2,1
2025,401762472,235,42,22,26,13
2025,401762472,2226,28,51,23,27
2025,401762473,242,37,23,5,1
2025,401762473,2426,46,13,17,3
2025,401762474,202,31,42,16,15
2025,401762474,2655,39,36,21,17
2025,401762475,58,62,35,11,6
2025,401762475,2429,32,30,3,3
2025,401762476,5,17,43,10,17
2025,401762476,349,57,5,36,2
2025,401762477,242,47,18,21,4
2025,401762477,2226,30,34,14,21
2025,401762478,202,24,34,5,10
2025,401762478,235,43,31,20,15
2025,401762479,218,26,26,7,11
2025,401762479,2636,27,40,19,24
2025,401762480,151,40,32,22,14
2025,401762480,2655,25,37,14,23
2025,401762481,58,50,32,23,20
2025,401762481,249,27,49,17,23
2025,401762482,5,23,45,1,5
2025,401762482,2226,31,31,7,7
2025,401762483,349,62,6,27,0
2025,401762483,2429,27,28,14,6
2025,401762484,218,38,37,24,27
2025,401762484,2426,36,18,9,5
2025,401762485,242,46,20,6,2
2025,401762485,2636,31,24,5,6
2025,401762486,151,50,39,14,18
2025,401762486,202,36,46,5,8
2025,401762487,5,39,28,27,14
2025,401762487,235,23,36,10,10
2025,401762488,349,62,11,40,6
2025,401762488,2655,28,29,19,15
2025,401762489,218,26,24,11,7
2025,401762489,2429,43,30,12,11
2025,401762490,58,50,26,22,15
2025,401762490,2226,25,62,4,15
2025,401762491,249,41,37,14,14
2025,401762491,2636,27,29,6,6
2025,401762492,249,26,52,15,32
2025,401762492,2429,25,38,17,30
2025,401762493,2226,23,58,13,20
2025,401762493,2426,54,13,39,11
2025,401762494,58,36,45,28,27
2025,401762494,235,31,48,11,21
2025,401762495,202,42,32,20,18
2025,401762495,218,33,36,20,18
2025,401762497,235,30,25,8,7
2025,401762497,242,46,18,7,2
2025,401762498,151,48,24,25,9
2025,401762498,218,27,27,10,9
2025,401762499,249,40,26,16,16
2025,401762499,2426,44,15,6,6
2025,401762500,58,28,18,0,0
2025,401762500,2636,32,50,8,7
2025,401762501,235,23,46,7,12
2025,401762501,2655,27,25,12,10
2025,401762502,5,23,39,16,15
2025,401762502,242,55,16,40,12
2025,401762503,218,21,25,19,19
2025,401762503,349,61,3,34,2
2025,401762504,151,39,47,8,13
2025,401762504,2429,23,40,1,2
2025,401762505,202,47,51,8,13
2025,401762505,2226,23,33,9,11
2025,401762506,5,33,49,2,2
2025,401762506,249,34,25,12,8
2025,401762507,2429,25,32,16,20
2025,401762507,2636,37,37,24,25
2025,401762508,151,36,36,29,28
2025,401762508,235,31,46,20,25
2025,401762509,2226,28,58,6,14
2025,401762509,2655,34,28,9,12
2025,401762510,58,35,34,14,12
2025,401762510,2426,52,20,31,11
2025,401762511,5,40,42,20,12
2025,401762511,58,32,27,16,12
2025,401762512,202,37,32,14,18
2025,401762512,349,54,10,20,6
2025,401762513,151,29,35,5,4
2025,401762513,2636,39,33,8,9
2025,401762514,242,52,22,28,8
2025,401762514,249,32,23,10,7
2025,401762515,218,16,41,8,4
2025,401762515,2655,37,30,12,10
2025,401762516,235,24,41,18,20
2025,401762516,2426,57,10,38,7
2025,401762517,5,51,20,33,15
2025,401762517,202,41,23,30,15
2025,401762518,2429,18,30,1,2
2025,401762518,2655,35,39,10,6
2025,401762519,151,53,31,10,4
2025,401762519,2226,18,54,0,1
2025,401762520,58,45,28,9,7
2025,401762520,242,39,19,10,3
2025,401762521,349,33,11,29,7
2025,401762521,2426,47,16,19,3
2025,401762522,58,24,29,14,22
2025,401762522,68,37,49,18,19
2025,401762789,2006,25,42,18,21
2025,401762789,2751,40,37,25,29
2025,401762791,193,18,21,14,9
2025,401762791,275,40,35,24,25
2025,401762817,2084,28,40,22,20
2025,401762817,2309,40,33,22,17
2025,401762820,2649,40,31,22,13
2025,401762820,2711,32,37,13,14
2025,401762824,2006,29,27,1,2
2025,401762824,2649,36,25,4,4
2025,401762825,189,31,33,16,10
2025,401762825,195,34,27,16,16
2025,401762826,2117,48,19,18,7
2025,401762826,2199,26,30,6,8
2025,401762829,2006,36,32,21,19
2025,401762829,2117,35,31,19,6
2025,401762830,195,32,32,22,21
2025,401762830,2050,42,33,14,14
2025,401762831,2084,26,40,20,20
2025,401762831,2199,49,28,29,20
2025,401762832,113,23,40,19,16
2025,401762832,2711,40,25,24,23
2025,401762833,193,38,26,18,18
2025,401762833,2006,22,41,12,20
2025,401762834,2050,22,28,8,8
2025,401762834,2711,43,29,9,7
2025,401762835,189,36,17,4,2
2025,401762835,2649,40,31,15,8
2025,401762836,2199,37,31,25,23
2025,401762836,2459,39,25,28,9
2025,401762837,113,29,55,5,4
2025,401762837,2309,41,24,6,3
2025,401762838,2006,30,43,15,23
2025,401762838,2050,37,24,24,20
2025,401762839,189,31,28,13,5
2025,401762839,2117,45,5,15,4
2025,401762840,113,40,18,22,10
2025,401762840,2084,27,61,23,36
2025,401762841,193,51,23,32,16
2025,401762841,2199,17,39,6,12
2025,401762842,2309,24,24,14,14
2025,401762842,2649,34,32,12,17
2025,401762843,195,48,24,7,6
2025,401762843,2459,23,32,4,4
2025,401762844,2006,34,36,17,32
2025,401762844,2084,29,41,25,22
2025,401762845,2050,38,27,23,13
2025,401762845,2459,56,12,43,11
2025,401762846,189,45,29,25,12
2025,401762846,2309,27,24,13,11
2025,401762847,113,22,54,6,5
2025,401762847,2117,52,14,14,3
2025,401762848,195,40,30,26,19
2025,401762848,2199,25,30,17,20
2025,401762849,189,37,34,11,7
2025,401762849,2084,27,24,6,6
2025,401762850,2117,32,13,29,11
2025,401762850,2711,39,27,18,16
2025,401762851,113,26,29,8,5
2025,401762851,2006,44,22,13,9
2025,401762852,193,28,27,22,16
2025,401762852,195,27,32,19,18
2025,401762853,2050,28,33,21,22
2025,401762853,2309,32,29,15,10
2025,401762854,2459,32,33,10,8
2025,401762854,2649,29,33,8,9
2025,401762855,189,33,16,24,5
2025,401762855,2199,35,39,21,32
2025,401762856,2006,30,65,19,25
2025,401762856,2309,20,26,12,20
2025,401762857,195,37,21,29,12
2025,401762857,2711,39,14,24,9
2025,401762858,2084,29,47,21,23
2025,401762858,2117,29,26,18,14
2025,401762859,113,24,43,5,3
2025,401762859,2459,54,8,10,3
2025,401762860,193,26,44,14,13
2025,401762860,2649,32,30,17,17
2025,401762861,2050,33,26,12,8
2025,401762861,2199,37,29,14,11
2025,401762862,189,41,29,27,20
2025,401762862,2006,31,30,21,21
2025,401762863,113,36,31,15,8
2025,401762863,195,54,10,34,5
2025,401762864,2459,39,17,19,4
2025,401762864,2711,57,9,18,4
2025,401762865,193,34,27,21,23
2025,401762865,2084,27,54,22,24
2025,401762866,2117,42,22,18,8
2025,401762866,2309,32,32,4,5
2025,401762867,2050,39,40,3,4
2025,401762867,2649,28,27,4,5
2025,401762868,113,26,38,1,2
2025,401762868,189,47,8,7,3
2025,401762869,2199,22,42,13,13
2025,401762869,2711,47,14,20,4
2025,401762870,195,52,26,28,15
2025,401762870,2084,30,29,14,10
2025,401762871,2309,34,23,24,17
2025,401762871,2459,58,10,40,4
2025,401762872,2117,32,34,24,18
2025,401762872,2649,35,26,21,23
2025,401762873,193,47,28,23,17
2025,401762873,2459,20,31,16,20
2025,401762874,193,30,30,17,22
2025,401762874,2711,36,32,25,16
2025,401762875,193,38,25,10,12
2025,401762875,2050,30,29,8,4
2025,401777324,249,29,39,11,15
2025,401777324,2655,49,23,18,9
2025,401777325,55,37,24,16,12
2025,401777325,338,30,36,20,18
2025,401777326,68,36,32,9,10
2025,401777326,2439,31,40,9,8
2025,401777327,252,28,31,20,22
2025,401777327,2641,36,35,20,25
2025,401777328,150,42,26,18,18
2025,401777328,258,28,41,24,17
2025,401777329,193,27,41,8,10
2025,401777329,2711,52,15,26,8
2025,401777351,61,37,27,16,9
2025,401777351,333,12,42,6,7
2025,401777352,256,36,28,27,18
2025,401777352,2653,19,47,8,27
2025,401777353,84,31,26,21,22
2025,401777353,194,21,35,14,22
2026,401856634,151,19,22,2,1
2026,401856634,333,46,32,10,6
2026,401856636,2,36,39,28,24
2026,401856636,239,43,55,23,31
2026,401856637,57,40,27,6,4
2026,401856637,2226,35,55,2,12
2026,401856660,99,58,36,15,8
2026,401856660,228,22,26,5,5
2026,401856661,97,36,32,26,19
2026,401856661,145,41,36,29,22
2026,401856662,344,34,42,4,9
2026,401856662,2433,38,30,1,3
2026,401856664,201,38,21,9,3
2026,401856664,2638,33,22,2,1
2026,401856665,2309,24,24,7,8
2026,401856665,2579,37,34,12,10
2026,401856667,251,35,34,4,7
2026,401856667,326,39,31,6,8
2026,401856668,245,45,40,10,9
2026,401856668,2623,21,18,1,8
2026,401856670,8,24,52,8,15
2026,401856670,254,31,28,10,9
2026,401856671,2,50,34,8,6
2026,401856671,2572,21,36,2,10
2026,401856673,61,32,25,2,2
2026,401856673,98,35,39,2,1
2026,401856674,96,27,34,19,18
2026,401856674,333,36,27,22,21
2026,401856676,145,23,35,8,12
2026,401856676,2429,32,29,5,5
2026,401856677,135,13,50,9,6
2026,401856677,344,45,22,9,5
2026,401856678,142,41,30,22,21
2026,401856678,2305,31,34,16,15
2026,401856679,130,38,19,25,17
2026,401856679,201,26,36,10,16
2026,401856681,59,26,44,7,20
2026,401856681,2633,43,21,18,14
2026,401856682,194,29,34,10,11
2026,401856682,251,38,39,3,2
2026,401856683,9,27,35,17,26
2026,401856683,245,31,27,19,19
2026,401856684,48,30,38,7,12
2026,401856684,238,31,33,14,11
2026,401856685,52,32,32,21,12
2026,401856685,333,32,31,14,10
2026,401856686,8,17,45,8,10
2026,401856686,61,37,24,15,6
2026,401856687,2,23,42,7,11
2026,401856687,57,48,25,25,17
2026,401856688,99,40,29,6,2
2026,401856688,145,20,50,7,20
2026,401856689,142,26,19,11,9
2026,401856689,2653,37,35,24,22
2026,401856690,167,32,25,20,20
2026,401856690,201,29,26,21,16
2026,401856691,344,27,30,5,12
2026,401856691,2579,36,43,19,12
2026,401856692,338,27,36,7,5
2026,401856692,2633,39,27,9,8
2026,401856693,251,47,37,10,13
2026,401856693,2636,21,24,10,6
2026,401856694,96,32,20,18,17
2026,401856694,245,35,49,22,18
2026,401856695,152,37,39,8,6
2026,401856695,238,24,33,3,4
2026,401856696,333,26,29,5,7
2026,401856696,2579,38,34,8,9
2026,401856697,8,39,39,10,6
2026,401856697,202,21,34,1,2
2026,401856698,2,27,28,13,14
2026,401856698,238,37,38,14,10
2026,401856699,57,53,22,21,12
2026,401856699,145,26,35,4,0
2026,401856700,61,25,27,9,10
2026,401856700,201,31,36,3,5
2026,401856702,99,38,28,15,11
2026,401856702,245,29,30,15,12
2026,401856703,142,33,42,16,21
2026,401856703,344,36,42,19,24
2026,401856704,251,31,25,19,21
2026,401856704,2633,34,42,26,22
2026,401856705,61,31,33,15,23
2026,401856705,238,22,27,14,10
2026,401856707,333,31,28,12,11
2026,401856707,344,25,45,6,8
2026,401856708,57,22,42,14,17
2026,401856708,142,32,32,10,19
2026,401856709,96,34,44,7,13
2026,401856709,2579,36,37,18,12
2026,401856710,2,28,37,16,22
2026,401856710,2633,45,21,28,11
2026,401856711,8,21,26,5,9
2026,401856711,245,49,19,26,8
2026,401856766,153,26,31,18,23
2026,401856766,2628,35,35,26,24
2026,401856772,197,34,50,22,25
2026,401856772,202,32,23,18,15
2026,401856776,38,46,28,31,17
2026,401856776,59,27,27,17,18
2026,401856777,103,33,39,10,7
2026,401856777,2132,42,16,15,8
2026,401856778,204,21,52,12,11
2026,401856778,248,40,32,15,16
2026,401856780,277,58,15,10,4
2026,401856780,324,21,42,5,7
2026,401856781,265,26,24,9,3
2026,401856781,2306,40,34,20,19
2026,401856782,197,37,45,23,32
2026,401856782,2483,26,32,11,13
2026,401856783,204,17,54,13,30
2026,401856783,2641,41,33,26,26
2026,401856788,66,33,18,28,14
2026,401856788,2294,29,30,11,16
2026,401856790,221,38,30,19,22
2026,401856790,2116,19,33,3,14
2026,401856792,2306,34,28,23,24
2026,401856792,2655,27,32,13,10
2026,401856793,12,19,41,5,17
2026,401856793,2459,22,45,8,20
2026,401856795,36,23,41,4,10
2026,401856795,252,38,17,10,4
2026,401856796,38,32,30,14,7
2026,401856796,77,45,23,18,6
2026,401856797,193,25,31,14,11
2026,401856797,2132,29,46,7,7
2026,401856798,66,43,19,7,6
2026,401856798,189,29,22,8,13
2026,401856799,2032,28,26,19,13
2026,401856799,2628,38,29,26,18
2026,401856800,2116,40,17,24,17
2026,401856800,2247,33,51,15,10
2026,401856801,254,35,38,8,8
2026,401856801,328,21,33,1,2
2026,401856802,258,34,36,27,20
2026,401856802,277,49,18,32,15
2026,401856804,12,31,38,14,27
2026,401856804,265,27,43,21,24
2026,401856805,2534,25,40,7,12
2026,401856805,2641,34,31,10,7
2026,401856806,248,39,22,16,11
2026,401856806,290,23,41,8,16
2026,401856807,2305,57,25,16,6
2026,401856807,2393,14,27,4,8
2026,401856810,12,28,34,23,27
2026,401856810,252,27,27,12,17
2026,401856811,248,33,41,29,23
2026,401856811,2641,30,29,11,15
2026,401856812,9,38,25,16,13
2026,401856812,2305,40,33,15,9
2026,401856813,38,34,46,23,19
2026,401856813,239,34,39,17,29
2026,401856814,2132,38,14,23,10
2026,401856814,2306,29,51,19,29
2026,401856815,2116,30,22,18,19
2026,401856815,2628,23,44,18,25
2026,401856816,66,32,41,6,3
2026,401856816,254,30,28,8,7
2026,401856817,9,27,47,5,12
2026,401856817,239,33,44,6,8
2026,401856818,252,34,25,25,17
2026,401856818,2628,26,29,18,18
2026,401856819,248,41,34,18,15
2026,401856819,2116,19,40,9,15
2026,401856820,12,35,40,15,17
2026,401856820,2132,24,32,13,14
2026,401856821,38,31,49,22,26
2026,401856821,2641,36,28,26,20
2026,401856822,66,44,31,26,18
2026,401856822,277,38,25,18,16
2026,401856881,197,38,26,17,16
2026,401856881,277,62,26,53,10
2026,401858201,24,37,34,24,17
2026,401858201,62,19,54,6,22
2026,401858202,152,22,29,2,6
2026,401858202,258,56,12,13,1
2026,401858204,154,31,35,7,13
2026,401858204,2006,32,35,2,3
2026,401858206,24,22,43,3,9
2026,401858206,2390,30,35,2,6
2026,401858207,193,18,39,1,5
2026,401858207,221,30,46,5,11
2026,401858209,150,48,26,22,10
2026,401858209,2655,21,33,11,7
2026,401858210,25,38,48,26,24
2026,401858210,26,27,24,14,20
2026,401858212,52,41,26,29,15
2026,401858212,2567,31,36,20,26
2026,401858214,103,29,30,7,4
2026,401858214,164,38,30,11,3
2026,401858216,25,23,35,15,25
2026,401858216,183,32,54,23,33
2026,401858217,150,32,22,14,9
2026,401858217,356,32,35,22,23
2026,401858219,228,36,36,14,11
2026,401858219,290,15,51,2,7
2026,401858221,259,38,48,11,13
2026,401858221,295,21,26,2,1
2026,401858224,154,39,29,29,19
2026,401858224,2509,37,45,10,12
2026,401858225,183,36,35,12,8
2026,401858225,221,34,25,13,8
2026,401858226,154,13,49,7,7
2026,401858226,2390,30,34,12,14
2026,401858229,153,36,33,12,13
2026,401858229,228,32,32,11,11
2026,401858230,97,34,23,26,16
2026,401858230,2567,42,37,27,23
2026,401858231,24,18,41,10,10
2026,401858231,150,46,24,24,16
2026,401858232,120,19,44,3,2
2026,401858232,259,31,40,14,17
2026,401858234,25,23,31,21,16
2026,401858234,228,42,23,30,17
2026,401858238,2117,21,29,7,6
2026,401858238,2390,31,36,7,12
2026,401858239,48,27,30,2,4
2026,401858239,258,36,48,13,13
2026,401858240,24,34,36,19,19
2026,401858240,59,27,41,20,23
2026,401858241,2567,36,40,15,22
2026,401858241,2623,20,40,14,11
2026,401858242,103,34,26,24,19
2026,401858242,259,37,37,25,22
2026,401858243,97,34,40,24,23
2026,401858243,154,38,22,24,17
2026,401858245,221,29,31,14,8
2026,401858245,259,30,43,16,21
2026,401858246,103,28,37,14,22
2026,401858246,2567,28,32,17,20
2026,401858247,25,20,61,9,28
2026,401858247,2439,32,25,16,15
2026,401858248,97,22,33,4,7
2026,401858248,152,39,43,20,30
2026,401858249,228,25,50,5,7
2026,401858249,2390,33,29,7,9
2026,401858250,87,43,30,27,19
2026,401858250,153,22,29,8,9
2026,401858251,24,30,37,5,7
2026,401858251,154,35,31,7,7
2026,401858252,41,31,43,12,13
2026,401858252,183,45,39,12,11
2026,401858253,52,40,23,18,13
2026,401858253,258,28,42,11,13
2026,401858423,113,39,23,12,10
2026,401858423,164,19,43,10,8
2026,401858424,5,46,31,14,8
2026,401858424,356,25,17,14,9
2026,401858425,84,30,15,9,4
2026,401858425,249,37,30,5,7
2026,401858426,2294,36,40,6,6
2026,401858426,2459,24,30,1,2
2026,401858428,130,23,23,17,14
2026,401858428,2711,42,24,25,18
2026,401858429,127,45,37,24,16
2026,401858429,2649,18,23,7,8
2026,401858430,158,39,33,27,24
2026,401858430,195,31,34,18,21
2026,401858432,194,33,39,8,11
2026,401858432,2050,21,38,3,6
2026,401858433,68,32,32,23,19
2026,401858433,2483,24,40,15,27
2026,401858434,213,44,28,5,4
2026,401858434,276,24,29,1,2
2026,401858436,30,36,31,11,15
2026,401858436,278,23,18,8,6
2026,401858437,264,28,34,10,13
2026,401858437,265,28,28,6,9
2026,401858438,87,31,30,18,21
2026,401858438,275,29,32,12,13
2026,401858440,127,43,27,20,15
2026,401858440,2199,22,30,7,10
2026,401858441,158,32,32,9,9
2026,401858441,189,30,17,5,3
2026,401858442,213,35,28,15,13
2026,401858442,218,31,23,18,16
2026,401858443,21,36,20,22,11
2026,401858443,26,39,24,26,20
2026,401858444,41,25,26,13,14
2026,401858444,120,35,43,13,20
2026,401858445,30,39,30,21,19
2026,401858445,309,29,23,4,2
2026,401858446,264,31,43,23,29
2026,401858446,328,26,31,15,15
2026,401858449,84,39,27,12,15
2026,401858449,98,27,32,15,16
2026,401858450,130,40,28,24,16
2026,401858450,2638,28,19,13,7
2026,401858451,135,32,31,4,12
2026,401858451,2006,18,41,4,8
2026,401858453,87,39,25,25,18
2026,401858453,127,23,23,7,2
2026,401858454,194,37,29,5,7
2026,401858454,2309,33,22,2,1
2026,401858456,213,40,27,6,3
2026,401858456,2084,37,26,3,3
2026,401858457,30,30,33,14,18
2026,401858457,164,30,38,3,9
2026,401858458,26,46,33,28,21
2026,401858458,2509,25,33,7,14
2026,401858460,275,30,33,15,19
2026,401858460,2199,28,32,3,14
2026,401858461,77,22,32,9,9
2026,401858461,84,37,31,21,24
2026,401858462,26,38,25,12,11
2026,401858462,120,27,41,9,10
2026,401858463,130,39,29,30,21
2026,401858463,2294,22,36,15,11
2026,401858464,127,26,34,9,9
2026,401858464,158,40,27,13,10
2026,401858465,194,29,35,15,20
2026,401858465,356,30,40,3,10
2026,401858466,213,34,31,20,13
2026,401858466,275,26,39,6,4
2026,401858467,87,31,26,6,6
2026,401858467,2509,25,43,10,11
2026,401858469,30,30,44,15,16
2026,401858469,2483,32,35,19,23
2026,401858470,135,32,30,13,14
2026,401858470,264,20,34,2,5
2026,401858472,356,26,39,11,10
2026,401858472,2509,31,27,22,19
2026,401858473,194,41,31,12,14
2026,401858473,2294,18,34,11,19
2026,401858474,130,25,24,14,10
2026,401858474,135,38,25,28,20
2026,401858475,120,24,45,13,24
2026,401858475,158,33,41,16,23
2026,401858476,77,51,15,12,8
2026,401858476,213,21,42,2,2
2026,401858477,84,37,28,3,11
2026,401858477,164,31,24,6,4
2026,401858478,30,32,35,17,19
2026,401858478,264,26,31,17,18
2026,401858479,127,43,35,7,3
2026,401858479,275,42,20,13,5
2026,401859184,87,32,33,1,2
2026,401859184,242,32,13,4,2
2026,401860878,36,31,34,14,18
2026,401860878,2751,32,21,25,18
2026,401860881,68,45,28,23,20
2026,401860881,235,24,27,13,7
2026,401860883,16,33,33,7,10
2026,401860883,278,33,29,9,11
2026,401860884,326,49,29,34,21
2026,401860884,2636,31,42,20,26
2026,401860887,21,41,35,6,3
2026,401860887,256,39,30,10,9
2026,401860888,23,27,43,18,10
2026,401860888,278,35,30,16,18
2026,401860889,249,29,55,17,27
2026,401860889,326,48,21,26,17
2026,401860891,242,43,19,27,9
2026,401860891,278,31,34,20,26
2026,401860893,21,28,40,11,14
2026,401860893,2649,46,22,24,14
2026,401860894,328,27,30,18,18
2026,401860894,2653,32,50,22,21
2026,401860895,204,22,34,5,8
2026,401860895,2638,34,31,2,1
2026,401860896,36,31,47,6,7
2026,401860896,2636,37,31,11,15
2026,401860897,68,40,23,18,13
2026,401860897,2711,21,30,6,6
2026,401860898,68,40,22,9,9
2026,401860898,328,26,31,3,6
2026,401860899,36,32,33,13,6
2026,401860899,204,40,37,19,16
2026,401860900,21,28,22,11,9
2026,401860900,326,55,46,31,21
2026,401860921,265,19,39,14,14
2026,401860921,278,33,34,23,28
2026,401861963,41,41,28,9,7
2026,401861963,2572,26,51,2,2
2026,401861970,41,27,33,18,11
2026,401861970,193,27,33,6,18
2026,401862693,235,32,27,22,21
2026,401862693,2439,34,43,23,27
2026,401862695,235,46,16,26,9
2026,401862695,2032,25,33,15,12
2026,401862699,58,37,19,24,14
2026,401862699,2229,24,51,18,32
2026,401862702,58,23,30,18,14
2026,401862702,349,50,12,34,6
2026,401862703,2226,38,37,11,21
2026,401862703,2426,34,23,12,7
2026,401862705,249,36,30,3,11
2026,401862705,2439,35,36,5,5
2026,401862707,202,33,37,26,29
2026,401862707,2534,25,38,9,16
2026,401862708,5,48,19,22,10
2026,401862708,2433,41,21,32,9
2026,401862710,151,42,21,21,12
2026,401862710,295,43,20,35,16
2026,401862771,2226,28,39,18,26
2026,401862771,2229,34,44,8,14
2026,401862773,242,43,19,30,7
2026,401862773,2711,39,22,26,14
2026,401862774,218,47,25,31,14
2026,401862774,2649,25,50,15,14
2026,401862776,5,27,29,6,7
2026,401862776,309,50,21,25,7
2026,401862778,5,29,24,20,17
2026,401862778,2426,52,19,35,6
2026,401862779,218,31,21,20,9
2026,401862779,349,54,6,37,6
2026,401862780,309,45,32,23,16
2026,401862780,2429,14,31,6,11
2026,401862782,2226,45,42,21,22
2026,401862782,2433,22,32,7,11
2026,401862784,2572,30,34,17,24
2026,401862784,2655,43,32,30,22
2026,401862785,58,33,16,21,10
2026,401862785,189,30,31,22,17
2026,401862786,202,36,44,17,17
2026,401862786,249,43,40,25,19
2026,401862787,235,53,31,8,6
2026,401862787,2429,22,18,2,4
2026,401862788,242,43,17,16,5
2026,401862788,2636,39,30,16,14
2026,401862791,2005,58,13,30,7
2026,401862791,2426,29,19,20,7
2026,401862792,58,32,33,23,22
2026,401862792,218,34,16,20,11
2026,401864432,98,39,43,7,8
2026,401864432,2440,40,16,12,9
2026,401864443,2393,35,30,20,21
2026,401864443,2440,31,27,26,19
2026,401864494,23,23,33,2,4
2026,401864494,30,37,38,18,9
2026,401864495,23,32,41,19,26
2026,401864495,2199,25,43,22,23
2026,401864497,62,28,48,13,18
2026,401864497,2439,41,19,22,12
2026,401864498,167,41,27,15,11
2026,401864498,2117,29,19,3,3
2026,401864502,2005,50,16,3,0
2026,401864502,2449,35,23,18,12
2026,401864507,16,25,40,1,2
2026,401864507,2449,33,25,1,4
2026,401864508,2117,57,7,22,3
2026,401864508,2751,26,31,7,5
2026,401864509,2005,68,13,43,5
2026,401864509,2440,31,35,19,20
2026,401864510,62,20,47,6,11
2026,401864510,2751,34,26,16,16
2026,401864511,2247,34,22,18,14
2026,401864511,2459,23,48,15,25
2026,401864512,2006,29,30,20,15
2026,401864512,2439,33,29,13,18
2026,401864513,23,32,30,18,19
2026,401864513,62,22,37,9,13
2026,401864514,167,41,24,14,7
2026,401864514,2638,31,22,4,4
2026,401864515,2449,43,27,13,8
2026,401864515,2751,32,17,9,7
2026,401864570,52,35,28,24,16
2026,401864570,166,20,44,7,15
2026,401864571,151,32,39,15,12
2026,401864571,2026,41,30,23,17
2026,401864572,152,42,33,13,9
2026,401864572,2026,21,39,5,4
2026,401864574,2026,30,43,20,22
2026,401864574,2429,24,35,14,13
2026,401864575,6,39,33,26,24
2026,401864575,2655,25,23,16,16
2026,401864576,6,29,46,13,14
2026,401864576,96,40,28,22,20
2026,401864577,55,26,26,11,9
2026,401864577,2449,41,25,15,15
2026,401864578,62,26,48,11,21
2026,401864578,166,28,36,10,12
2026,401864579,166,27,42,5,4
2026,401864579,167,44,19,10,7
2026,401866408,16,14,47,6,15
2026,401866408,2199,25,40,10,19
2026,401866414,2084,23,45,6,8
2026,401866414,2229,42,38,5,9
2026,401866418,55,44,26,22,19
2026,401866418,195,44,21,8,6
2026,401866422,2050,30,24,7,10
2026,401866422,2335,38,25,13,11
2026,401866423,6,50,19,17,7
2026,401866423,195,23,34,8,9
2026,401866425,2050,25,29,10,4
2026,401866425,2309,40,25,14,10
2026,401866429,16,30,47,10,8
2026,401866429,113,36,17,13,11
2026,401866430,2006,33,34,13,14
2026,401866430,2117,43,17,19,12
2026,401866431,2050,25,35,17,22
2026,401866431,2649,49,35,32,24
2026,401866432,2084,42,23,26,11
2026,401866432,2711,35,26,20,17
2026,401866433,113,25,27,11,10
2026,401866433,2199,37,29,19,17
2026,401866434,195,37,15,25,14
2026,401866434,2309,27,38,18,22
2026,401866477,189,21,36,15,16
2026,401866477,193,28,30,21,16
2026,401867796,99,37,46,18,9
2026,401867796,2348,24,31,8,8
2026,401867804,239,40,26,17,7
2026,401867804,2348,33,44,11,7
2026,401869842,349,44,25,25,6
2026,401869842,2348,31,24,20,14
2026,401869931,338,37,25,27,17
2026,401869931,2032,29,31,18,24
2026,401869932,309,42,21,25,13
2026,401869932,2032,23,31,17,20
2026,401869940,48,27,34,16,26
2026,401869940,324,31,30,17,20
2026,401869941,324,27,36,18,22
2026,401869941,2335,40,21,28,17
2026,401869942,290,25,30,12,18
2026,401869942,324,30,36,15,10
2026,401869948,55,23,24,5,1
2026,401869948,290,38,34,21,21
2026,401869955,338,20,36,5,3
2026,401869955,2247,43,23,15,10
2026,401869956,295,28,35,10,6
2026,401869956,2247,43,24,4,8
2026,401869960,256,31,19,17,7
2026,401869960,2335,37,29,18,8
2026,401869961,256,34,42,6,10
2026,401869961,295,19,47,3,5
2026,401869962,256,35,31,10,10
2026,401869962,276,27,53,10,18
2026,401870763,2534,20,50,13,33
2026,401870763,2653,37,28,24,21
2026,401871045,276,34,23,22,12
2026,401871045,2393,21,48,18,29
2026,401871047,276,41,26,25,20
2026,401871047,2623,35,29,14,11
2026,401871048,55,38,28,25,23
2026,401871048,2393,25,31,14,13
2026,401871049,98,24,48,12,14
2026,401871049,166,31,27,9,10
2026,401871050,48,24,36,7,5
2026,401871050,2335,45,27,19,8
2026,401871089,6,44,20,7,3
2026,401871089,2433,26,42,1,1
